attempt_id,student_id,question_id,topic,difficulty,timestamp,selected_option,is_correct,time_taken_seconds
A000193,S003,Q0057,AI_Basics,1.0,,a,1,17.0
A002127,S026,Q0085,CNN,5.0,,a,0,69.0
A001018,S012,Q0087,CNN,1.0,,b,1,25.0
A002749,S033,Q0127,NLP,3.0,,b,1,34.0
A001068,S013,Q0096,CNN,3.0,,d,0,49.0
A001105,S013,Q0126,NLP,2.0,,c,0,41.0
A003049,S037,Q0051,AI_Basics,3.0,,b,1,35.0
A001221,S015,Q0060,AI_Basics,1.0,,b,1,23.0
A002995,S036,Q0073,Neural_Networks,5.0,,c,0,70.0
A001361,S016,Q0079,Neural_Networks,5.0,,c,0,54.0
A001427,S017,Q0011,Math_Basics,1.0,,c,1,14.0
A001961,S024,Q0015,Python,2.0,,b,1,17.0
A001438,S017,Q0124,NLP,2.0,,a,1,19.0
A000239,S003,Q0102,RNN,2.0,,a,1,45.0
A000052,S001,Q0043,Statistics,4.0,,d,0,41.0
A001927,S023,Q0075,Neural_Networks,5.0,,b,1,52.0
A001875,S023,Q0080,Neural_Networks,2.0,,a,1,30.0
A001500,S018,Q0012,Math_Basics,4.0,,b,0,59.0
A002923,S035,Q0128,NLP,1.0,,d,0,36.0
A003349,S040,Q0041,Statistics,4.0,,b,1,23.0
A003365,S040,Q0127,NLP,3.0,,b,1,30.0
A002833,S034,Q0091,CNN,2.0,,b,1,36.0
A003206,S039,Q0069,ML,5.0,,b,0,59.0
A000140,S002,Q0013,Python,2.0,,b,1,39.0
A002171,S026,Q0061,ML,3.0,,b,1,33.0
A002685,S032,Q0130,NLP,2.0,,b,0,44.0
A000950,S011,Q0100,RNN,3.0,,b,1,42.0
A002439,S029,Q0029,Data_Structures,1.0,,b,1,24.0
A000950,S011,Q0100,RNN,3.0,,b,1,42.0
A003237,S039,Q0017,Python,2.0,,b,1,33.0
A000555,S007,Q0100,RNN,3.0,,b,1,50.0
A000479,S006,Q0130,NLP,2.0,,a,1,34.0
A003206,S039,Q0069,ML,5.0,,c,0,59.0
A000568,S007,Q0125,NLP,1.0,,d,0,29.0
A002596,S031,Q0125,NLP,1.0,,a,1,24.0
A000140,S002,Q0013,Python,2.0,,b,1,39.0
A000411,S005,Q0098,RNN,4.0,,d,0,60.0
A000322,S004,Q0107,RNN,1.0,,a,1,14.0
A001796,S022,Q0049,AI_Basics,4.0,2026-08-28 03:24:57,a,1,22.0
A000003,S001,Q0104,RNN,2.0,2026-08-28 03:27:57,b,1,42.0
A001710,S021,Q0108,RNN,5.0,2026-08-28 03:28:57,b,1,37.0
A002035,S025,Q0063,ML,2.0,2026-08-28 03:53:57,d,0,33.0
A002372,S029,Q0013,Python,2.0,2026-08-28 03:58:57,b,1,28.0
A000416,S006,Q0057,AI_Basics,1.0,2026-08-28 03:59:57,a,1,23.0
A003105,S038,Q0014,Python,3.0,2026-08-28 04:02:57,a,1,50.0
A001449,S018,Q0100,RNN,3.0,2026-08-28 04:03:57,d,0,53.0
A001955,S024,Q0075,Neural_Networks,5.0,2026-08-28 04:14:57,d,0,38.0
A002938,S036,Q0008,Math_Basics,5.0,2026-08-28 04:34:57,c,0,77.0
A000693,S009,Q0001,Math_Basics,5.0,2026-08-28 04:57:57,a,0,72.0
A002038,S025,Q0111,LSTM,1.0,2026-08-28 05:21:57,a,1,18.0
A002371,S029,Q0007,Math_Basics,5.0,2026-08-28 05:21:57,d,0,48.0
A002459,S030,Q0101,RNN,1.0,2026-08-28 05:25:57,b,1,17.0
A003101,S038,Q0117,LSTM,5.0,2026-08-28 05:33:57,c,0,65.0
A002374,S029,Q0110,LSTM,2.0,2026-08-28 05:48:57,a,1,39.0
A002528,S031,Q0024,Python,1.0,2026-08-28 05:52:57,b,0,16.0
A000522,S007,Q0076,Neural_Networks,2.0,2026-08-28 05:58:57,c,0,37.0
A001537,S019,Q0054,AI_Basics,4.0,2026-08-28 06:12:57,a,0,47.0
A000342,S005,Q0012,Math_Basics,4.0,2026-08-28 06:22:57,d,0,45.0
A001791,S022,Q0106,RNN,5.0,2026-08-28 06:25:57,d,0,39.0
A001630,S020,Q0076,Neural_Networks,2.0,2026-08-28 06:30:57,b,1,29.0
A001797,S022,Q0116,LSTM,1.0,2026-08-28 06:38:57,b,1,22.0
A000696,S009,Q0129,NLP,1.0,2026-08-28 06:44:57,b,1,34.0
A002855,S035,Q0026,Data_Structures,2.0,2026-08-28 06:45:57,c,0,42.0
A003103,S038,Q0013,Python,2.0,2026-08-28 06:50:57,c,0,46.0
A000004,S001,Q0003,Math_Basics,1.0,2026-08-28 07:02:57,b,1,17.0
A000870,S011,Q0084,Neural_Networks,1.0,2026-08-28 07:03:57,b,1,28.0
A001951,S024,Q0056,AI_Basics,1.0,2026-08-28 07:07:57,b,1,
A000260,S004,Q0083,Neural_Networks,4.0,2026-08-28 07:09:57,d,0,63.0
A000177,S003,Q0093,CNN,4.0,2026-08-28 07:15:57,c,0,56.0
A001629,S020,Q0114,LSTM,2.0,2026-08-28 07:38:57,c,1,38.0
A001044,S013,Q0035,Data_Structures,4.0,2026-08-28 07:41:57,b,0,57.0
A002613,S032,Q0073,Neural_Networks,5.0,2026-08-28 07:46:57,c,0,67.0
A000093,S002,Q0122,NLP,5.0,2026-08-28 08:17:57,a,0,58.0
A001706,S021,Q0097,RNN,2.0,2026-08-28 08:20:57,b,1,36.0
A000176,S003,Q0046,Statistics,3.0,2026-08-28 08:23:57,a,0,33.0
A002278,S028,Q0090,CNN,1.0,2026-08-28 08:36:57,a,1,19.0
A001451,S018,Q0010,Math_Basics,2.0,2026-08-28 08:45:57,c,0,33.0
A003024,S037,Q0079,Neural_Networks,5.0,2026-08-28 08:49:57,d,0,66.0
A001452,S018,Q0028,Data_Structures,5.0,2026-08-28 09:22:57,a,0,56.0
A001299,S016,Q0027,Data_Structures,2.0,2026-08-28 09:27:57,b,1,41.0
A000964,S012,Q0084,Neural_Networks,1.0,2026-08-28 09:32:57,b,1,23.0
A001043,S013,Q0013,Python,2.0,2026-08-28 09:43:57,d,0,46.0
A002779,S034,Q0078,Neural_Networks,3.0,2026-08-28 09:57:57,d,0,37.0
A001042,S013,Q0025,Data_Structures,4.0,2026-08-28 09:58:57,a,0,59.0
A000780,S010,Q0048,Statistics,4.0,2026-08-28 10:02:57,c,0,53.0
A000343,S005,Q0052,AI_Basics,3.0,2026-08-28 10:10:57,a,0,46.0
A000417,S006,Q0061,ML,3.0,2026-08-28 10:10:57,b,1,35.0
A002616,S032,Q0069,ML,5.0,2026-08-28 10:25:57,d,0,55.0
A000965,S012,Q0127,NLP,3.0,2026-08-28 10:46:57,b,1,42.0
A002041,S025,Q0090,CNN,1.0,2026-08-28 10:50:57,a,1,24.0
A000874,S011,Q0069,ML,5.0,2026-08-28 10:50:57,a,1,62.0
A000698,S009,Q0044,Statistics,3.0,2026-08-28 10:51:57,c,1,44.0
A002373,S029,Q0022,Python,4.0,2026-08-28 10:55:57,a,1,41.0
A001532,S019,Q0019,Python,5.0,2026-08-28 11:10:57,d,0,57.0
A001627,S020,Q0073,Neural_Networks,5.0,2026-08-28 11:11:57,a,1,36.0
A001298,S016,Q0063,ML,2.0,2026-08-28 11:17:57,b,1,21.0
A003187,S039,Q0019,Python,5.0,2026-08-28 11:44:57,c,0,71.0
A002456,S030,Q0124,NLP,2.0,2026-08-28 12:01:57,a,1,20.0
A001222,S015,Q0079,Neural_Networks,5.0,2026-08-28 12:06:57,a,0,47.0
A003189,S039,Q0120,LSTM,5.0,2026-08-28 12:15:57,d,0,62.0
A000873,S011,Q0070,ML,5.0,2026-08-28 12:19:57,b,1,59.0
A002280,S028,Q0123,NLP,3.0,2026-08-28 12:25:57,c,0,33.0
A000262,S004,Q0019,Python,5.0,2026-08-28 12:27:57,d,0,58.0
A001041,S013,Q0120,LSTM,5.0,2026-08-28 12:37:57,d,0,62.0
A001865,S023,Q0091,CNN,2.0,2026-08-28 12:41:57,d,0,36.0
A000341,S005,Q0037,Statistics,4.0,2026-08-28 12:41:57,d,0,56.0
A000259,S004,Q0103,RNN,3.0,2026-08-28 12:46:57,b,1,37.0
A000173,S003,Q0118,LSTM,4.0,2026-08-28 12:48:57,a,0,60.0
A001868,S023,Q0052,AI_Basics,3.0,2026-08-28 13:05:57,b,1,39.0
A000258,S004,Q0129,NLP,1.0,2026-08-28 13:09:57,c,0,23.0
A000606,S008,Q0016,Python,3.0,2026-08-28 13:20:57,a,1,-5.0
A001628,S020,Q0009,Math_Basics,2.0,2026-08-28 13:35:57,a,1,18.0
A000175,S003,Q0088,CNN,2.0,2026-08-28 13:40:57,c,0,46.0
A001863,S023,Q0132,NLP,3.0,2026-08-28 13:41:57,c,0,44.0
A001862,S023,Q0045,Statistics,1.0,2026-08-28 13:44:57,b,1,32.0
A001377,S017,Q0040,Statistics,3.0,2026-08-28 13:45:57,b,1,28.0
A001861,S023,Q0011,Math_Basics,1.0,2026-08-28 13:48:57,c,1,18.0
A000869,S011,Q0070,ML,5.0,2026-08-28 13:52:57,a,0,49.0
A002368,S029,Q0127,NLP,3.0,2026-08-28 14:02:57,c,0,57.0
A002457,S030,Q0034,Data_Structures,3.0,2026-08-28 14:31:57,b,1,41.0
A001376,S017,Q0025,Data_Structures,4.0,2026-08-28 14:39:57,c,1,14.0
A000524,S007,Q0129,NLP,1.0,2026-08-28 14:39:57,a,0,34.0
A002370,S029,Q0076,Neural_Networks,2.0,2026-08-28 14:49:57,b,1,36.0
A001708,S021,Q0123,NLP,3.0,2026-08-28 14:55:57,a,1,29.0
A002705,S033,Q0069,ML,5.0,2026-08-28 15:00:57,d,0,51.0
A002037,S025,Q0093,CNN,4.0,2026-08-28 15:14:57,d,0,52.0
A001626,S020,Q0080,Neural_Networks,2.0,2026-08-28 15:20:57,a,1,18.0
A003106,S038,Q0058,AI_Basics,5.0,2026-08-28 15:20:57,d,0,59.0
A002033,S025,Q0012,Math_Basics,4.0,2026-08-28 15:31:57,a,1,19.0
A000255,S004,Q0103,RNN,3.0,2026-08-28 15:38:57,b,1,32.0
A000005,S001,Q0122,NLP,5.0,2026-08-28 15:44:57,d,0,62.0
A001705,S021,Q0106,RNN,5.0,2026-08-28 15:45:57,c,0,58.0
A002281,S028,Q0114,LSTM,2.0,2026-08-28 15:46:57,c,1,21.0
A001450,S018,Q0011,Math_Basics,1.0,2026-08-28 15:53:57,c,1,21.0
A001536,S019,Q0112,LSTM,3.0,2026-08-28 16:01:57,a,1,37.0
A002614,S032,Q0104,RNN,2.0,2026-08-28 16:12:57,b,1,38.0
A002279,S028,Q0039,Statistics,3.0,2026-08-28 16:14:57,b,1,27.0
A000094,S002,Q0062,ML,2.0,2026-08-28 16:19:57,a,1,31.0
A001535,S019,Q0081,Neural_Networks,5.0,2026-08-28 16:20:57,b,1,44.0
A001950,S024,Q0131,NLP,1.0,2026-08-28 16:36:57,a,1,14.0
A000695,S009,Q0033,Data_Structures,2.0,2026-08-28 16:37:57,d,0,41.0
A001949,S024,Q0115,LSTM,4.0,2026-08-28 16:38:57,a,1,32.0
A000872,S011,Q0023,Python,4.0,2026-08-28 16:40:57,b,1,41.0
A003104,S038,Q0121,NLP,3.0,2026-08-28 16:47:57,c,0,60.0
A000174,S003,Q0103,RNN,3.0,2026-08-28 16:48:57,a,0,49.0
A001218,S015,Q0002,Math_Basics,4.0,2026-08-28 16:52:57,c,1,43.0
A002107,S026,Q0042,Statistics,5.0,2026-08-28 17:03:57,b,1,36.0
A003026,S037,Q0076,Neural_Networks,2.0,2026-08-28 17:06:57,d,0,33.0
A001297,S016,Q0072,ML,5.0,2026-08-28 17:06:57,c,0,67.0
A001709,S021,Q0044,Statistics,3.0,2026-08-28 17:13:57,c,1,32.0
A002780,S034,Q0040,Statistics,3.0,2026-08-28 17:13:57,a,0,32.0
A001455,S018,Q0102,RNN,2.0,2026-08-28 17:14:57,c,0,50.0
A000261,S004,Q0091,CNN,2.0,2026-08-28 17:14:57,d,0,38.0
A001792,S022,Q0095,CNN,5.0,2026-08-28 17:20:57,b,1,34.0
A000605,S008,Q0008,Math_Basics,5.0,2026-08-28 17:22:57,b,0,69.0
A002615,S032,Q0024,Python,1.0,2026-08-28 17:28:57,c,1,9.0
A001447,S018,Q0105,RNN,4.0,2026-08-28 17:35:57,c,0,63.0
A000418,S006,Q0081,Neural_Networks,5.0,2026-08-28 17:37:57,b,1,45.0
A001867,S023,Q0083,Neural_Networks,4.0,2026-08-28 17:39:57,b,1,44.0
A000420,S006,Q0028,Data_Structures,5.0,2026-08-28 17:49:57,b,1,32.0
A003023,S037,Q0122,NLP,5.0,2026-08-28 17:51:57,a,0,76.0
A002366,S029,Q0065,ML,1.0,2026-08-28 17:51:57,d,0,30.0
A000002,S001,Q0078,Neural_Networks,3.0,2026-08-28 18:01:57,b,1,38.0
A003102,S038,Q0067,ML,3.0,2026-08-28 18:05:57,c,0,46.0
A002199,S027,Q0127,NLP,3.0,2026-08-28 18:08:57,b,1,34.0
A001953,S024,Q0063,ML,2.0,2026-08-28 18:16:57,b,1,
A001219,S015,Q0107,RNN,1.0,2026-08-28 18:23:57,a,1,7.0
A001453,S018,Q0090,CNN,1.0,2026-08-28 18:31:57,a,1,25.0
A002531,S031,Q0024,Python,1.0,2026-08-28 18:38:57,c,1,30.0
A000697,S009,Q0079,Neural_Networks,5.0,2026-08-28 18:39:57,a,0,67.0
A000414,S006,Q0024,Python,1.0,2026-08-28 18:39:57,c,1,18.0
A002198,S027,Q0086,CNN,2.0,2026-08-28 18:40:57,b,1,14.0
A002040,S025,Q0067,ML,3.0,2026-08-28 18:53:57,b,1,36.0
A002781,S034,Q0079,Neural_Networks,5.0,2026-08-28 18:54:57,a,0,62.0
A000871,S011,Q0079,Neural_Networks,5.0,2026-08-28 19:06:57,c,0,56.0
A000608,S008,Q0005,Math_Basics,3.0,2026-08-28 19:07:57,d,0,48.0
A002375,S029,Q0051,AI_Basics,3.0,2026-08-28 19:13:57,b,1,33.0
A001790,S022,Q0122,NLP,5.0,2026-08-28 19:14:57,d,0,48.0
A002369,S029,Q0118,LSTM,4.0,2026-08-28 19:41:57,c,0,43.0
A001711,S021,Q0112,LSTM,3.0,2026-08-28 19:42:57,a,1,29.0
A002036,S025,Q0128,NLP,1.0,2026-08-28 19:42:57,b,1,19.0
A003022,S037,Q0098,RNN,4.0,2026-08-28 19:47:57,b,0,57.0
A000338,S005,Q0091,CNN,2.0,2026-08-28 20:10:57,d,0,50.0
A000779,S010,Q0031,Data_Structures,3.0,2026-08-28 20:41:57,c,1,36.0
A000001,S001,Q0043,Statistics,4.0,2026-08-28 20:43:57,c,1,49.0
A002777,S034,Q0042,Statistics,5.0,2026-08-28 21:02:57,c,0,60.0
A000694,S009,Q0110,LSTM,2.0,2026-08-28 21:05:57,d,0,30.0
A002527,S031,Q0121,NLP,3.0,2026-08-28 21:10:57,a,1,30.0
A001625,S020,Q0036,Data_Structures,4.0,2026-08-28 21:15:57,b,1,47.0
A003027,S037,Q0051,AI_Basics,3.0,2026-08-28 21:20:57,b,1,43.0
A002704,S033,Q0067,ML,3.0,2026-08-28 21:20:57,a,0,37.0
A001794,S022,Q0011,Math_Basics,1.0,2026-08-28 21:26:57,c,1,30.0
A002776,S034,Q0019,Python,5.0,2026-08-28 21:26:57,a,0,67.0
A003025,S037,Q0040,Statistics,3.0,2026-08-28 21:27:57,b,1,41.0
A000419,S006,Q0026,Data_Structures,2.0,2026-08-28 21:28:57,a,1,20.0
A001952,S024,Q0029,Data_Structures,1.0,2026-08-28 21:36:57,b,1,25.0
A002939,S036,Q0008,Math_Basics,5.0,2026-08-28 21:44:57,d,0,68.0
A003285,S040,Q0130,NLP,2.0,2026-08-28 21:58:57,a,1,24.0
A002034,S025,Q0079,Neural_Networks,5.0,2026-08-28 22:17:57,d,0,47.0
A003284,S040,Q0015,Python,2.0,2026-08-28 22:21:57,b,1,28.0
A001866,S023,Q0042,Statistics,5.0,2026-08-28 22:24:57,c,0,54.0
A001864,S023,Q0066,ML,2.0,2026-08-28 22:29:57,a,1,35.0
A000415,S006,Q0021,Python,5.0,2026-08-28 22:32:57,d,0,46.0
A001534,S019,Q0091,CNN,2.0,2026-08-28 22:34:57,b,1,34.0
A000691,S009,Q0019,Python,5.0,2026-08-28 22:50:57,d,0,73.0
A002706,S033,Q0008,Math_Basics,5.0,2026-08-28 22:52:57,a,1,35.0
A000875,S011,Q0110,LSTM,2.0,2026-08-28 22:56:57,a,1,29.0
A002530,S031,Q0099,RNN,2.0,2026-08-28 23:02:57,a,1,36.0
A001533,S019,Q0124,NLP,2.0,2026-08-28 23:02:57,a,1,36.0
A000523,S007,Q0040,Statistics,3.0,2026-08-28 23:03:57,c,0,47.0
A001448,S018,Q0035,Data_Structures,4.0,2026-08-28 23:12:57,d,0,55.0
A002108,S026,Q0045,Statistics,1.0,2026-08-28 23:27:57,b,1,12.0
A000521,S007,Q0116,LSTM,1.0,2026-08-28 23:30:57,b,1,40.0
A000340,S005,Q0117,LSTM,5.0,2026-08-28 23:40:57,a,0,76.0
A000781,S010,Q0057,AI_Basics,1.0,2026-08-28 23:40:57,a,1,26.0
A002529,S031,Q0022,Python,4.0,2026-08-28 23:47:57,b,0,36.0
A003107,S038,Q0002,Math_Basics,4.0,2026-08-29 00:01:57,d,0,52.0
A000692,S009,Q0079,Neural_Networks,5.0,2026-08-29 00:03:57,c,0,66.0
A001040,S013,Q0023,Python,4.0,2026-08-29 00:07:57,a,0,61.0
A002367,S029,Q0075,Neural_Networks,5.0,2026-08-29 00:26:57,d,0,74.0
A002039,S025,Q0053,AI_Basics,4.0,2026-08-29 00:40:57,b,1,47.0
A002458,S030,Q0103,RNN,3.0,2026-08-29 00:41:57,b,1,34.0
A002936,S036,Q0067,ML,3.0,2026-08-29 00:42:57,a,0,43.0
A001531,S019,Q0012,Math_Basics,4.0,2026-08-29 00:47:57,d,0,41.0
A002856,S035,Q0127,NLP,3.0,2026-08-29 00:52:57,a,0,61.0
A001296,S016,Q0086,CNN,2.0,2026-08-29 01:05:57,b,1,30.0
A001707,S021,Q0119,LSTM,4.0,2026-08-29 01:14:57,b,1,34.0
A000339,S005,Q0057,AI_Basics,1.0,2026-08-29 01:18:57,d,0,27.0
A000778,S010,Q0094,CNN,5.0,2026-08-29 01:18:57,d,0,76.0
A000337,S005,Q0007,Math_Basics,5.0,2026-08-29 01:21:57,d,0,60.0
A002042,S025,Q0032,Data_Structures,5.0,2026-08-29 01:23:57,b,0,44.0
A001454,S018,Q0112,LSTM,3.0,2026-08-29 01:25:57,c,0,49.0
A001220,S015,Q0030,Data_Structures,2.0,2026-08-29 01:26:57,c,1,24.0
A002618,S032,Q0037,Statistics,4.0,2026-08-29 01:28:57,c,1,71.0
A002703,S033,Q0096,CNN,3.0,2026-08-29 01:50:57,b,1,29.0
A002778,S034,Q0077,Neural_Networks,2.0,2026-08-29 01:50:57,d,0,30.0
A002617,S032,Q0104,RNN,2.0,2026-08-29 01:52:57,a,0,39.0
A002282,S028,Q0027,Data_Structures,2.0,2026-08-29 01:55:57,d,0,35.0
A000777,S010,Q0024,Python,1.0,2026-08-29 01:56:57,b,0,26.0
A000256,S004,Q0034,Data_Structures,3.0,2026-08-29 02:01:57,b,1,40.0
A002937,S036,Q0098,RNN,4.0,2026-08-29 02:03:57,c,0,60.0
A001795,S022,Q0042,Statistics,5.0,2026-08-29 02:12:57,b,1,36.0
A003188,S039,Q0110,LSTM,2.0,2026-08-29 02:24:57,c,0,42.0
A001954,S024,Q0011,Math_Basics,1.0,2026-08-29 02:25:57,c,1,27.0
A001793,S022,Q0031,Data_Structures,3.0,2026-08-29 02:38:57,c,1,34.0
A001631,S020,Q0017,Python,2.0,2026-08-29 03:04:57,b,1,29.0
A000257,S004,Q0024,Python,1.0,2026-08-29 03:08:57,c,1,23.0
A000607,S008,Q0131,NLP,1.0,2026-08-29 03:14:57,a,1,30.0
A002455,S030,Q0042,Statistics,5.0,2026-08-29 03:22:57,b,1,60.0
A000010,S001,Q0108,RNN,5.0,2026-08-29 03:27:57,c,0,71.0
A001870,S023,Q0012,Math_Basics,4.0,2026-08-29 03:31:57,a,1,44.0
A000615,S008,Q0002,Math_Basics,4.0,2026-08-29 03:35:57,a,0,51.0
A002203,S027,Q0032,Data_Structures,5.0,2026-08-29 03:58:57,a,0,51.0
A002619,S032,Q0019,Python,5.0,2026-08-29 04:06:57,a,0,70.0
A000351,S005,Q0033,Data_Structures,2.0,2026-08-29 04:15:57,b,1,48.0
A000265,S004,Q0017,Python,2.0,2026-08-29 04:18:57,b,1,32.0
A002714,S033,Q0057,AI_Basics,1.0,2026-08-29 04:25:57,a,1,24.0
A000877,S011,Q0028,Data_Structures,5.0,2026-08-29 04:32:57,b,1,55.0
A003032,S037,Q0017,Python,2.0,2026-08-29 04:41:57,b,1,27.0
A003193,S039,Q0002,Math_Basics,4.0,2026-08-29 04:44:57,a,0,72.0
A000969,S012,Q0068,ML,2.0,2026-08-29 04:54:57,b,1,28.0
A002940,S036,Q0054,AI_Basics,4.0,2026-08-29 04:59:57,c,0,62.0
A003109,S038,Q0070,ML,5.0,2026-08-29 05:19:57,d,0,56.0
A001456,S018,Q0030,Data_Structures,2.0,2026-08-29 05:19:57,c,1,33.0
A000349,S005,Q0009,Math_Basics,2.0,2026-08-29 05:21:57,a,1,26.0
A001957,S024,Q0018,Python,1.0,2026-08-29 05:23:57,b,1,21.0
A002783,S034,Q0073,Neural_Networks,5.0,2026-08-29 05:39:57,c,0,61.0
A002715,S033,Q0123,NLP,3.0,2026-08-29 05:44:57,c,0,37.0
A003108,S038,Q0121,NLP,3.0,2026-08-29 05:49:57,d,0,44.0
A002290,S028,Q0132,NLP,3.0,2026-08-29 05:53:57,c,0,30.0
A000346,S005,Q0007,Math_Basics,5.0,2026-08-29 05:59:57,a,0,53.0
A002284,S028,Q0011,Math_Basics,1.0,2026-08-29 06:03:57,c,1,20.0
A001869,S023,Q0033,Data_Structures,2.0,2026-08-29 06:03:57,d,0,31.0
A002376,S029,Q0066,ML,2.0,2026-08-29 06:09:57,a,1,29.0
A000096,S002,Q0062,ML,2.0,2026-08-29 06:17:57,a,1,42.0
A000880,S011,Q0122,NLP,5.0,2026-08-29 06:23:57,c,0,53.0
A001460,S018,Q0073,Neural_Networks,5.0,2026-08-29 06:30:57,c,0,83.0
A002285,S028,Q0069,ML,5.0,2026-08-29 06:42:57,c,0,60.0
A000266,S004,Q0003,Math_Basics,1.0,2026-08-29 06:54:57,b,1,8.0
A001045,S013,Q0094,CNN,5.0,2026-08-29 07:05:57,c,0,75.0
A003034,S037,Q0040,Statistics,3.0,2026-08-29 07:07:57,b,1,44.0
A000525,S007,Q0096,CNN,3.0,2026-08-29 07:22:57,a,0,48.0
A003033,S037,Q0057,AI_Basics,1.0,2026-08-29 07:24:57,a,1,24.0
A000881,S011,Q0052,AI_Basics,3.0,2026-08-29 07:28:57,b,1,36.0
A001050,S013,Q0088,CNN,2.0,2026-08-29 07:32:57,c,0,34.0
A003196,S039,Q0054,AI_Basics,4.0,2026-08-29 07:36:57,d,0,53.0
A000183,S003,Q0063,ML,2.0,2026-08-29 07:36:57,b,1,29.0
A000421,S006,Q0022,Python,4.0,2026-08-29 07:38:57,b,0,41.0
A003197,S039,Q0117,LSTM,5.0,2026-08-29 07:40:57,c,0,70.0
A001959,S024,Q0064,ML,1.0,2026-08-29 07:47:57,a,1,14.0
A000609,S008,Q0009,Math_Basics,2.0,2026-08-29 07:49:57,b,0,29.0
A000348,S005,Q0001,Math_Basics,5.0,2026-08-29 07:53:57,b,0,56.0
A002944,S036,Q0101,RNN,1.0,2026-08-29 07:56:57,c,0,-5.0
A002109,S026,Q0019,Python,5.0,2026-08-29 08:01:57,b,1,-5.0
A000617,S008,Q0093,CNN,4.0,2026-08-29 08:05:57,d,0,65.0
A002287,S028,Q0126,NLP,2.0,2026-08-29 08:11:57,b,1,19.0
A001800,S022,Q0020,Python,2.0,2026-08-29 08:14:57,c,1,22.0
A002286,S028,Q0082,Neural_Networks,2.0,2026-08-29 08:26:57,b,1,22.0
A002535,S031,Q0019,Python,5.0,2026-08-29 08:31:57,a,0,59.0
A000424,S006,Q0103,RNN,3.0,2026-08-29 08:33:57,b,1,
A002201,S027,Q0010,Math_Basics,2.0,2026-08-29 08:34:57,b,1,28.0
A001715,S021,Q0042,Statistics,5.0,2026-08-29 08:34:57,b,1,49.0
A001306,S016,Q0128,NLP,1.0,2026-08-29 08:35:57,b,1,19.0
A000007,S001,Q0121,NLP,3.0,2026-08-29 08:36:57,b,0,37.0
A003289,S040,Q0035,Data_Structures,4.0,2026-08-29 08:36:57,c,1,33.0
A002858,S035,Q0073,Neural_Networks,5.0,2026-08-29 08:42:57,c,0,76.0
A002707,S033,Q0034,Data_Structures,3.0,2026-08-29 09:04:57,d,0,51.0
A000611,S008,Q0008,Math_Basics,5.0,2026-08-29 09:21:57,d,0,66.0
A001543,S019,Q0066,ML,2.0,2026-08-29 09:23:57,a,1,22.0
A002381,S029,Q0102,RNN,2.0,2026-08-29 09:30:57,b,0,31.0
A001714,S021,Q0129,NLP,1.0,2026-08-29 09:31:57,b,1,13.0
A001302,S016,Q0107,RNN,1.0,2026-08-29 09:35:57,a,1,11.0
A001379,S017,Q0087,CNN,1.0,2026-08-29 09:37:57,b,1,
A001798,S022,Q0060,AI_Basics,1.0,2026-08-29 09:43:57,b,1,5.0
A002709,S033,Q0050,AI_Basics,3.0,2026-08-29 09:47:57,b,1,53.0
A003194,S039,Q0094,CNN,5.0,2026-08-29 09:48:57,b,0,49.0
A001541,S019,Q0072,ML,5.0,2026-08-29 09:50:57,a,1,50.0
A000180,S003,Q0004,Math_Basics,2.0,2026-08-29 10:19:57,b,1,23.0
A001633,S020,Q0034,Data_Structures,3.0,2026-08-29 10:23:57,b,1,44.0
A000616,S008,Q0082,Neural_Networks,2.0,2026-08-29 10:57:57,d,0,38.0
A000182,S003,Q0053,AI_Basics,4.0,2026-08-29 11:09:57,b,1,57.0
A001224,S015,Q0090,CNN,1.0,2026-08-29 11:11:57,a,1,12.0
A000428,S006,Q0003,Math_Basics,1.0,2026-08-29 11:13:57,b,1,19.0
A000178,S003,Q0020,Python,2.0,2026-08-29 11:26:57,c,1,45.0
A002534,S031,Q0054,AI_Basics,4.0,2026-08-29 11:29:57,b,1,32.0
A003287,S040,Q0086,CNN,2.0,2026-08-29 11:33:57,b,1,13.0
A000425,S006,Q0051,AI_Basics,3.0,2026-08-29 11:34:57,b,1,29.0
A000006,S001,Q0122,NLP,5.0,2026-08-29 11:39:57,a,0,70.0
A001542,S019,Q0005,Math_Basics,3.0,2026-08-29 11:48:57,a,1,38.0
A002460,S030,Q0066,ML,2.0,2026-08-29 11:58:57,a,1,
A002460,S030,Q0066,ML,2.0,2026-08-29 11:58:57,a,1,
A001049,S013,Q0071,ML,3.0,2026-08-29 12:01:57,d,0,44.0
A001048,S013,Q0102,RNN,2.0,2026-08-29 12:05:57,b,0,38.0
A002621,S032,Q0065,ML,1.0,2026-08-29 12:09:57,b,1,28.0
A001223,S015,Q0029,Data_Structures,1.0,2026-08-29 12:11:57,b,1,24.0
A002782,S034,Q0027,Data_Structures,2.0,2026-08-29 12:13:57,b,1,34.0
A001123,S014,Q0105,RNN,4.0,2026-08-29 12:16:57,d,0,54.0
A003190,S039,Q0030,Data_Structures,2.0,2026-08-29 12:17:57,a,0,33.0
A000788,S010,Q0066,ML,2.0,2026-08-29 12:34:57,a,1,49.0
A002713,S033,Q0054,AI_Basics,4.0,2026-08-29 12:39:57,c,0,
A001053,S013,Q0131,NLP,1.0,2026-08-29 12:47:57,a,1,51.0
A003191,S039,Q0035,Data_Structures,4.0,2026-08-29 12:48:57,b,0,58.0
A002378,S029,Q0014,Python,3.0,2026-08-29 12:51:57,a,1,26.0
A000782,S010,Q0026,Data_Structures,2.0,2026-08-29 12:58:57,a,1,35.0
A000179,S003,Q0052,AI_Basics,3.0,2026-08-29 13:05:57,b,1,38.0
A002860,S035,Q0045,Statistics,1.0,2026-08-29 13:06:57,b,1,28.0
A002046,S025,Q0015,Python,2.0,2026-08-29 13:55:57,b,1,22.0
A000422,S006,Q0102,RNN,2.0,2026-08-29 13:56:57,a,1,29.0
A000529,S007,Q0094,CNN,5.0,2026-08-29 13:59:57,b,0,60.0
A001304,S016,Q0054,AI_Basics,4.0,2026-08-29 14:07:57,b,1,39.0
A003030,S037,Q0075,Neural_Networks,5.0,2026-08-29 14:09:57,c,0,56.0
A000784,S010,Q0113,LSTM,5.0,2026-08-29 14:12:57,c,0,60.0
A002461,S030,Q0111,LSTM,1.0,2026-08-29 14:20:57,a,1,32.0
A002532,S031,Q0085,CNN,5.0,2026-08-29 14:36:57,b,1,40.0
A000966,S012,Q0102,RNN,2.0,2026-08-29 14:37:57,a,1,19.0
A003192,S039,Q0067,ML,3.0,2026-08-29 14:45:57,d,0,48.0
A002712,S033,Q0037,Statistics,4.0,2026-08-29 14:46:57,c,1,43.0
A002288,S028,Q0087,CNN,1.0,2026-08-29 14:47:57,b,1,18.0
A001457,S018,Q0091,CNN,2.0,2026-08-29 14:47:57,d,0,41.0
A002462,S030,Q0093,CNN,4.0,2026-08-29 14:52:57,b,1,63.0
A001871,S023,Q0011,Math_Basics,1.0,2026-08-29 14:54:57,c,1,25.0
A000787,S010,Q0028,Data_Structures,5.0,2026-08-29 14:55:57,c,0,59.0
A000099,S002,Q0100,RNN,3.0,2026-08-29 15:01:57,b,1,23.0
A000097,S002,Q0088,CNN,2.0,2026-08-29 15:12:57,b,1,21.0
A000008,S001,Q0038,Statistics,2.0,2026-08-29 15:17:57,b,1,26.0
A003288,S040,Q0105,RNN,4.0,2026-08-29 15:21:57,b,1,42.0
A000612,S008,Q0045,Statistics,1.0,2026-08-29 15:35:57,c,0,40.0
A003286,S040,Q0007,Math_Basics,5.0,2026-08-29 15:44:57,b,0,53.0
A001225,S015,Q0027,Data_Structures,2.0,2026-08-29 15:44:57,b,1,35.0
A000968,S012,Q0004,Math_Basics,2.0,2026-08-29 15:47:57,b,1,21.0
A002622,S032,Q0032,Data_Structures,5.0,2026-08-29 15:47:57,b,0,59.0
A000878,S011,Q0090,CNN,1.0,2026-08-29 15:55:57,a,1,29.0
A000528,S007,Q0123,NLP,3.0,2026-08-29 15:55:57,d,0,47.0
A001872,S023,Q0126,NLP,2.0,2026-08-29 15:58:57,b,1,40.0
A000614,S008,Q0014,Python,3.0,2026-08-29 16:04:57,b,0,41.0
A001801,S022,Q0087,CNN,1.0,2026-08-29 16:05:57,b,1,7.0
A000095,S002,Q0022,Python,4.0,2026-08-29 16:11:57,a,1,55.0
A002291,S028,Q0082,Neural_Networks,2.0,2026-08-29 16:23:57,b,1,21.0
A001051,S013,Q0110,LSTM,2.0,2026-08-29 16:25:57,b,0,39.0
A001121,S014,Q0104,RNN,2.0,2026-08-29 16:32:57,c,0,36.0
A000699,S009,Q0058,AI_Basics,5.0,2026-08-29 16:32:57,a,0,73.0
A001713,S021,Q0123,NLP,3.0,2026-08-29 16:33:57,b,0,34.0
A001305,S016,Q0112,LSTM,3.0,2026-08-29 16:41:57,a,1,53.0
A002620,S032,Q0027,Data_Structures,2.0,2026-08-29 16:43:57,b,1,33.0
A000267,S004,Q0062,ML,2.0,2026-08-29 16:43:57,b,0,38.0
A002942,S036,Q0063,ML,2.0,2026-08-29 16:55:57,d,0,43.0
A001461,S018,Q0010,Math_Basics,2.0,2026-08-29 17:04:57,b,1,46.0
A001802,S022,Q0007,Math_Basics,5.0,2026-08-29 17:08:57,d,0,52.0
A000100,S002,Q0045,Statistics,1.0,2026-08-29 17:10:57,b,1,33.0
A002045,S025,Q0040,Statistics,3.0,2026-08-29 17:17:57,b,1,29.0
A001052,S013,Q0130,NLP,2.0,2026-08-29 17:21:57,d,0,48.0
A000009,S001,Q0119,LSTM,4.0,2026-08-29 17:21:57,c,0,65.0
A000701,S009,Q0056,AI_Basics,1.0,2026-08-29 17:22:57,d,0,26.0
A002857,S035,Q0119,LSTM,4.0,2026-08-29 17:25:57,a,0,
A001127,S014,Q0010,Math_Basics,2.0,2026-08-29 17:28:57,d,0,48.0
A002377,S029,Q0079,Neural_Networks,5.0,2026-08-29 17:29:57,c,0,44.0
A000700,S009,Q0043,Statistics,4.0,2026-08-29 17:34:57,d,0,61.0
A001047,S013,Q0071,ML,3.0,2026-08-29 17:37:57,a,0,50.0
A001303,S016,Q0129,NLP,1.0,2026-08-29 17:42:57,b,1,16.0
A003110,S038,Q0010,Math_Basics,2.0,2026-08-29 17:42:57,c,0,30.0
A000785,S010,Q0007,Math_Basics,5.0,2026-08-29 17:45:57,d,0,71.0
A001459,S018,Q0129,NLP,1.0,2026-08-29 17:48:57,b,1,33.0
A002711,S033,Q0064,ML,1.0,2026-08-29 17:50:57,a,1,13.0
A000350,S005,Q0104,RNN,2.0,2026-08-29 17:59:57,b,1,42.0
A001538,S019,Q0025,Data_Structures,4.0,2026-08-29 18:07:57,c,1,41.0
A002784,S034,Q0072,ML,5.0,2026-08-29 18:09:57,c,0,63.0
A001874,S023,Q0079,Neural_Networks,5.0,2026-08-29 18:21:57,b,1,51.0
A003031,S037,Q0061,ML,3.0,2026-08-29 18:25:57,b,1,30.0
A001119,S014,Q0006,Math_Basics,5.0,2026-08-29 18:33:57,c,0,71.0
A001712,S021,Q0036,Data_Structures,4.0,2026-08-29 18:40:57,b,1,33.0
A000011,S001,Q0017,Python,2.0,2026-08-29 18:46:57,b,1,38.0
A002110,S026,Q0039,Statistics,3.0,2026-08-29 18:51:57,b,1,19.0
A001301,S016,Q0081,Neural_Networks,5.0,2026-08-29 19:08:57,a,0,60.0
A002943,S036,Q0022,Python,4.0,2026-08-29 19:10:57,c,0,43.0
A002380,S029,Q0053,AI_Basics,4.0,2026-08-29 19:13:57,a,0,42.0
A002945,S036,Q0027,Data_Structures,2.0,2026-08-29 19:13:57,a,0,29.0
A002859,S035,Q0057,AI_Basics,1.0,2026-08-29 19:33:57,a,1,26.0
A002710,S033,Q0058,AI_Basics,5.0,2026-08-29 19:43:57,d,0,60.0
A001458,S018,Q0024,Python,1.0,2026-08-29 19:43:57,b,0,17.0
A003028,S037,Q0054,AI_Basics,4.0,2026-08-29 19:46:57,c,0,53.0
A000345,S005,Q0034,Data_Structures,3.0,2026-08-29 19:47:57,c,0,47.0
A000423,S006,Q0068,ML,2.0,2026-08-29 19:48:57,b,1,11.0
A002946,S036,Q0118,LSTM,4.0,2026-08-29 20:03:57,d,0,61.0
A002624,S032,Q0114,LSTM,2.0,2026-08-29 20:05:57,a,0,40.0
A002043,S025,Q0118,LSTM,4.0,2026-08-29 20:18:57,b,1,39.0
A001125,S014,Q0078,Neural_Networks,3.0,2026-08-29 20:19:57,c,0,-5.0
A003029,S037,Q0038,Statistics,2.0,2026-08-29 20:21:57,b,1,28.0
A001634,S020,Q0043,Statistics,4.0,2026-08-29 20:25:57,c,1,29.0
A001799,S022,Q0054,AI_Basics,4.0,2026-08-29 20:35:57,b,1,33.0
A000427,S006,Q0034,Data_Structures,3.0,2026-08-29 20:38:57,b,1,35.0
A000783,S010,Q0001,Math_Basics,5.0,2026-08-29 20:54:57,a,0,68.0
A001958,S024,Q0033,Data_Structures,2.0,2026-08-29 20:59:57,b,1,20.0
A003195,S039,Q0097,RNN,2.0,2026-08-29 21:03:57,c,0,44.0
A002463,S030,Q0085,CNN,5.0,2026-08-29 21:12:57,d,0,63.0
A000530,S007,Q0020,Python,2.0,2026-08-29 21:17:57,b,0,44.0
A002941,S036,Q0076,Neural_Networks,2.0,2026-08-29 21:35:57,d,0,38.0
A001300,S016,Q0019,Python,5.0,2026-08-29 21:40:57,c,0,52.0
A002113,S026,Q0067,ML,3.0,2026-08-29 21:49:57,d,0,22.0
A002200,S027,Q0088,CNN,2.0,2026-08-29 21:49:57,b,1,13.0
A002533,S031,Q0015,Python,2.0,2026-08-29 21:52:57,b,1,38.0
A002204,S027,Q0104,RNN,2.0,2026-08-29 21:58:57,b,1,21.0
A001960,S024,Q0087,CNN,1.0,2026-08-29 22:04:57,b,1,32.0
A002283,S028,Q0119,LSTM,4.0,2026-08-29 22:07:57,b,1,33.0
A000526,S007,Q0074,Neural_Networks,3.0,2026-08-29 22:09:57,c,0,49.0
A000264,S004,Q0080,Neural_Networks,2.0,2026-08-29 22:28:57,b,0,39.0
A000967,S012,Q0096,CNN,3.0,2026-08-29 22:35:57,b,1,31.0
A002111,S026,Q0109,LSTM,4.0,2026-08-29 22:41:57,a,1,55.0
A002289,S028,Q0088,CNN,2.0,2026-08-29 22:42:57,b,1,28.0
A002379,S029,Q0017,Python,2.0,2026-08-29 22:49:57,b,1,17.0
A002708,S033,Q0114,LSTM,2.0,2026-08-29 23:00:57,c,1,18.0
A000098,S002,Q0092,CNN,3.0,2026-08-29 23:03:57,a,1,26.0
A001124,S014,Q0011,Math_Basics,1.0,2026-08-29 23:15:57,d,0,40.0
A001873,S023,Q0009,Math_Basics,2.0,2026-08-29 23:30:57,a,1,32.0
A000879,S011,Q0120,LSTM,5.0,2026-08-29 23:35:57,b,1,47.0
A001876,S023,Q0123,NLP,3.0,2026-08-29 23:39:57,a,1,40.0
A002114,S026,Q0093,CNN,4.0,2026-08-29 23:48:57,b,1,48.0
A003111,S038,Q0128,NLP,1.0,2026-08-29 23:53:57,b,1,20.0
A000786,S010,Q0084,Neural_Networks,1.0,2026-08-29 23:54:57,d,0,44.0
A000347,S005,Q0040,Statistics,3.0,2026-08-30 00:05:57,b,1,47.0
A000789,S010,Q0090,CNN,1.0,2026-08-30 00:11:57,b,0,29.0
A002623,S032,Q0011,Math_Basics,1.0,2026-08-30 00:13:57,d,0,31.0
A001539,S019,Q0113,LSTM,5.0,2026-08-30 00:21:57,b,1,52.0
A000527,S007,Q0002,Math_Basics,4.0,2026-08-30 00:33:57,a,0,47.0
A001120,S014,Q0094,CNN,5.0,2026-08-30 00:43:57,d,0,69.0
A000426,S006,Q0028,Data_Structures,5.0,2026-08-30 00:48:57,d,0,39.0
A001378,S017,Q0046,Statistics,3.0,2026-08-30 00:52:57,c,1,28.0
A002112,S026,Q0004,Math_Basics,2.0,2026-08-30 01:01:57,b,1,27.0
A000344,S005,Q0004,Math_Basics,2.0,2026-08-30 01:03:57,b,1,38.0
A002047,S025,Q0002,Math_Basics,4.0,2026-08-30 01:09:57,c,1,21.0
A001122,S014,Q0048,Statistics,4.0,2026-08-30 01:29:57,c,0,62.0
A000181,S003,Q0116,LSTM,1.0,2026-08-30 01:32:57,d,0,27.0
A000618,S008,Q0013,Python,2.0,2026-08-30 01:32:57,b,1,42.0
A001126,S014,Q0031,Data_Structures,3.0,2026-08-30 01:36:57,a,0,37.0
A001380,S017,Q0055,AI_Basics,3.0,2026-08-30 01:40:57,a,1,33.0
A001046,S013,Q0080,Neural_Networks,2.0,2026-08-30 02:15:57,b,0,46.0
A001540,S019,Q0095,CNN,5.0,2026-08-30 02:29:57,a,0,37.0
A001632,S020,Q0003,Math_Basics,1.0,2026-08-30 02:41:57,b,1,12.0
A001956,S024,Q0128,NLP,1.0,2026-08-30 02:41:57,b,1,26.0
A000876,S011,Q0026,Data_Structures,2.0,2026-08-30 02:41:57,a,1,23.0
A002044,S025,Q0070,ML,5.0,2026-08-30 02:43:57,c,0,46.0
A000610,S008,Q0003,Math_Basics,1.0,2026-08-30 02:44:57,b,1,32.0
A000263,S004,Q0039,Statistics,3.0,2026-08-30 02:52:57,d,0,36.0
A002202,S027,Q0092,CNN,3.0,2026-08-30 03:16:57,a,1,24.0
A000613,S008,Q0115,LSTM,4.0,2026-08-30 03:17:57,b,0,61.0
A000270,S004,Q0033,Data_Structures,2.0,2026-08-30 03:24:57,b,1,39.0
A000430,S006,Q0037,Statistics,4.0,2026-08-30 03:34:57,b,0,42.0
A000107,S002,Q0001,Math_Basics,5.0,2026-08-30 03:34:57,d,0,68.0
A000792,S010,Q0026,Data_Structures,2.0,2026-08-30 03:52:57,b,0,35.0
A001636,S020,Q0086,CNN,2.0,2026-08-30 03:55:57,b,1,25.0
A002382,S029,Q0107,RNN,1.0,2026-08-30 03:57:57,a,1,16.0
A000706,S009,Q0017,Python,2.0,2026-08-30 04:13:57,d,0,43.0
A002719,S033,Q0021,Python,5.0,2026-08-30 04:19:57,b,1,39.0
A000272,S004,Q0089,CNN,1.0,2026-08-30 04:26:57,a,0,22.0
A002863,S035,Q0003,Math_Basics,1.0,2026-08-30 04:26:57,b,1,18.0
A000431,S006,Q0019,Python,5.0,2026-08-30 04:30:57,b,1,41.0
A000621,S008,Q0053,AI_Basics,4.0,2026-08-30 04:31:57,d,0,61.0
A000532,S007,Q0020,Python,2.0,2026-08-30 04:40:57,c,1,36.0
A001807,S022,Q0021,Python,5.0,2026-08-30 04:44:57,b,1,33.0
A001806,S022,Q0101,RNN,1.0,2026-08-30 04:56:57,b,1,19.0
A002949,S036,Q0015,Python,2.0,2026-08-30 04:58:57,b,1,32.0
A000883,S011,Q0117,LSTM,5.0,2026-08-30 05:02:57,b,1,53.0
A001231,S015,Q0059,AI_Basics,4.0,2026-08-30 05:02:57,a,1,47.0
A000791,S010,Q0103,RNN,3.0,2026-08-30 05:06:57,c,0,-5.0
A000429,S006,Q0084,Neural_Networks,1.0,2026-08-30 05:08:57,b,1,16.0
A001056,S013,Q0038,Statistics,2.0,2026-08-30 05:11:57,c,0,49.0
A000106,S002,Q0123,NLP,3.0,2026-08-30 05:12:57,b,0,45.0
A001462,S018,Q0031,Data_Structures,3.0,2026-08-30 05:15:57,b,0,44.0
A000017,S001,Q0096,CNN,3.0,2026-08-30 05:24:57,b,1,38.0
A002296,S028,Q0036,Data_Structures,4.0,2026-08-30 05:39:57,d,0,56.0
A001962,S024,Q0005,Math_Basics,3.0,2026-08-30 05:53:57,b,0,37.0
A001132,S014,Q0083,Neural_Networks,4.0,2026-08-30 06:22:57,d,0,68.0
A002120,S026,Q0013,Python,2.0,2026-08-30 06:31:57,b,1,26.0
A001131,S014,Q0043,Statistics,4.0,2026-08-30 06:35:57,b,0,61.0
A002386,S029,Q0064,ML,1.0,2026-08-30 06:41:57,a,1,27.0
A001232,S015,Q0044,Statistics,3.0,2026-08-30 06:43:57,c,1,33.0
A001803,S022,Q0010,Math_Basics,2.0,2026-08-30 06:55:57,b,1,24.0
A003295,S040,Q0099,RNN,2.0,2026-08-30 07:12:57,a,1,17.0
A003118,S038,Q0084,Neural_Networks,1.0,2026-08-30 07:13:57,b,1,29.0
A001228,S015,Q0054,AI_Basics,4.0,2026-08-30 07:26:57,d,0,33.0
A002536,S031,Q0030,Data_Structures,2.0,2026-08-30 07:40:57,c,1,26.0
A002951,S036,Q0070,ML,5.0,2026-08-30 07:48:57,c,0,66.0
A000794,S010,Q0012,Math_Basics,4.0,2026-08-30 07:52:57,c,0,62.0
A000104,S002,Q0112,LSTM,3.0,2026-08-30 07:56:57,a,1,36.0
A002049,S025,Q0061,ML,3.0,2026-08-30 08:11:57,a,0,41.0
A001464,S018,Q0036,Data_Structures,4.0,2026-08-30 08:13:57,c,0,65.0
A000705,S009,Q0007,Math_Basics,5.0,2026-08-30 08:15:57,a,0,76.0
A002383,S029,Q0035,Data_Structures,4.0,2026-08-30 08:20:57,b,0,36.0
A002865,S035,Q0027,Data_Structures,2.0,2026-08-30 08:22:57,b,1,44.0
A002630,S032,Q0102,RNN,2.0,2026-08-30 08:28:57,b,0,35.0
A002384,S029,Q0118,LSTM,4.0,2026-08-30 08:42:57,c,0,66.0
A001388,S017,Q0047,Statistics,5.0,2026-08-30 08:44:57,b,1,34.0
A002539,S031,Q0086,CNN,2.0,2026-08-30 09:00:57,b,1,15.0
A000273,S004,Q0028,Data_Structures,5.0,2026-08-30 09:08:57,c,0,53.0
A001386,S017,Q0122,NLP,5.0,2026-08-30 09:12:57,b,1,43.0
A003204,S039,Q0077,Neural_Networks,2.0,2026-08-30 09:21:57,b,0,34.0
A001307,S016,Q0088,CNN,2.0,2026-08-30 09:28:57,d,0,28.0
A003116,S038,Q0065,ML,1.0,2026-08-30 09:33:57,b,1,24.0
A003198,S039,Q0129,NLP,1.0,2026-08-30 09:52:57,b,1,36.0
A001547,S019,Q0121,NLP,3.0,2026-08-30 09:54:57,a,1,48.0
A001055,S013,Q0122,NLP,5.0,2026-08-30 10:10:57,c,0,85.0
A002632,S032,Q0024,Python,1.0,2026-08-30 10:16:57,c,1,29.0
A003203,S039,Q0103,RNN,3.0,2026-08-30 10:23:57,d,0,38.0
A002295,S028,Q0095,CNN,5.0,2026-08-30 10:24:57,a,0,51.0
A002387,S029,Q0036,Data_Structures,4.0,2026-08-30 10:25:57,b,1,50.0
A001548,S019,Q0123,NLP,3.0,2026-08-30 10:29:57,a,1,32.0
A002115,S026,Q0054,AI_Basics,4.0,2026-08-30 10:29:57,b,1,39.0
A000795,S010,Q0013,Python,2.0,2026-08-30 10:31:57,a,0,35.0
A001805,S022,Q0091,CNN,2.0,2026-08-30 10:39:57,b,1,20.0
A001546,S019,Q0043,Statistics,4.0,2026-08-30 10:41:57,b,0,46.0
A003201,S039,Q0003,Math_Basics,1.0,2026-08-30 10:42:57,a,0,23.0
A000620,S008,Q0098,RNN,4.0,2026-08-30 10:45:57,b,0,60.0
A001883,S023,Q0011,Math_Basics,1.0,2026-08-30 11:02:57,c,1,18.0
A000884,S011,Q0011,Math_Basics,1.0,2026-08-30 11:13:57,b,0,25.0
A000101,S002,Q0053,AI_Basics,4.0,2026-08-30 11:17:57,a,0,49.0
A000188,S003,Q0052,AI_Basics,3.0,2026-08-30 11:22:57,d,0,36.0
A002866,S035,Q0054,AI_Basics,4.0,2026-08-30 11:26:57,a,0,61.0
A000970,S012,Q0046,Statistics,3.0,2026-08-30 11:35:57,c,1,41.0
A000886,S011,Q0026,Data_Structures,2.0,2026-08-30 11:58:57,a,1,12.0
A000108,S002,Q0095,CNN,5.0,2026-08-30 12:03:57,b,1,43.0
A002297,S028,Q0122,NLP,5.0,2026-08-30 12:24:57,a,0,51.0
A002118,S026,Q0113,LSTM,5.0,2026-08-30 12:40:57,c,0,47.0
A001809,S022,Q0005,Math_Basics,3.0,2026-08-30 13:04:57,a,1,26.0
A001879,S023,Q0095,CNN,5.0,2026-08-30 13:05:57,d,0,73.0
A000622,S008,Q0041,Statistics,4.0,2026-08-30 13:09:57,a,0,56.0
A001130,S014,Q0048,Statistics,4.0,2026-08-30 13:12:57,a,0,65.0
A002205,S027,Q0051,AI_Basics,3.0,2026-08-30 13:32:57,b,1,28.0
A002537,S031,Q0036,Data_Structures,4.0,2026-08-30 13:42:57,d,0,38.0
A001229,S015,Q0131,NLP,1.0,2026-08-30 13:55:57,a,1,12.0
A000269,S004,Q0130,NLP,2.0,2026-08-30 14:04:57,d,0,44.0
A000352,S005,Q0004,Math_Basics,2.0,2026-08-30 14:13:57,b,1,40.0
A000790,S010,Q0057,AI_Basics,1.0,2026-08-30 14:32:57,c,0,38.0
A003112,S038,Q0127,NLP,3.0,2026-08-30 14:40:57,c,0,54.0
A001544,S019,Q0053,AI_Basics,4.0,2026-08-30 14:42:57,c,0,40.0
A002116,S026,Q0043,Statistics,4.0,2026-08-30 14:43:57,c,1,30.0
A002465,S030,Q0064,ML,1.0,2026-08-30 14:48:57,a,1,19.0
A001719,S021,Q0021,Python,5.0,2026-08-30 15:10:57,b,1,47.0
A002119,S026,Q0085,CNN,5.0,2026-08-30 15:21:57,c,0,66.0
A001129,S014,Q0103,RNN,3.0,2026-08-30 15:25:57,c,0,47.0
A002717,S033,Q0043,Statistics,4.0,2026-08-30 15:36:57,c,1,37.0
A002292,S028,Q0076,Neural_Networks,2.0,2026-08-30 15:39:57,b,1,17.0
A001878,S023,Q0039,Statistics,3.0,2026-08-30 16:07:57,b,1,39.0
A002466,S030,Q0067,ML,3.0,2026-08-30 16:47:57,a,0,36.0
A000882,S011,Q0052,AI_Basics,3.0,2026-08-30 16:48:57,b,1,49.0
A001463,S018,Q0096,CNN,3.0,2026-08-30 16:49:57,a,0,49.0
A000971,S012,Q0068,ML,2.0,2026-08-30 16:52:57,b,1,22.0
A003292,S040,Q0059,AI_Basics,4.0,2026-08-30 16:53:57,a,1,42.0
A001465,S018,Q0093,CNN,4.0,2026-08-30 16:58:57,a,0,66.0
A002538,S031,Q0097,RNN,2.0,2026-08-30 16:58:57,b,1,25.0
A003199,S039,Q0079,Neural_Networks,5.0,2026-08-30 17:21:57,b,1,67.0
A000531,S007,Q0128,NLP,1.0,2026-08-30 17:26:57,b,1,26.0
A000623,S008,Q0031,Data_Structures,3.0,2026-08-30 17:31:57,d,0,54.0
A001226,S015,Q0012,Math_Basics,4.0,2026-08-30 17:36:57,c,0,47.0
A000353,S005,Q0090,CNN,1.0,2026-08-30 17:38:57,c,0,32.0
A001881,S023,Q0103,RNN,3.0,2026-08-30 17:49:57,b,1,31.0
A002628,S032,Q0083,Neural_Networks,4.0,2026-08-30 17:52:57,c,0,51.0
A000014,S001,Q0119,LSTM,4.0,2026-08-30 18:03:57,d,0,54.0
A001717,S021,Q0077,Neural_Networks,2.0,2026-08-30 18:14:57,a,1,23.0
A002631,S032,Q0066,ML,2.0,2026-08-30 18:20:57,a,1,43.0
A001804,S022,Q0004,Math_Basics,2.0,2026-08-30 18:33:57,b,1,28.0
A002864,S035,Q0052,AI_Basics,3.0,2026-08-30 18:38:57,b,1,50.0
A000707,S009,Q0113,LSTM,5.0,2026-08-30 18:39:57,b,1,69.0
A003037,S037,Q0004,Math_Basics,2.0,2026-08-30 18:58:57,b,1,33.0
A001716,S021,Q0120,LSTM,5.0,2026-08-30 19:03:57,b,1,42.0
A000434,S006,Q0009,Math_Basics,2.0,2026-08-30 19:12:57,a,1,35.0
A002625,S032,Q0033,Data_Structures,2.0,2026-08-30 19:18:57,b,1,31.0
A002117,S026,Q0027,Data_Structures,2.0,2026-08-30 19:27:57,b,1,31.0
A001230,S015,Q0107,RNN,1.0,2026-08-30 19:27:57,a,1,16.0
A001309,S016,Q0067,ML,3.0,2026-08-30 19:32:57,b,1,38.0
A002464,S030,Q0054,AI_Basics,4.0,2026-08-30 19:33:57,b,1,37.0
A002540,S031,Q0050,AI_Basics,3.0,2026-08-30 19:33:57,a,0,34.0
A003036,S037,Q0104,RNN,2.0,2026-08-30 19:35:57,a,0,41.0
A001227,S015,Q0020,Python,2.0,2026-08-30 19:37:57,c,1,9.0
A001383,S017,Q0057,AI_Basics,1.0,2026-08-30 19:43:57,a,1,12.0
A000793,S010,Q0097,RNN,2.0,2026-08-30 19:57:57,a,0,42.0
A001054,S013,Q0010,Math_Basics,2.0,2026-08-30 20:07:57,c,0,36.0
A001128,S014,Q0007,Math_Basics,5.0,2026-08-30 20:14:57,d,0,75.0
A001882,S023,Q0075,Neural_Networks,5.0,2026-08-30 20:17:57,c,0,47.0
A002626,S032,Q0088,CNN,2.0,2026-08-30 20:19:57,c,0,30.0
A000885,S011,Q0054,AI_Basics,4.0,2026-08-30 20:20:57,b,1,47.0
A001308,S016,Q0057,AI_Basics,1.0,2026-08-30 20:23:57,a,1,20.0
A003115,S038,Q0012,Math_Basics,4.0,2026-08-30 20:24:57,d,0,51.0
A003291,S040,Q0124,NLP,2.0,2026-08-30 20:35:57,a,1,15.0
A000186,S003,Q0005,Math_Basics,3.0,2026-08-30 20:41:57,a,1,31.0
A002385,S029,Q0109,LSTM,4.0,2026-08-30 20:42:57,b,0,50.0
A000187,S003,Q0069,ML,5.0,2026-08-30 20:48:57,c,0,58.0
A000703,S009,Q0020,Python,2.0,2026-08-30 20:49:57,b,0,37.0
A001808,S022,Q0013,Python,2.0,2026-08-30 20:55:57,b,1,19.0
A002862,S035,Q0127,NLP,3.0,2026-08-30 21:04:57,c,0,53.0
A000704,S009,Q0018,Python,1.0,2026-08-30 21:14:57,d,0,34.0
A000796,S010,Q0015,Python,2.0,2026-08-30 21:26:57,b,1,42.0
A003114,S038,Q0108,RNN,5.0,2026-08-30 21:32:57,a,0,55.0
A002294,S028,Q0012,Math_Basics,4.0,2026-08-30 21:44:57,a,1,33.0
A000016,S001,Q0006,Math_Basics,5.0,2026-08-30 21:47:57,b,1,57.0
A000185,S003,Q0026,Data_Structures,2.0,2026-08-30 21:49:57,a,1,
A001880,S023,Q0087,CNN,1.0,2026-08-30 22:08:57,d,0,30.0
A002716,S033,Q0095,CNN,5.0,2026-08-30 22:24:57,b,1,40.0
A003290,S040,Q0076,Neural_Networks,2.0,2026-08-30 22:28:57,b,1,26.0
A000268,S004,Q0062,ML,2.0,2026-08-30 22:32:57,a,1,46.0
A003293,S040,Q0082,Neural_Networks,2.0,2026-08-30 22:37:57,b,1,29.0
A000619,S008,Q0043,Statistics,4.0,2026-08-30 22:38:57,a,0,62.0
A000271,S004,Q0025,Data_Structures,4.0,2026-08-30 22:47:57,c,1,49.0
A001550,S019,Q0013,Python,2.0,2026-08-30 22:48:57,b,1,24.0
A000974,S012,Q0105,RNN,4.0,2026-08-30 22:49:57,c,0,29.0
A001381,S017,Q0088,CNN,2.0,2026-08-30 22:49:57,b,1,22.0
A002861,S035,Q0065,ML,1.0,2026-08-30 22:49:57,b,1,-5.0
A000018,S001,Q0026,Data_Structures,2.0,2026-08-30 22:55:57,a,1,
A001311,S016,Q0130,NLP,2.0,2026-08-30 23:00:57,a,1,22.0
A002948,S036,Q0061,ML,3.0,2026-08-30 23:05:57,c,0,55.0
A002629,S032,Q0119,LSTM,4.0,2026-08-30 23:26:57,d,0,59.0
A001545,S019,Q0080,Neural_Networks,2.0,2026-08-30 23:46:57,a,1,31.0
A000184,S003,Q0101,RNN,1.0,2026-08-30 23:57:57,b,1,-5.0
A001466,S018,Q0072,ML,5.0,2026-08-31 00:02:57,c,0,76.0
A002952,S036,Q0033,Data_Structures,2.0,2026-08-31 00:20:57,a,0,34.0
A001385,S017,Q0004,Math_Basics,2.0,2026-08-31 00:25:57,b,1,22.0
A002627,S032,Q0052,AI_Basics,3.0,2026-08-31 00:38:57,a,0,39.0
A003113,S038,Q0122,NLP,5.0,2026-08-31 00:46:57,c,0,52.0
A001382,S017,Q0052,AI_Basics,3.0,2026-08-31 00:49:57,b,1,21.0
A002207,S027,Q0091,CNN,2.0,2026-08-31 00:54:57,b,1,26.0
A000102,S002,Q0035,Data_Structures,4.0,2026-08-31 00:58:57,c,1,33.0
A002947,S036,Q0104,RNN,2.0,2026-08-31 01:07:57,d,0,42.0
A000103,S002,Q0064,ML,1.0,2026-08-31 01:16:57,a,1,24.0
A001387,S017,Q0098,RNN,4.0,2026-08-31 01:16:57,a,1,27.0
A002785,S034,Q0050,AI_Basics,3.0,2026-08-31 01:17:57,b,1,47.0
A001635,S020,Q0060,AI_Basics,1.0,2026-08-31 01:20:57,b,1,26.0
A001877,S023,Q0073,Neural_Networks,5.0,2026-08-31 01:21:57,b,0,52.0
A001310,S016,Q0012,Math_Basics,4.0,2026-08-31 01:22:57,a,1,52.0
A002048,S025,Q0044,Statistics,3.0,2026-08-31 01:23:57,c,1,35.0
A001549,S019,Q0069,ML,5.0,2026-08-31 01:26:57,a,1,44.0
A002293,S028,Q0032,Data_Structures,5.0,2026-08-31 01:45:57,d,0,82.0
A003117,S038,Q0071,ML,3.0,2026-08-31 01:53:57,c,0,45.0
A000105,S002,Q0021,Python,5.0,2026-08-31 01:54:57,a,0,55.0
A003294,S040,Q0096,CNN,3.0,2026-08-31 02:03:57,b,1,-5.0
A000973,S012,Q0006,Math_Basics,5.0,2026-08-31 02:08:57,b,1,27.0
A000013,S001,Q0051,AI_Basics,3.0,2026-08-31 02:11:57,a,0,33.0
A002950,S036,Q0038,Statistics,2.0,2026-08-31 02:13:57,c,0,41.0
A001389,S017,Q0131,NLP,1.0,2026-08-31 02:24:57,a,1,6.0
A000015,S001,Q0119,LSTM,4.0,2026-08-31 02:25:57,a,0,42.0
A001718,S021,Q0109,LSTM,4.0,2026-08-31 02:26:57,a,1,35.0
A003035,S037,Q0101,RNN,1.0,2026-08-31 02:28:57,a,0,16.0
A001384,S017,Q0079,Neural_Networks,5.0,2026-08-31 02:29:57,b,1,37.0
A002541,S031,Q0115,LSTM,4.0,2026-08-31 02:30:57,a,1,39.0
A003202,S039,Q0058,AI_Basics,5.0,2026-08-31 02:43:57,c,0,66.0
A000012,S001,Q0101,RNN,1.0,2026-08-31 02:46:57,b,1,21.0
A000433,S006,Q0050,AI_Basics,3.0,2026-08-31 02:54:57,b,1,27.0
A002467,S030,Q0036,Data_Structures,4.0,2026-08-31 02:55:57,b,1,49.0
A003200,S039,Q0013,Python,2.0,2026-08-31 02:57:57,b,1,33.0
A000432,S006,Q0131,NLP,1.0,2026-08-31 02:59:57,a,1,26.0
A000702,S009,Q0107,RNN,1.0,2026-08-31 03:02:57,a,1,34.0
A002718,S033,Q0002,Math_Basics,4.0,2026-08-31 03:05:57,c,1,28.0
A002206,S027,Q0076,Neural_Networks,2.0,2026-08-31 03:08:57,b,1,22.0
A001637,S020,Q0026,Data_Structures,2.0,2026-08-31 03:17:57,a,1,37.0
A000972,S012,Q0066,ML,2.0,2026-08-31 03:18:57,a,1,23.0
A003205,S039,Q0044,Statistics,3.0,2026-08-31 03:23:57,d,0,54.0
A000977,S012,Q0038,Statistics,2.0,2026-08-31 03:24:57,b,1,30.0
A002634,S032,Q0126,NLP,2.0,2026-08-31 03:27:57,b,1,46.0
A000020,S001,Q0052,AI_Basics,3.0,2026-08-31 03:29:57,b,1,25.0
A000893,S011,Q0056,AI_Basics,1.0,2026-08-31 03:30:57,b,1,13.0
A002212,S027,Q0099,RNN,2.0,2026-08-31 03:35:57,a,1,13.0
A003300,S040,Q0130,NLP,2.0,2026-08-31 03:47:57,a,1,14.0
A001470,S018,Q0061,ML,3.0,2026-08-31 03:47:57,b,1,41.0
A000114,S002,Q0061,ML,3.0,2026-08-31 04:02:57,b,1,37.0
A000537,S007,Q0077,Neural_Networks,2.0,2026-08-31 04:06:57,b,0,42.0
A000709,S009,Q0014,Python,3.0,2026-08-31 04:17:57,a,1,44.0
A002868,S035,Q0118,LSTM,4.0,2026-08-31 04:23:57,a,0,72.0
A002121,S026,Q0039,Statistics,3.0,2026-08-31 04:29:57,b,1,26.0
A001313,S016,Q0018,Python,1.0,2026-08-31 04:36:57,b,1,24.0
A002304,S028,Q0009,Math_Basics,2.0,2026-08-31 04:45:57,a,1,14.0
A003119,S038,Q0027,Data_Structures,2.0,2026-08-31 05:10:57,b,1,31.0
A000712,S009,Q0105,RNN,4.0,2026-08-31 05:20:57,a,0,58.0
A003038,S037,Q0129,NLP,1.0,2026-08-31 05:20:57,b,1,40.0
A001720,S021,Q0083,Neural_Networks,4.0,2026-08-31 05:29:57,b,1,24.0
A000800,S010,Q0076,Neural_Networks,2.0,2026-08-31 05:46:57,c,0,60.0
A002546,S031,Q0025,Data_Structures,4.0,2026-08-31 05:51:57,d,0,49.0
A000708,S009,Q0082,Neural_Networks,2.0,2026-08-31 05:55:57,d,0,43.0
A001884,S023,Q0102,RNN,2.0,2026-08-31 05:58:57,a,1,34.0
A003122,S038,Q0041,Statistics,4.0,2026-08-31 06:08:57,d,0,53.0
A001722,S021,Q0101,RNN,1.0,2026-08-31 06:19:57,b,1,5.0
A003297,S040,Q0004,Math_Basics,2.0,2026-08-31 06:19:57,b,1,24.0
A002638,S032,Q0032,Data_Structures,5.0,2026-08-31 06:22:57,d,0,51.0
A002792,S034,Q0017,Python,2.0,2026-08-31 06:24:57,b,1,47.0
A000797,S010,Q0039,Statistics,3.0,2026-08-31 06:24:57,b,1,52.0
A002469,S030,Q0102,RNN,2.0,2026-08-31 06:33:57,a,1,42.0
A000440,S006,Q0107,RNN,1.0,2026-08-31 06:35:57,a,1,9.0
A002209,S027,Q0047,Statistics,5.0,2026-08-31 06:46:57,a,0,34.0
A001468,S018,Q0002,Math_Basics,4.0,2026-08-31 06:48:57,a,0,42.0
A000710,S009,Q0115,LSTM,4.0,2026-08-31 06:52:57,c,0,61.0
A002959,S036,Q0055,AI_Basics,3.0,2026-08-31 06:59:57,d,0,53.0
A001642,S020,Q0014,Python,3.0,2026-08-31 07:04:57,a,1,43.0
A002960,S036,Q0030,Data_Structures,2.0,2026-08-31 07:16:57,d,0,42.0
A002393,S029,Q0011,Math_Basics,1.0,2026-08-31 07:20:57,c,1,25.0
A002790,S034,Q0017,Python,2.0,2026-08-31 07:30:57,b,1,31.0
A001469,S018,Q0043,Statistics,4.0,2026-08-31 07:31:57,a,0,44.0
A000109,S002,Q0100,RNN,3.0,2026-08-31 07:31:57,b,1,37.0
A002955,S036,Q0076,Neural_Networks,2.0,2026-08-31 07:39:57,b,1,37.0
A002299,S028,Q0123,NLP,3.0,2026-08-31 07:52:57,a,1,25.0
A000354,S005,Q0013,Python,2.0,2026-08-31 08:00:57,b,1,39.0
A001891,S023,Q0128,NLP,1.0,2026-08-31 08:00:57,a,0,37.0
A001967,S024,Q0049,AI_Basics,4.0,2026-08-31 08:10:57,a,1,32.0
A001551,S019,Q0118,LSTM,4.0,2026-08-31 08:28:57,a,0,47.0
A001315,S016,Q0083,Neural_Networks,4.0,2026-08-31 08:35:57,a,0,54.0
A002050,S025,Q0060,AI_Basics,1.0,2026-08-31 08:39:57,b,1,23.0
A000533,S007,Q0004,Math_Basics,2.0,2026-08-31 08:48:57,b,1,36.0
A002958,S036,Q0029,Data_Structures,1.0,2026-08-31 08:50:57,c,0,26.0
A003299,S040,Q0101,RNN,1.0,2026-08-31 08:58:57,b,1,18.0
A000112,S002,Q0006,Math_Basics,5.0,2026-08-31 09:03:57,c,0,66.0
A000888,S011,Q0042,Statistics,5.0,2026-08-31 09:06:57,c,0,60.0
A001135,S014,Q0021,Python,5.0,2026-08-31 09:09:57,b,1,73.0
A001467,S018,Q0096,CNN,3.0,2026-08-31 09:10:57,a,0,46.0
A002789,S034,Q0120,LSTM,5.0,2026-08-31 09:14:57,d,0,74.0
A000190,S003,Q0057,AI_Basics,1.0,2026-08-31 09:17:57,a,1,29.0
A001553,S019,Q0039,Statistics,3.0,2026-08-31 09:25:57,b,1,44.0
A000540,S007,Q0098,RNN,4.0,2026-08-31 09:26:57,c,0,57.0
A002211,S027,Q0041,Statistics,4.0,2026-08-31 09:33:57,b,1,40.0
A000116,S002,Q0057,AI_Basics,1.0,2026-08-31 09:36:57,a,1,30.0
A000357,S005,Q0103,RNN,3.0,2026-08-31 09:40:57,b,1,67.0
A001392,S017,Q0035,Data_Structures,4.0,2026-08-31 09:45:57,c,1,35.0
A000711,S009,Q0090,CNN,1.0,2026-08-31 09:51:57,d,0,30.0
A002300,S028,Q0009,Math_Basics,2.0,2026-08-31 09:51:57,a,1,36.0
A003040,S037,Q0001,Math_Basics,5.0,2026-08-31 10:00:57,d,0,55.0
A001889,S023,Q0109,LSTM,4.0,2026-08-31 10:06:57,b,0,57.0
A002635,S032,Q0088,CNN,2.0,2026-08-31 10:32:57,b,1,24.0
A002306,S028,Q0058,AI_Basics,5.0,2026-08-31 10:35:57,b,1,43.0
A000110,S002,Q0060,AI_Basics,1.0,2026-08-31 10:58:57,b,1,36.0
A001138,S014,Q0069,ML,5.0,2026-08-31 10:58:57,b,0,70.0
A000439,S006,Q0010,Math_Basics,2.0,2026-08-31 10:58:57,b,1,19.0
A000276,S004,Q0034,Data_Structures,3.0,2026-08-31 10:58:57,b,1,37.0
A003296,S040,Q0090,CNN,1.0,2026-08-31 11:05:57,a,1,15.0
A001885,S023,Q0075,Neural_Networks,5.0,2026-08-31 11:08:57,d,0,44.0
A002302,S028,Q0122,NLP,5.0,2026-08-31 11:13:57,c,0,52.0
A002390,S029,Q0004,Math_Basics,2.0,2026-08-31 11:23:57,b,1,27.0
A002788,S034,Q0019,Python,5.0,2026-08-31 11:31:57,a,0,72.0
A000625,S008,Q0099,RNN,2.0,2026-08-31 11:38:57,c,0,31.0
A002388,S029,Q0118,LSTM,4.0,2026-08-31 11:40:57,c,0,61.0
A002791,S034,Q0001,Math_Basics,5.0,2026-08-31 11:48:57,d,0,54.0
A002298,S028,Q0088,CNN,2.0,2026-08-31 11:52:57,b,1,17.0
A001555,S019,Q0081,Neural_Networks,5.0,2026-08-31 11:59:57,b,1,36.0
A000536,S007,Q0103,RNN,3.0,2026-08-31 12:13:57,a,0,49.0
A001890,S023,Q0102,RNN,2.0,2026-08-31 12:54:57,a,1,35.0
A001964,S024,Q0116,LSTM,1.0,2026-08-31 12:59:57,b,1,23.0
A002208,S027,Q0057,AI_Basics,1.0,2026-08-31 13:09:57,a,1,21.0
A000274,S004,Q0028,Data_Structures,5.0,2026-08-31 13:17:57,d,0,61.0
A001965,S024,Q0091,CNN,2.0,2026-08-31 13:22:57,b,1,34.0
A002303,S028,Q0067,ML,3.0,2026-08-31 13:23:57,b,1,28.0
A000542,S007,Q0125,NLP,1.0,2026-08-31 13:32:57,d,0,31.0
A001393,S017,Q0006,Math_Basics,5.0,2026-08-31 13:45:57,b,1,52.0
A000192,S003,Q0014,Python,3.0,2026-08-31 13:58:57,a,1,41.0
A001234,S015,Q0124,NLP,2.0,2026-08-31 13:59:57,b,0,33.0
A000189,S003,Q0024,Python,1.0,2026-08-31 14:10:57,a,0,30.0
A000437,S006,Q0034,Data_Structures,3.0,2026-08-31 14:23:57,b,1,26.0
A001888,S023,Q0021,Python,5.0,2026-08-31 14:28:57,b,1,38.0
A000441,S006,Q0110,LSTM,2.0,2026-08-31 14:29:57,a,1,26.0
A000979,S012,Q0038,Statistics,2.0,2026-08-31 14:33:57,b,1,33.0
A000198,S003,Q0078,Neural_Networks,3.0,2026-08-31 14:34:57,c,0,38.0
A001640,S020,Q0086,CNN,2.0,2026-08-31 14:41:57,b,1,9.0
A001061,S013,Q0003,Math_Basics,1.0,2026-08-31 14:42:57,a,0,34.0
A000438,S006,Q0118,LSTM,4.0,2026-08-31 14:52:57,b,1,37.0
A002392,S029,Q0051,AI_Basics,3.0,2026-08-31 14:58:57,b,1,38.0
A002637,S032,Q0131,NLP,1.0,2026-08-31 14:59:57,b,0,31.0
A002641,S032,Q0093,CNN,4.0,2026-08-31 15:07:57,c,0,50.0
A002468,S030,Q0045,Statistics,1.0,2026-08-31 15:27:57,b,1,22.0
A001556,S019,Q0061,ML,3.0,2026-08-31 15:49:57,b,1,27.0
A000277,S004,Q0102,RNN,2.0,2026-08-31 15:52:57,a,1,35.0
A000892,S011,Q0129,NLP,1.0,2026-08-31 15:54:57,b,1,27.0
A002122,S026,Q0082,Neural_Networks,2.0,2026-08-31 16:04:57,b,1,37.0
A002471,S030,Q0011,Math_Basics,1.0,2026-08-31 16:12:57,d,0,36.0
A002307,S028,Q0104,RNN,2.0,2026-08-31 16:26:57,b,1,23.0
A003121,S038,Q0073,Neural_Networks,5.0,2026-08-31 16:29:57,d,0,59.0
A002869,S035,Q0117,LSTM,5.0,2026-08-31 16:37:57,a,0,67.0
A000541,S007,Q0030,Data_Structures,2.0,2026-08-31 16:41:57,d,0,38.0
A003209,S039,Q0097,RNN,2.0,2026-08-31 16:43:57,b,1,40.0
A001235,S015,Q0046,Statistics,3.0,2026-08-31 16:51:57,c,1,20.0
A002870,S035,Q0027,Data_Structures,2.0,2026-08-31 17:01:57,a,0,51.0
A002213,S027,Q0066,ML,2.0,2026-08-31 17:03:57,d,0,23.0
A003120,S038,Q0071,ML,3.0,2026-08-31 17:04:57,d,0,39.0
A000113,S002,Q0053,AI_Basics,4.0,2026-08-31 17:05:57,d,0,48.0
A000539,S007,Q0006,Math_Basics,5.0,2026-08-31 17:06:57,a,0,52.0
A000713,S009,Q0085,CNN,5.0,2026-08-31 17:14:57,d,0,78.0
A000275,S004,Q0035,Data_Structures,4.0,2026-08-31 17:17:57,a,0,49.0
A000195,S003,Q0132,NLP,3.0,2026-08-31 17:23:57,c,0,57.0
A000111,S002,Q0024,Python,1.0,2026-08-31 17:27:57,c,1,21.0
A000535,S007,Q0082,Neural_Networks,2.0,2026-08-31 17:40:57,c,0,40.0
A001887,S023,Q0068,ML,2.0,2026-08-31 17:40:57,b,1,33.0
A000624,S008,Q0045,Statistics,1.0,2026-08-31 17:46:57,b,1,28.0
A000196,S003,Q0023,Python,4.0,2026-08-31 17:54:57,a,0,63.0
A000891,S011,Q0056,AI_Basics,1.0,2026-08-31 18:12:57,b,1,24.0
A001059,S013,Q0117,LSTM,5.0,2026-08-31 18:15:57,a,0,60.0
A002542,S031,Q0077,Neural_Networks,2.0,2026-08-31 18:32:57,a,1,30.0
A001139,S014,Q0130,NLP,2.0,2026-08-31 18:33:57,d,0,51.0
A002872,S035,Q0004,Math_Basics,2.0,2026-08-31 18:37:57,b,1,42.0
A003039,S037,Q0061,ML,3.0,2026-08-31 18:38:57,b,1,29.0
A001137,S014,Q0080,Neural_Networks,2.0,2026-08-31 18:38:57,a,1,43.0
A001886,S023,Q0034,Data_Structures,3.0,2026-08-31 18:38:57,b,1,46.0
A002957,S036,Q0060,AI_Basics,1.0,2026-08-31 18:44:57,c,0,37.0
A003207,S039,Q0025,Data_Structures,4.0,2026-08-31 18:44:57,b,0,70.0
A001391,S017,Q0037,Statistics,4.0,2026-08-31 18:49:57,c,1,41.0
A000278,S004,Q0114,LSTM,2.0,2026-08-31 19:03:57,b,0,37.0
A001966,S024,Q0084,Neural_Networks,1.0,2026-08-31 19:03:57,b,1,21.0
A002793,S034,Q0002,Math_Basics,4.0,2026-08-31 19:07:57,b,0,46.0
A002210,S027,Q0035,Data_Structures,4.0,2026-08-31 19:13:57,c,1,39.0
A002123,S026,Q0025,Data_Structures,4.0,2026-08-31 19:16:57,c,1,40.0
A001892,S023,Q0121,NLP,3.0,2026-08-31 19:22:57,d,0,50.0
A002787,S034,Q0102,RNN,2.0,2026-08-31 19:26:57,a,1,38.0
A001558,S019,Q0070,ML,5.0,2026-08-31 19:29:57,b,1,50.0
A003210,S039,Q0059,AI_Basics,4.0,2026-08-31 19:39:57,b,0,60.0
A002633,S032,Q0086,CNN,2.0,2026-08-31 19:42:57,b,1,36.0
A002051,S025,Q0097,RNN,2.0,2026-08-31 19:44:57,b,1,25.0
A002543,S031,Q0125,NLP,1.0,2026-08-31 19:47:57,a,1,22.0
A001721,S021,Q0033,Data_Structures,2.0,2026-08-31 19:51:57,b,1,24.0
A001390,S017,Q0051,AI_Basics,3.0,2026-08-31 19:53:57,b,1,19.0
A001060,S013,Q0116,LSTM,1.0,2026-08-31 20:03:57,b,1,35.0
A000355,S005,Q0085,CNN,5.0,2026-08-31 20:12:57,d,0,63.0
A000115,S002,Q0019,Python,5.0,2026-08-31 20:13:57,d,0,61.0
A000976,S012,Q0100,RNN,3.0,2026-08-31 20:13:57,b,1,25.0
A000534,S007,Q0121,NLP,3.0,2026-08-31 20:21:57,c,0,57.0
A002391,S029,Q0079,Neural_Networks,5.0,2026-08-31 20:28:57,a,0,-5.0
A003211,S039,Q0012,Math_Basics,4.0,2026-08-31 20:42:57,b,0,62.0
A002953,S036,Q0047,Statistics,5.0,2026-08-31 20:42:57,d,0,70.0
A002214,S027,Q0114,LSTM,2.0,2026-08-31 20:53:57,c,1,26.0
A002956,S036,Q0010,Math_Basics,2.0,2026-08-31 20:56:57,b,1,40.0
A000019,S001,Q0035,Data_Structures,4.0,2026-08-31 21:17:57,c,1,44.0
A001557,S019,Q0055,AI_Basics,3.0,2026-08-31 21:19:57,a,1,-5.0
A001314,S016,Q0098,RNN,4.0,2026-08-31 21:20:57,a,1,47.0
A003212,S039,Q0098,RNN,4.0,2026-08-31 21:28:57,d,0,52.0
A001058,S013,Q0109,LSTM,4.0,2026-08-31 21:49:57,b,0,65.0
A000890,S011,Q0065,ML,1.0,2026-08-31 21:57:57,b,1,26.0
A001552,S019,Q0063,ML,2.0,2026-08-31 21:59:57,b,1,36.0
A001057,S013,Q0112,LSTM,3.0,2026-08-31 22:11:57,b,0,54.0
A000975,S012,Q0117,LSTM,5.0,2026-08-31 22:13:57,a,0,54.0
A001639,S020,Q0030,Data_Structures,2.0,2026-08-31 22:18:57,c,1,36.0
A002961,S036,Q0117,LSTM,5.0,2026-08-31 22:36:57,a,0,74.0
A002545,S031,Q0017,Python,2.0,2026-08-31 23:04:57,b,1,34.0
A000197,S003,Q0006,Math_Basics,5.0,2026-08-31 23:08:57,d,0,
A001811,S022,Q0054,AI_Basics,4.0,2026-08-31 23:25:57,b,1,27.0
A000799,S010,Q0019,Python,5.0,2026-08-31 23:28:57,d,0,73.0
A000978,S012,Q0120,LSTM,5.0,2026-08-31 23:29:57,a,0,54.0
A002301,S028,Q0083,Neural_Networks,4.0,2026-08-31 23:31:57,b,1,43.0
A000538,S007,Q0087,CNN,1.0,2026-08-31 23:35:57,b,1,35.0
A002786,S034,Q0107,RNN,1.0,2026-08-31 23:43:57,a,1,38.0
A002639,S032,Q0092,CNN,3.0,2026-08-31 23:45:57,d,0,45.0
A002871,S035,Q0094,CNN,5.0,2026-08-31 23:49:57,b,0,75.0
A001641,S020,Q0035,Data_Structures,4.0,2026-08-31 23:55:57,b,0,47.0
A000194,S003,Q0058,AI_Basics,5.0,2026-08-31 23:58:57,c,0,63.0
A000191,S003,Q0082,Neural_Networks,2.0,2026-09-01 00:00:57,b,1,21.0
A000887,S011,Q0011,Math_Basics,1.0,2026-09-01 00:02:57,c,1,30.0
A002470,S030,Q0067,ML,3.0,2026-09-01 00:04:57,b,1,38.0
A002640,S032,Q0015,Python,2.0,2026-09-01 00:15:57,b,1,37.0
A001136,S014,Q0076,Neural_Networks,2.0,2026-09-01 00:21:57,d,0,31.0
A000021,S001,Q0124,NLP,2.0,2026-09-01 01:04:57,a,1,34.0
A002305,S028,Q0022,Python,4.0,2026-09-01 01:12:57,a,1,35.0
A001554,S019,Q0124,NLP,2.0,2026-09-01 01:15:57,a,1,
A001133,S014,Q0118,LSTM,4.0,2026-09-01 01:24:57,d,0,76.0
A003208,S039,Q0058,AI_Basics,5.0,2026-09-01 01:31:57,a,0,64.0
A002215,S027,Q0107,RNN,1.0,2026-09-01 01:37:57,a,1,23.0
A002544,S031,Q0128,NLP,1.0,2026-09-01 01:38:57,b,1,17.0
A003298,S040,Q0021,Python,5.0,2026-09-01 01:39:57,a,0,52.0
A002636,S032,Q0048,Statistics,4.0,2026-09-01 01:47:57,a,0,49.0
A002954,S036,Q0070,ML,5.0,2026-09-01 01:51:57,a,0,88.0
A001638,S020,Q0117,LSTM,5.0,2026-09-01 02:01:57,b,1,42.0
A001312,S016,Q0099,RNN,2.0,2026-09-01 02:03:57,a,1,31.0
A000435,S006,Q0059,AI_Basics,4.0,2026-09-01 02:08:57,a,1,54.0
A000356,S005,Q0011,Math_Basics,1.0,2026-09-01 02:22:57,c,1,21.0
A000436,S006,Q0130,NLP,2.0,2026-09-01 02:31:57,a,1,32.0
A000798,S010,Q0003,Math_Basics,1.0,2026-09-01 02:36:57,b,1,44.0
A001233,S015,Q0099,RNN,2.0,2026-09-01 02:41:57,a,1,21.0
A002867,S035,Q0011,Math_Basics,1.0,2026-09-01 02:53:57,c,1,13.0
A000889,S011,Q0109,LSTM,4.0,2026-09-01 02:54:57,d,0,44.0
A001810,S022,Q0077,Neural_Networks,2.0,2026-09-01 02:54:57,a,1,9.0
A001134,S014,Q0045,Statistics,1.0,2026-09-01 03:03:57,b,1,30.0
A001963,S024,Q0071,ML,3.0,2026-09-01 03:11:57,b,1,44.0
A002389,S029,Q0093,CNN,4.0,2026-09-01 03:15:57,d,0,56.0
A001319,S016,Q0017,Python,2.0,2026-09-01 03:28:57,b,1,39.0
A000983,S012,Q0042,Statistics,5.0,2026-09-01 03:45:57,a,0,39.0
A002054,S025,Q0096,CNN,3.0,2026-09-01 03:59:57,b,1,47.0
A000627,S008,Q0121,NLP,3.0,2026-09-01 04:08:57,d,0,42.0
A001969,S024,Q0012,Math_Basics,4.0,2026-09-01 04:09:57,a,1,37.0
A002126,S026,Q0060,AI_Basics,1.0,2026-09-01 04:10:57,b,1,16.0
A001724,S021,Q0099,RNN,2.0,2026-09-01 04:35:57,a,1,26.0
A003214,S039,Q0047,Statistics,5.0,2026-09-01 04:39:57,c,0,64.0
A001472,S018,Q0066,ML,2.0,2026-09-01 04:43:57,a,1,27.0
A001895,S023,Q0014,Python,3.0,2026-09-01 05:04:57,a,1,35.0
A002399,S029,Q0063,ML,2.0,2026-09-01 05:07:57,b,1,33.0
A000200,S003,Q0033,Data_Structures,2.0,2026-09-01 05:09:57,c,0,39.0
A002310,S028,Q0078,Neural_Networks,3.0,2026-09-01 05:32:57,b,1,29.0
A000628,S008,Q0067,ML,3.0,2026-09-01 05:46:57,c,0,54.0
A000360,S005,Q0104,RNN,2.0,2026-09-01 05:53:57,a,0,38.0
A001968,S024,Q0012,Math_Basics,4.0,2026-09-01 05:58:57,a,1,47.0
A001648,S020,Q0109,LSTM,4.0,2026-09-01 06:04:57,a,1,43.0
A003124,S038,Q0025,Data_Structures,4.0,2026-09-01 06:11:57,d,0,46.0
A003215,S039,Q0068,ML,2.0,2026-09-01 06:24:57,a,0,35.0
A002720,S033,Q0061,ML,3.0,2026-09-01 06:24:57,b,1,31.0
A001972,S024,Q0005,Math_Basics,3.0,2026-09-01 06:27:57,a,1,34.0
A000358,S005,Q0055,AI_Basics,3.0,2026-09-01 06:29:57,a,1,45.0
A000719,S009,Q0011,Math_Basics,1.0,2026-09-01 06:30:57,c,1,21.0
A001144,S014,Q0131,NLP,1.0,2026-09-01 06:34:57,a,1,21.0
A002723,S033,Q0121,NLP,3.0,2026-09-01 06:35:57,a,1,34.0
A000027,S001,Q0027,Data_Structures,2.0,2026-09-01 06:38:57,b,1,-5.0
A003222,S039,Q0034,Data_Structures,3.0,2026-09-01 06:49:57,b,1,46.0
A001727,S021,Q0101,RNN,1.0,2026-09-01 06:50:57,b,1,25.0
A000446,S006,Q0040,Statistics,3.0,2026-09-01 07:01:57,b,1,30.0
A001813,S022,Q0127,NLP,3.0,2026-09-01 07:03:57,b,1,39.0
A001140,S014,Q0106,RNN,5.0,2026-09-01 07:08:57,a,0,69.0
A001970,S024,Q0121,NLP,3.0,2026-09-01 07:10:57,a,1,23.0
A000201,S003,Q0076,Neural_Networks,2.0,2026-09-01 07:17:57,b,1,26.0
A001643,S020,Q0011,Math_Basics,1.0,2026-09-01 07:26:57,c,1,20.0
A003304,S040,Q0113,LSTM,5.0,2026-09-01 07:31:57,a,0,46.0
A000901,S011,Q0049,AI_Basics,4.0,2026-09-01 07:36:57,a,1,60.0
A002797,S034,Q0124,NLP,2.0,2026-09-01 07:39:57,a,1,37.0
A002547,S031,Q0052,AI_Basics,3.0,2026-09-01 07:44:57,b,1,35.0
A002962,S036,Q0067,ML,3.0,2026-09-01 07:44:57,a,0,64.0
A001730,S021,Q0120,LSTM,5.0,2026-09-01 07:48:57,a,0,41.0
A002052,S025,Q0112,LSTM,3.0,2026-09-01 08:02:57,a,1,31.0
A002472,S030,Q0012,Math_Basics,4.0,2026-09-01 08:09:57,b,0,72.0
A000547,S007,Q0026,Data_Structures,2.0,2026-09-01 08:15:57,d,0,34.0
A000118,S002,Q0024,Python,1.0,2026-09-01 08:16:57,c,1,25.0
A000714,S009,Q0023,Python,4.0,2026-09-01 08:16:57,d,0,63.0
A001650,S020,Q0056,AI_Basics,1.0,2026-09-01 08:18:57,b,1,32.0
A002216,S027,Q0128,NLP,1.0,2026-09-01 08:19:57,b,1,12.0
A001647,S020,Q0106,RNN,5.0,2026-09-01 08:24:57,a,0,48.0
A002224,S027,Q0069,ML,5.0,2026-09-01 08:51:57,b,0,61.0
A000022,S001,Q0049,AI_Basics,4.0,2026-09-01 09:16:57,c,0,45.0
A002548,S031,Q0128,NLP,1.0,2026-09-01 09:20:57,b,1,22.0
A001728,S021,Q0057,AI_Basics,1.0,2026-09-01 09:22:57,a,1,19.0
A002721,S033,Q0016,Python,3.0,2026-09-01 09:35:57,a,1,14.0
A002398,S029,Q0084,Neural_Networks,1.0,2026-09-01 09:43:57,b,1,26.0
A002394,S029,Q0093,CNN,4.0,2026-09-01 09:49:57,d,0,63.0
A000546,S007,Q0066,ML,2.0,2026-09-01 10:02:57,d,0,37.0
A003217,S039,Q0045,Statistics,1.0,2026-09-01 10:02:57,d,0,30.0
A000899,S011,Q0047,Statistics,5.0,2026-09-01 10:06:57,c,0,57.0
A001142,S014,Q0046,Statistics,3.0,2026-09-01 10:30:57,b,0,41.0
A002964,S036,Q0001,Math_Basics,5.0,2026-09-01 10:43:57,a,0,67.0
A001560,S019,Q0006,Math_Basics,5.0,2026-09-01 10:50:57,d,0,58.0
A000980,S012,Q0018,Python,1.0,2026-09-01 10:50:57,b,1,20.0
A002309,S028,Q0011,Math_Basics,1.0,2026-09-01 10:53:57,c,1,17.0
A001897,S023,Q0083,Neural_Networks,4.0,2026-09-01 10:59:57,b,1,54.0
A001731,S021,Q0025,Data_Structures,4.0,2026-09-01 11:39:57,d,0,49.0
A002124,S026,Q0039,Statistics,3.0,2026-09-01 11:50:57,b,1,34.0
A001812,S022,Q0102,RNN,2.0,2026-09-01 11:59:57,a,1,25.0
A001559,S019,Q0001,Math_Basics,5.0,2026-09-01 12:09:57,a,0,57.0
A001318,S016,Q0092,CNN,3.0,2026-09-01 12:19:57,a,1,36.0
A000803,S010,Q0083,Neural_Networks,4.0,2026-09-01 12:33:57,d,0,
A003219,S039,Q0072,ML,5.0,2026-09-01 12:40:57,b,0,66.0
A000900,S011,Q0039,Statistics,3.0,2026-09-01 12:40:57,b,1,34.0
A002551,S031,Q0081,Neural_Networks,5.0,2026-09-01 12:45:57,b,1,51.0
A000443,S006,Q0100,RNN,3.0,2026-09-01 12:55:57,b,1,27.0
A002642,S032,Q0103,RNN,3.0,2026-09-01 12:59:57,d,0,54.0
A000630,S008,Q0103,RNN,3.0,2026-09-01 13:00:57,d,0,59.0
A001645,S020,Q0107,RNN,1.0,2026-09-01 13:13:57,a,1,20.0
A000023,S001,Q0105,RNN,4.0,2026-09-01 13:18:57,a,0,44.0
A001729,S021,Q0008,Math_Basics,5.0,2026-09-01 13:37:57,a,1,46.0
A003123,S038,Q0017,Python,2.0,2026-09-01 13:50:57,c,0,43.0
A000117,S002,Q0088,CNN,2.0,2026-09-01 13:51:57,b,1,23.0
A000717,S009,Q0121,NLP,3.0,2026-09-01 13:59:57,b,0,49.0
A001653,S020,Q0041,Statistics,4.0,2026-09-01 14:07:57,b,1,36.0
A000981,S012,Q0066,ML,2.0,2026-09-01 14:12:57,a,1,32.0
A002219,S027,Q0003,Math_Basics,1.0,2026-09-01 14:14:57,b,1,16.0
A002794,S034,Q0085,CNN,5.0,2026-09-01 14:14:57,b,1,46.0
A002222,S027,Q0112,LSTM,3.0,2026-09-01 14:18:57,c,0,45.0
A000716,S009,Q0121,NLP,3.0,2026-09-01 14:21:57,d,0,48.0
A000631,S008,Q0048,Statistics,4.0,2026-09-01 14:27:57,a,0,65.0
A003041,S037,Q0108,RNN,5.0,2026-09-01 14:28:57,c,0,60.0
A003221,S039,Q0010,Math_Basics,2.0,2026-09-01 14:29:57,d,0,29.0
A003042,S037,Q0051,AI_Basics,3.0,2026-09-01 14:38:57,a,0,29.0
A001141,S014,Q0091,CNN,2.0,2026-09-01 14:41:57,b,1,41.0
A001899,S023,Q0130,NLP,2.0,2026-09-01 14:42:57,a,1,30.0
A003127,S038,Q0071,ML,3.0,2026-09-01 14:45:57,b,1,45.0
A000361,S005,Q0037,Statistics,4.0,2026-09-01 14:48:57,a,0,55.0
A002220,S027,Q0049,AI_Basics,4.0,2026-09-01 15:12:57,a,1,42.0
A001893,S023,Q0127,NLP,3.0,2026-09-01 15:25:57,c,0,52.0
A000715,S009,Q0076,Neural_Networks,2.0,2026-09-01 15:30:57,c,0,34.0
A001971,S024,Q0060,AI_Basics,1.0,2026-09-01 16:04:57,b,1,14.0
A000626,S008,Q0068,ML,2.0,2026-09-01 16:06:57,c,0,45.0
A002876,S035,Q0095,CNN,5.0,2026-09-01 16:31:57,a,0,95.0
A001649,S020,Q0057,AI_Basics,1.0,2026-09-01 16:31:57,a,1,23.0
A003218,S039,Q0089,CNN,1.0,2026-09-01 16:33:57,b,1,24.0
A001471,S018,Q0058,AI_Basics,5.0,2026-09-01 16:35:57,d,0,62.0
A003303,S040,Q0080,Neural_Networks,2.0,2026-09-01 16:39:57,a,1,23.0
A002055,S025,Q0037,Statistics,4.0,2026-09-01 16:52:57,c,1,35.0
A003301,S040,Q0047,Statistics,5.0,2026-09-01 16:57:57,c,0,29.0
A002647,S032,Q0083,Neural_Networks,4.0,2026-09-01 17:05:57,a,0,43.0
A000982,S012,Q0107,RNN,1.0,2026-09-01 17:14:57,a,1,16.0
A002963,S036,Q0075,Neural_Networks,5.0,2026-09-01 17:17:57,d,0,70.0
A001898,S023,Q0099,RNN,2.0,2026-09-01 17:22:57,a,1,30.0
A002223,S027,Q0095,CNN,5.0,2026-09-01 17:24:57,b,1,42.0
A003220,S039,Q0056,AI_Basics,1.0,2026-09-01 17:31:57,b,1,34.0
A000903,S011,Q0113,LSTM,5.0,2026-09-01 17:38:57,b,1,43.0
A001726,S021,Q0061,ML,3.0,2026-09-01 17:46:57,b,1,27.0
A002218,S027,Q0103,RNN,3.0,2026-09-01 17:46:57,d,0,31.0
A000025,S001,Q0041,Statistics,4.0,2026-09-01 17:50:57,c,0,42.0
A002397,S029,Q0109,LSTM,4.0,2026-09-01 18:03:57,b,0,53.0
A000902,S011,Q0058,AI_Basics,5.0,2026-09-01 18:15:57,c,0,53.0
A002552,S031,Q0099,RNN,2.0,2026-09-01 18:34:57,a,1,31.0
A000894,S011,Q0056,AI_Basics,1.0,2026-09-01 18:34:57,b,1,28.0
A001646,S020,Q0130,NLP,2.0,2026-09-01 18:41:57,c,0,23.0
A000898,S011,Q0005,Math_Basics,3.0,2026-09-01 19:02:57,b,0,47.0
A000896,S011,Q0008,Math_Basics,5.0,2026-09-01 19:07:57,c,0,70.0
A001644,S020,Q0117,LSTM,5.0,2026-09-01 19:11:57,d,0,41.0
A000904,S011,Q0127,NLP,3.0,2026-09-01 19:15:57,a,0,34.0
A002312,S028,Q0100,RNN,3.0,2026-09-01 19:23:57,b,1,17.0
A000445,S006,Q0112,LSTM,3.0,2026-09-01 19:32:57,a,1,25.0
A002553,S031,Q0112,LSTM,3.0,2026-09-01 19:51:57,a,1,31.0
A002796,S034,Q0109,LSTM,4.0,2026-09-01 19:56:57,d,0,56.0
A000718,S009,Q0001,Math_Basics,5.0,2026-09-01 19:59:57,a,0,73.0
A000804,S010,Q0088,CNN,2.0,2026-09-01 20:01:57,d,0,58.0
A003128,S038,Q0071,ML,3.0,2026-09-01 20:16:57,b,1,44.0
A000028,S001,Q0013,Python,2.0,2026-09-01 20:16:57,b,1,38.0
A001322,S016,Q0023,Python,4.0,2026-09-01 20:36:57,c,0,42.0
A002129,S026,Q0052,AI_Basics,3.0,2026-09-01 20:39:57,b,1,34.0
A000444,S006,Q0060,AI_Basics,1.0,2026-09-01 20:40:57,b,1,21.0
A000279,S004,Q0129,NLP,1.0,2026-09-01 20:43:57,a,0,25.0
A002217,S027,Q0014,Python,3.0,2026-09-01 20:48:57,a,1,29.0
A003216,S039,Q0098,RNN,4.0,2026-09-01 20:51:57,d,0,61.0
A001394,S017,Q0001,Math_Basics,5.0,2026-09-01 20:58:57,c,1,33.0
A001723,S021,Q0036,Data_Structures,4.0,2026-09-01 21:01:57,a,0,23.0
A000199,S003,Q0054,AI_Basics,4.0,2026-09-01 21:06:57,c,0,52.0
A003302,S040,Q0039,Statistics,3.0,2026-09-01 21:29:57,b,1,
A002128,S026,Q0119,LSTM,4.0,2026-09-01 21:30:57,a,0,49.0
A001395,S017,Q0005,Math_Basics,3.0,2026-09-01 21:44:57,a,1,32.0
A001894,S023,Q0118,LSTM,4.0,2026-09-01 22:04:57,b,1,42.0
A001320,S016,Q0107,RNN,1.0,2026-09-01 22:06:57,a,1,32.0
A001064,S013,Q0052,AI_Basics,3.0,2026-09-01 22:16:57,d,0,52.0
A002874,S035,Q0055,AI_Basics,3.0,2026-09-01 22:24:57,d,0,48.0
A002311,S028,Q0062,ML,2.0,2026-09-01 22:33:57,a,1,28.0
A002965,S036,Q0094,CNN,5.0,2026-09-01 22:43:57,d,0,66.0
A000442,S006,Q0034,Data_Structures,3.0,2026-09-01 22:49:57,b,1,22.0
A000629,S008,Q0025,Data_Structures,4.0,2026-09-01 22:51:57,b,0,66.0
A002053,S025,Q0123,NLP,3.0,2026-09-01 22:51:57,a,1,32.0
A001143,S014,Q0044,Statistics,3.0,2026-09-01 22:55:57,b,0,59.0
A000802,S010,Q0096,CNN,3.0,2026-09-01 22:56:57,c,0,59.0
A001651,S020,Q0064,ML,1.0,2026-09-01 23:09:57,a,1,15.0
A001473,S018,Q0029,Data_Structures,1.0,2026-09-01 23:12:57,b,1,25.0
A001062,S013,Q0072,ML,5.0,2026-09-01 23:15:57,d,0,65.0
A003125,S038,Q0117,LSTM,5.0,2026-09-01 23:25:57,d,0,63.0
A001317,S016,Q0054,AI_Basics,4.0,2026-09-01 23:28:57,b,1,51.0
A003213,S039,Q0027,Data_Structures,2.0,2026-09-01 23:30:57,a,0,30.0
A002221,S027,Q0050,AI_Basics,3.0,2026-09-01 23:45:57,b,1,20.0
A000024,S001,Q0122,NLP,5.0,2026-09-01 23:57:57,c,0,60.0
A002644,S032,Q0131,NLP,1.0,2026-09-01 23:58:57,b,0,30.0
A002395,S029,Q0013,Python,2.0,2026-09-02 00:00:57,b,1,30.0
A002795,S034,Q0063,ML,2.0,2026-09-02 00:08:57,a,0,38.0
A001316,S016,Q0018,Python,1.0,2026-09-02 00:10:57,b,1,23.0
A001063,S013,Q0099,RNN,2.0,2026-09-02 00:13:57,d,0,31.0
A000026,S001,Q0044,Statistics,3.0,2026-09-02 00:16:57,c,1,37.0
A002873,S035,Q0052,AI_Basics,3.0,2026-09-02 00:19:57,a,0,45.0
A002646,S032,Q0091,CNN,2.0,2026-09-02 00:35:57,b,1,37.0
A000801,S010,Q0080,Neural_Networks,2.0,2026-09-02 00:37:57,d,0,42.0
A002643,S032,Q0089,CNN,1.0,2026-09-02 00:38:57,b,1,19.0
A002549,S031,Q0088,CNN,2.0,2026-09-02 00:47:57,b,1,24.0
A003043,S037,Q0082,Neural_Networks,2.0,2026-09-02 01:01:57,b,1,40.0
A002798,S034,Q0034,Data_Structures,3.0,2026-09-02 01:16:57,b,1,42.0
A002125,S026,Q0117,LSTM,5.0,2026-09-02 01:17:57,c,0,57.0
A000895,S011,Q0035,Data_Structures,4.0,2026-09-02 01:18:57,c,1,44.0
A002645,S032,Q0028,Data_Structures,5.0,2026-09-02 01:41:57,a,0,56.0
A003126,S038,Q0100,RNN,3.0,2026-09-02 01:46:57,b,1,42.0
A001725,S021,Q0048,Statistics,4.0,2026-09-02 01:51:57,b,1,41.0
A001896,S023,Q0101,RNN,1.0,2026-09-02 01:53:57,b,1,19.0
A000359,S005,Q0070,ML,5.0,2026-09-02 01:54:57,c,0,48.0
A002396,S029,Q0086,CNN,2.0,2026-09-02 02:01:57,b,1,35.0
A000897,S011,Q0021,Python,5.0,2026-09-02 02:11:57,c,0,51.0
A002550,S031,Q0009,Math_Basics,2.0,2026-09-02 02:17:57,a,1,25.0
A000544,S007,Q0060,AI_Basics,1.0,2026-09-02 02:19:57,b,1,44.0
A000543,S007,Q0014,Python,3.0,2026-09-02 02:22:57,d,0,52.0
A002722,S033,Q0106,RNN,5.0,2026-09-02 02:35:57,b,1,40.0
A002308,S028,Q0099,RNN,2.0,2026-09-02 02:37:57,a,1,28.0
A000545,S007,Q0074,Neural_Networks,3.0,2026-09-02 02:38:57,c,0,52.0
A002875,S035,Q0045,Statistics,1.0,2026-09-02 02:39:57,b,1,25.0
A000806,S010,Q0124,NLP,2.0,2026-09-02 02:51:57,d,0,41.0
A001321,S016,Q0050,AI_Basics,3.0,2026-09-02 03:05:57,b,1,29.0
A000805,S010,Q0092,CNN,3.0,2026-09-02 03:12:57,d,0,62.0
A001652,S020,Q0093,CNN,4.0,2026-09-02 03:18:57,b,1,33.0
A001733,S021,Q0037,Statistics,4.0,2026-09-02 03:43:57,c,1,37.0
A002554,S031,Q0072,ML,5.0,2026-09-02 03:49:57,a,1,33.0
A001400,S017,Q0129,NLP,1.0,2026-09-02 03:55:57,b,1,8.0
A001476,S018,Q0005,Math_Basics,3.0,2026-09-02 03:56:57,d,0,40.0
A003046,S037,Q0126,NLP,2.0,2026-09-02 04:04:57,c,0,43.0
A001397,S017,Q0109,LSTM,4.0,2026-09-02 04:07:57,a,1,51.0
A000209,S003,Q0055,AI_Basics,3.0,2026-09-02 04:08:57,a,1,47.0
A002651,S032,Q0078,Neural_Networks,3.0,2026-09-02 04:14:57,a,0,52.0
A003308,S040,Q0126,NLP,2.0,2026-09-02 04:16:57,b,1,24.0
A000550,S007,Q0009,Math_Basics,2.0,2026-09-02 04:18:57,a,1,38.0
A002878,S035,Q0022,Python,4.0,2026-09-02 04:19:57,c,0,61.0
A002727,S033,Q0114,LSTM,2.0,2026-09-02 04:30:57,c,1,22.0
A000556,S007,Q0117,LSTM,5.0,2026-09-02 04:33:57,a,0,65.0
A001324,S016,Q0019,Python,5.0,2026-09-02 04:38:57,c,0,-5.0
A000557,S007,Q0010,Math_Basics,2.0,2026-09-02 04:39:57,b,1,40.0
A001978,S024,Q0097,RNN,2.0,2026-09-02 04:58:57,b,1,18.0
A003228,S039,Q0001,Math_Basics,5.0,2026-09-02 05:01:57,d,0,67.0
A000448,S006,Q0113,LSTM,5.0,2026-09-02 05:09:57,c,0,49.0
A002061,S025,Q0032,Data_Structures,5.0,2026-09-02 05:14:57,a,0,44.0
A001735,S021,Q0088,CNN,2.0,2026-09-02 05:19:57,b,1,33.0
A001563,S019,Q0069,ML,5.0,2026-09-02 05:20:57,a,1,50.0
A001973,S024,Q0007,Math_Basics,5.0,2026-09-02 05:21:57,b,0,57.0
A001145,S014,Q0068,ML,2.0,2026-09-02 05:23:57,d,0,37.0
A001561,S019,Q0004,Math_Basics,2.0,2026-09-02 05:28:57,b,1,29.0
A000987,S012,Q0024,Python,1.0,2026-09-02 05:39:57,c,1,11.0
A001325,S016,Q0123,NLP,3.0,2026-09-02 05:39:57,a,1,46.0
A001150,S014,Q0061,ML,3.0,2026-09-02 05:40:57,d,0,53.0
A002057,S025,Q0072,ML,5.0,2026-09-02 05:45:57,b,0,47.0
A003044,S037,Q0003,Math_Basics,1.0,2026-09-02 05:48:57,b,1,21.0
A000810,S010,Q0034,Data_Structures,3.0,2026-09-02 05:49:57,b,1,
A000450,S006,Q0079,Neural_Networks,5.0,2026-09-02 05:52:57,b,1,47.0
A002725,S033,Q0123,NLP,3.0,2026-09-02 05:56:57,a,1,41.0
A002401,S029,Q0037,Statistics,4.0,2026-09-02 05:57:57,c,1,48.0
A002801,S034,Q0031,Data_Structures,3.0,2026-09-02 06:03:57,c,1,35.0
A003311,S040,Q0054,AI_Basics,4.0,2026-09-02 06:04:57,b,1,37.0
A002228,S027,Q0007,Math_Basics,5.0,2026-09-02 06:54:57,b,0,53.0
A000908,S011,Q0121,NLP,3.0,2026-09-02 07:08:57,a,1,34.0
A002404,S029,Q0082,Neural_Networks,2.0,2026-09-02 07:18:57,c,0,42.0
A000454,S006,Q0044,Statistics,3.0,2026-09-02 07:23:57,c,1,33.0
A003305,S040,Q0017,Python,2.0,2026-09-02 07:29:57,b,1,17.0
A001151,S014,Q0067,ML,3.0,2026-09-02 07:34:57,a,0,58.0
A000807,S010,Q0091,CNN,2.0,2026-09-02 07:56:57,a,0,44.0
A003050,S037,Q0062,ML,2.0,2026-09-02 08:10:57,a,1,31.0
A003048,S037,Q0011,Math_Basics,1.0,2026-09-02 08:11:57,c,1,20.0
A001238,S015,Q0130,NLP,2.0,2026-09-02 08:17:57,a,1,25.0
A000549,S007,Q0130,NLP,2.0,2026-09-02 08:24:57,b,0,44.0
A002402,S029,Q0036,Data_Structures,4.0,2026-09-02 08:25:57,b,1,46.0
A002130,S026,Q0035,Data_Structures,4.0,2026-09-02 08:34:57,c,1,36.0
A001814,S022,Q0097,RNN,2.0,2026-09-02 08:43:57,b,1,22.0
A000029,S001,Q0028,Data_Structures,5.0,2026-09-02 08:46:57,d,0,68.0
A000722,S009,Q0104,RNN,2.0,2026-09-02 08:47:57,d,0,40.0
A002316,S028,Q0059,AI_Basics,4.0,2026-09-02 08:58:57,d,0,44.0
A000363,S005,Q0046,Statistics,3.0,2026-09-02 09:07:57,d,0,46.0
A000906,S011,Q0057,AI_Basics,1.0,2026-09-02 09:09:57,a,1,28.0
A000447,S006,Q0038,Statistics,2.0,2026-09-02 09:11:57,b,1,16.0
A001980,S024,Q0016,Python,3.0,2026-09-02 09:16:57,a,1,27.0
A002063,S025,Q0131,NLP,1.0,2026-09-02 09:24:57,a,1,14.0
A000990,S012,Q0054,AI_Basics,4.0,2026-09-02 09:26:57,b,1,30.0
A001657,S020,Q0075,Neural_Networks,5.0,2026-09-02 09:27:57,b,1,41.0
A001239,S015,Q0037,Statistics,4.0,2026-09-02 09:40:57,c,1,40.0
A001396,S017,Q0092,CNN,3.0,2026-09-02 09:40:57,d,0,28.0
A002649,S032,Q0008,Math_Basics,5.0,2026-09-02 09:46:57,b,0,64.0
A000449,S006,Q0107,RNN,1.0,2026-09-02 09:48:57,a,1,11.0
A002060,S025,Q0044,Statistics,3.0,2026-09-02 09:59:57,c,1,31.0
A001818,S022,Q0030,Data_Structures,2.0,2026-09-02 10:07:57,c,1,26.0
A002880,S035,Q0012,Math_Basics,4.0,2026-09-02 10:11:57,d,0,52.0
A000030,S001,Q0121,NLP,3.0,2026-09-02 10:16:57,a,1,43.0
A001236,S015,Q0023,Python,4.0,2026-09-02 10:23:57,b,1,50.0
A002650,S032,Q0042,Statistics,5.0,2026-09-02 10:26:57,a,0,71.0
A002229,S027,Q0090,CNN,1.0,2026-09-02 10:27:57,a,1,-5.0
A000119,S002,Q0090,CNN,1.0,2026-09-02 10:32:57,a,1,26.0
A000554,S007,Q0091,CNN,2.0,2026-09-02 10:38:57,b,1,45.0
A001065,S013,Q0056,AI_Basics,1.0,2026-09-02 10:39:57,b,1,25.0
A000634,S008,Q0016,Python,3.0,2026-09-02 10:40:57,c,0,53.0
A000553,S007,Q0011,Math_Basics,1.0,2026-09-02 10:54:57,c,1,27.0
A000451,S006,Q0124,NLP,2.0,2026-09-02 10:56:57,a,1,32.0
A003229,S039,Q0110,LSTM,2.0,2026-09-02 11:16:57,c,0,31.0
A000910,S011,Q0071,ML,3.0,2026-09-02 11:23:57,b,1,32.0
A001069,S013,Q0113,LSTM,5.0,2026-09-02 11:44:57,c,0,67.0
A000452,S006,Q0108,RNN,5.0,2026-09-02 11:47:57,a,0,47.0
A000905,S011,Q0052,AI_Basics,3.0,2026-09-02 11:55:57,b,1,51.0
A001901,S023,Q0027,Data_Structures,2.0,2026-09-02 11:58:57,b,1,18.0
A003129,S038,Q0063,ML,2.0,2026-09-02 12:01:57,a,0,36.0
A001071,S013,Q0028,Data_Structures,5.0,2026-09-02 12:07:57,d,0,80.0
A003223,S039,Q0067,ML,3.0,2026-09-02 12:10:57,a,0,47.0
A001817,S022,Q0106,RNN,5.0,2026-09-02 12:20:57,b,1,49.0
A003310,S040,Q0007,Math_Basics,5.0,2026-09-02 12:34:57,c,1,46.0
A001654,S020,Q0125,NLP,1.0,2026-09-02 12:36:57,a,1,22.0
A002555,S031,Q0108,RNN,5.0,2026-09-02 12:37:57,b,1,47.0
A003225,S039,Q0131,NLP,1.0,2026-09-02 12:49:57,b,0,44.0
A003052,S037,Q0068,ML,2.0,2026-09-02 13:12:57,b,1,27.0
A000031,S001,Q0123,NLP,3.0,2026-09-02 13:12:57,a,1,
A002314,S028,Q0102,RNN,2.0,2026-09-02 13:16:57,a,1,21.0
A001398,S017,Q0100,RNN,3.0,2026-09-02 13:18:57,b,1,42.0
A001565,S019,Q0007,Math_Basics,5.0,2026-09-02 13:18:57,d,0,58.0
A000551,S007,Q0020,Python,2.0,2026-09-02 13:19:57,a,0,47.0
A001903,S023,Q0055,AI_Basics,3.0,2026-09-02 13:26:57,a,1,38.0
A000033,S001,Q0044,Statistics,3.0,2026-09-02 13:30:57,d,0,46.0
A002799,S034,Q0099,RNN,2.0,2026-09-02 13:49:57,a,1,35.0
A001148,S014,Q0005,Math_Basics,3.0,2026-09-02 13:59:57,d,0,55.0
A002400,S029,Q0028,Data_Structures,5.0,2026-09-02 14:01:57,c,0,53.0
A002137,S026,Q0097,RNN,2.0,2026-09-02 14:14:57,b,1,26.0
A000721,S009,Q0019,Python,5.0,2026-09-02 14:17:57,a,0,80.0
A002138,S026,Q0094,CNN,5.0,2026-09-02 14:22:57,b,0,58.0
A000909,S011,Q0122,NLP,5.0,2026-09-02 14:34:57,a,0,39.0
A001152,S014,Q0067,ML,3.0,2026-09-02 14:40:57,c,0,54.0
A002726,S033,Q0064,ML,1.0,2026-09-02 14:41:57,a,1,20.0
A000453,S006,Q0100,RNN,3.0,2026-09-02 14:56:57,b,1,37.0
A000986,S012,Q0011,Math_Basics,1.0,2026-09-02 14:59:57,a,0,20.0
A002968,S036,Q0126,NLP,2.0,2026-09-02 15:05:57,b,1,29.0
A001474,S018,Q0119,LSTM,4.0,2026-09-02 15:11:57,c,0,71.0
A002405,S029,Q0045,Statistics,1.0,2026-09-02 15:11:57,b,1,23.0
A003047,S037,Q0011,Math_Basics,1.0,2026-09-02 15:11:57,c,1,21.0
A000723,S009,Q0049,AI_Basics,4.0,2026-09-02 15:18:57,a,1,70.0
A000725,S009,Q0102,RNN,2.0,2026-09-02 15:27:57,a,1,36.0
A001900,S023,Q0019,Python,5.0,2026-09-02 15:36:57,b,1,50.0
A000365,S005,Q0033,Data_Structures,2.0,2026-09-02 15:37:57,b,1,43.0
A003045,S037,Q0028,Data_Structures,5.0,2026-09-02 15:51:57,a,0,70.0
A001323,S016,Q0041,Statistics,4.0,2026-09-02 16:15:57,b,1,47.0
A000632,S008,Q0111,LSTM,1.0,2026-09-02 16:20:57,c,0,36.0
A003306,S040,Q0069,ML,5.0,2026-09-02 16:22:57,b,0,49.0
A001815,S022,Q0112,LSTM,3.0,2026-09-02 16:37:57,a,1,36.0
A000988,S012,Q0079,Neural_Networks,5.0,2026-09-02 16:57:57,b,1,48.0
A001237,S015,Q0123,NLP,3.0,2026-09-02 16:59:57,a,1,34.0
A001399,S017,Q0043,Statistics,4.0,2026-09-02 17:02:57,c,1,43.0
A000364,S005,Q0020,Python,2.0,2026-09-02 17:07:57,c,1,33.0
A000285,S004,Q0005,Math_Basics,3.0,2026-09-02 17:08:57,a,1,47.0
A000636,S008,Q0125,NLP,1.0,2026-09-02 17:09:57,d,0,31.0
A003230,S039,Q0008,Math_Basics,5.0,2026-09-02 17:20:57,b,0,67.0
A001564,S019,Q0017,Python,2.0,2026-09-02 17:24:57,b,1,29.0
A000120,S002,Q0087,CNN,1.0,2026-09-02 17:24:57,b,1,14.0
A002315,S028,Q0123,NLP,3.0,2026-09-02 17:30:57,a,1,40.0
A000811,S010,Q0073,Neural_Networks,5.0,2026-09-02 17:32:57,b,0,97.0
A001149,S014,Q0016,Python,3.0,2026-09-02 17:38:57,b,0,40.0
A000283,S004,Q0010,Math_Basics,2.0,2026-09-02 17:57:57,b,1,34.0
A002403,S029,Q0052,AI_Basics,3.0,2026-09-02 18:03:57,b,1,29.0
A001974,S024,Q0107,RNN,1.0,2026-09-02 18:04:57,a,1,14.0
A000809,S010,Q0109,LSTM,4.0,2026-09-02 18:20:57,d,0,59.0
A002969,S036,Q0001,Math_Basics,5.0,2026-09-02 18:24:57,a,0,74.0
A000635,S008,Q0066,ML,2.0,2026-09-02 18:29:57,a,1,37.0
A001734,S021,Q0088,CNN,2.0,2026-09-02 18:36:57,b,1,41.0
A002967,S036,Q0096,CNN,3.0,2026-09-02 18:37:57,c,0,54.0
A002877,S035,Q0063,ML,2.0,2026-09-02 18:37:57,c,0,35.0
A003051,S037,Q0132,NLP,3.0,2026-09-02 18:43:57,c,0,53.0
A000984,S012,Q0113,LSTM,5.0,2026-09-02 19:00:57,b,1,48.0
A001477,S018,Q0016,Python,3.0,2026-09-02 19:01:57,d,0,54.0
A001732,S021,Q0129,NLP,1.0,2026-09-02 19:03:57,b,1,19.0
A001146,S014,Q0080,Neural_Networks,2.0,2026-09-02 19:15:57,d,0,37.0
A001475,S018,Q0054,AI_Basics,4.0,2026-09-02 19:16:57,c,0,51.0
A002227,S027,Q0015,Python,2.0,2026-09-02 19:19:57,b,1,23.0
A000552,S007,Q0122,NLP,5.0,2026-09-02 19:23:57,d,0,64.0
A000985,S012,Q0056,AI_Basics,1.0,2026-09-02 19:26:57,b,1,11.0
A002728,S033,Q0019,Python,5.0,2026-09-02 19:35:57,b,1,42.0
A002132,S026,Q0057,AI_Basics,1.0,2026-09-02 19:43:57,a,1,
A000205,S003,Q0065,ML,1.0,2026-09-02 19:46:57,b,1,24.0
A003226,S039,Q0059,AI_Basics,4.0,2026-09-02 20:16:57,b,0,59.0
A002473,S030,Q0070,ML,5.0,2026-09-02 20:25:57,d,0,55.0
A002062,S025,Q0124,NLP,2.0,2026-09-02 20:26:57,a,1,15.0
A000366,S005,Q0116,LSTM,1.0,2026-09-02 20:34:57,b,1,31.0
A000724,S009,Q0077,Neural_Networks,2.0,2026-09-02 20:58:57,a,1,38.0
A003231,S039,Q0049,AI_Basics,4.0,2026-09-02 21:02:57,c,0,63.0
A001975,S024,Q0127,NLP,3.0,2026-09-02 21:23:57,b,1,38.0
A002133,S026,Q0059,AI_Basics,4.0,2026-09-02 21:24:57,a,1,41.0
A001655,S020,Q0097,RNN,2.0,2026-09-02 21:24:57,b,1,21.0
A003130,S038,Q0101,RNN,1.0,2026-09-02 21:25:57,b,1,32.0
A000203,S003,Q0123,NLP,3.0,2026-09-02 21:32:57,d,0,55.0
A003307,S040,Q0062,ML,2.0,2026-09-02 21:36:57,a,1,29.0
A000204,S003,Q0100,RNN,3.0,2026-09-02 21:50:57,b,1,52.0
A002225,S027,Q0097,RNN,2.0,2026-09-02 21:51:57,b,1,31.0
A001902,S023,Q0046,Statistics,3.0,2026-09-02 21:54:57,c,1,53.0
A000282,S004,Q0130,NLP,2.0,2026-09-02 21:56:57,d,0,43.0
A002131,S026,Q0114,LSTM,2.0,2026-09-02 21:58:57,c,1,23.0
A003309,S040,Q0056,AI_Basics,1.0,2026-09-02 22:02:57,b,1,25.0
A002724,S033,Q0058,AI_Basics,5.0,2026-09-02 22:02:57,d,0,55.0
A003227,S039,Q0062,ML,2.0,2026-09-02 22:14:57,d,0,49.0
A002058,S025,Q0108,RNN,5.0,2026-09-02 22:14:57,b,1,48.0
A002800,S034,Q0089,CNN,1.0,2026-09-02 22:21:57,b,1,26.0
A000548,S007,Q0082,Neural_Networks,2.0,2026-09-02 22:31:57,c,0,42.0
A002135,S026,Q0029,Data_Structures,1.0,2026-09-02 22:38:57,b,1,15.0
A000207,S003,Q0018,Python,1.0,2026-09-02 22:51:57,b,1,27.0
A001976,S024,Q0020,Python,2.0,2026-09-02 22:53:57,c,1,28.0
A002056,S025,Q0017,Python,2.0,2026-09-02 23:01:57,b,1,42.0
A000032,S001,Q0130,NLP,2.0,2026-09-02 23:08:57,a,1,38.0
A001656,S020,Q0058,AI_Basics,5.0,2026-09-02 23:10:57,a,0,64.0
A001067,S013,Q0073,Neural_Networks,5.0,2026-09-02 23:23:57,c,0,69.0
A001066,S013,Q0020,Python,2.0,2026-09-02 23:25:57,a,0,45.0
A000208,S003,Q0057,AI_Basics,1.0,2026-09-02 23:38:57,a,1,28.0
A002966,S036,Q0022,Python,4.0,2026-09-03 00:05:57,d,0,46.0
A000202,S003,Q0037,Statistics,4.0,2026-09-03 00:13:57,a,0,57.0
A000206,S003,Q0059,AI_Basics,4.0,2026-09-03 00:16:57,b,0,59.0
A000281,S004,Q0017,Python,2.0,2026-09-03 00:20:57,b,1,25.0
A002317,S028,Q0078,Neural_Networks,3.0,2026-09-03 00:22:57,b,1,39.0
A000992,S012,Q0040,Statistics,3.0,2026-09-03 00:23:57,b,1,34.0
A000362,S005,Q0036,Data_Structures,4.0,2026-09-03 00:29:57,b,1,63.0
A001147,S014,Q0100,RNN,3.0,2026-09-03 00:43:57,a,0,49.0
A002648,S032,Q0116,LSTM,1.0,2026-09-03 01:00:57,c,0,28.0
A002136,S026,Q0087,CNN,1.0,2026-09-03 01:02:57,b,1,31.0
A003053,S037,Q0025,Data_Structures,4.0,2026-09-03 01:03:57,b,0,48.0
A000280,S004,Q0042,Statistics,5.0,2026-09-03 01:06:57,d,0,57.0
A002879,S035,Q0115,LSTM,4.0,2026-09-03 01:15:57,c,0,58.0
A001979,S024,Q0035,Data_Structures,4.0,2026-09-03 01:18:57,c,1,30.0
A003224,S039,Q0097,RNN,2.0,2026-09-03 01:28:57,a,0,28.0
A001977,S024,Q0020,Python,2.0,2026-09-03 01:49:57,c,1,29.0
A002556,S031,Q0110,LSTM,2.0,2026-09-03 01:54:57,a,1,31.0
A001816,S022,Q0124,NLP,2.0,2026-09-03 01:55:57,a,1,18.0
A001562,S019,Q0015,Python,2.0,2026-09-03 01:56:57,b,1,21.0
A000989,S012,Q0124,NLP,2.0,2026-09-03 01:58:57,a,1,25.0
A000720,S009,Q0005,Math_Basics,3.0,2026-09-03 02:10:57,b,0,47.0
A002474,S030,Q0036,Data_Structures,4.0,2026-09-03 02:15:57,b,1,51.0
A002059,S025,Q0093,CNN,4.0,2026-09-03 02:27:57,b,1,46.0
A000121,S002,Q0034,Data_Structures,3.0,2026-09-03 02:28:57,b,1,48.0
A000808,S010,Q0111,LSTM,1.0,2026-09-03 02:31:57,b,0,30.0
A002134,S026,Q0086,CNN,2.0,2026-09-03 02:33:57,c,0,28.0
A000991,S012,Q0035,Data_Structures,4.0,2026-09-03 02:37:57,c,1,47.0
A000633,S008,Q0056,AI_Basics,1.0,2026-09-03 02:45:57,b,1,34.0
A002226,S027,Q0130,NLP,2.0,2026-09-03 02:55:57,a,1,21.0
A001070,S013,Q0088,CNN,2.0,2026-09-03 02:56:57,d,0,48.0
A000907,S011,Q0004,Math_Basics,2.0,2026-09-03 02:59:57,b,1,26.0
A000284,S004,Q0069,ML,5.0,2026-09-03 03:03:57,c,0,63.0
A002313,S028,Q0131,NLP,1.0,2026-09-03 03:18:57,a,1,21.0
A002231,S027,Q0089,CNN,1.0,2026-09-03 03:25:57,d,0,
A003056,S037,Q0012,Math_Basics,4.0,2026-09-03 03:28:57,b,0,46.0
A000638,S008,Q0119,LSTM,4.0,2026-09-03 03:55:57,a,0,50.0
A002882,S035,Q0092,CNN,3.0,2026-09-03 04:31:57,d,0,45.0
A003316,S040,Q0013,Python,2.0,2026-09-03 04:37:57,b,1,31.0
A000812,S010,Q0044,Statistics,3.0,2026-09-03 05:03:57,c,1,49.0
A001327,S016,Q0079,Neural_Networks,5.0,2026-09-03 05:06:57,a,0,47.0
A001910,S023,Q0035,Data_Structures,4.0,2026-09-03 05:24:57,a,0,51.0
A002066,S025,Q0116,LSTM,1.0,2026-09-03 05:29:57,b,1,16.0
A000124,S002,Q0103,RNN,3.0,2026-09-03 05:30:57,b,1,20.0
A002069,S025,Q0091,CNN,2.0,2026-09-03 05:34:57,b,1,29.0
A001567,S019,Q0003,Math_Basics,1.0,2026-09-03 05:34:57,b,1,25.0
A000993,S012,Q0100,RNN,3.0,2026-09-03 05:44:57,b,1,29.0
A001159,S014,Q0042,Statistics,5.0,2026-09-03 05:52:57,c,0,62.0
A000728,S009,Q0032,Data_Structures,5.0,2026-09-03 06:02:57,d,0,78.0
A000290,S004,Q0038,Statistics,2.0,2026-09-03 06:05:57,b,1,34.0
A000036,S001,Q0046,Statistics,3.0,2026-09-03 06:06:57,d,0,38.0
A001745,S021,Q0116,LSTM,1.0,2026-09-03 06:12:57,b,1,13.0
A001738,S021,Q0065,ML,1.0,2026-09-03 06:16:57,b,1,42.0
A001984,S024,Q0019,Python,5.0,2026-09-03 06:27:57,a,0,33.0
A001328,S016,Q0043,Statistics,4.0,2026-09-03 06:27:57,c,1,35.0
A002234,S027,Q0028,Data_Structures,5.0,2026-09-03 06:38:57,b,1,40.0
A001821,S022,Q0121,NLP,3.0,2026-09-03 06:39:57,a,1,26.0
A001330,S016,Q0109,LSTM,4.0,2026-09-03 06:43:57,a,1,50.0
A001908,S023,Q0063,ML,2.0,2026-09-03 06:48:57,b,1,31.0
A000123,S002,Q0047,Statistics,5.0,2026-09-03 06:55:57,d,0,72.0
A000367,S005,Q0004,Math_Basics,2.0,2026-09-03 06:55:57,b,1,33.0
A002319,S028,Q0003,Math_Basics,1.0,2026-09-03 06:56:57,b,1,27.0
A000288,S004,Q0091,CNN,2.0,2026-09-03 06:57:57,d,0,36.0
A002808,S034,Q0018,Python,1.0,2026-09-03 07:07:57,b,1,30.0
A000996,S012,Q0073,Neural_Networks,5.0,2026-09-03 07:33:57,d,0,54.0
A001660,S020,Q0023,Python,4.0,2026-09-03 07:42:57,b,1,52.0
A000814,S010,Q0125,NLP,1.0,2026-09-03 07:52:57,a,1,31.0
A000912,S011,Q0113,LSTM,5.0,2026-09-03 07:52:57,d,0,44.0
A001074,S013,Q0109,LSTM,4.0,2026-09-03 07:54:57,b,0,50.0
A000037,S001,Q0129,NLP,1.0,2026-09-03 07:56:57,b,1,28.0
A002065,S025,Q0051,AI_Basics,3.0,2026-09-03 08:05:57,b,1,42.0
A002884,S035,Q0089,CNN,1.0,2026-09-03 08:12:57,d,0,30.0
A001823,S022,Q0050,AI_Basics,3.0,2026-09-03 08:20:57,b,1,32.0
A001982,S024,Q0093,CNN,4.0,2026-09-03 08:32:57,b,1,30.0
A000286,S004,Q0105,RNN,4.0,2026-09-03 08:34:57,a,0,51.0
A003314,S040,Q0100,RNN,3.0,2026-09-03 08:35:57,b,1,32.0
A000562,S007,Q0061,ML,3.0,2026-09-03 08:38:57,d,0,49.0
A002479,S030,Q0126,NLP,2.0,2026-09-03 08:40:57,b,1,19.0
A003233,S039,Q0056,AI_Basics,1.0,2026-09-03 08:44:57,b,1,-5.0
A001820,S022,Q0082,Neural_Networks,2.0,2026-09-03 08:48:57,b,1,20.0
A002067,S025,Q0071,ML,3.0,2026-09-03 08:53:57,b,1,30.0
A001743,S021,Q0065,ML,1.0,2026-09-03 08:57:57,b,1,
A002729,S033,Q0060,AI_Basics,1.0,2026-09-03 09:01:57,b,1,29.0
A000458,S006,Q0027,Data_Structures,2.0,2026-09-03 09:16:57,b,1,27.0
A001906,S023,Q0098,RNN,4.0,2026-09-03 09:18:57,a,1,50.0
A003131,S038,Q0112,LSTM,3.0,2026-09-03 09:22:57,c,0,36.0
A001907,S023,Q0103,RNN,3.0,2026-09-03 09:39:57,b,1,35.0
A001570,S019,Q0037,Statistics,4.0,2026-09-03 09:45:57,c,1,58.0
A001077,S013,Q0119,LSTM,4.0,2026-09-03 09:46:57,d,0,65.0
A001075,S013,Q0037,Statistics,4.0,2026-09-03 09:50:57,b,0,62.0
A002407,S029,Q0042,Statistics,5.0,2026-09-03 10:12:57,c,0,63.0
A000727,S009,Q0049,AI_Basics,4.0,2026-09-03 10:17:57,c,0,48.0
A002805,S034,Q0110,LSTM,2.0,2026-09-03 10:21:57,d,0,36.0
A001744,S021,Q0016,Python,3.0,2026-09-03 10:33:57,a,1,25.0
A002557,S031,Q0050,AI_Basics,3.0,2026-09-03 10:33:57,b,1,40.0
A003054,S037,Q0011,Math_Basics,1.0,2026-09-03 10:41:57,c,1,36.0
A000368,S005,Q0071,ML,3.0,2026-09-03 10:56:57,d,0,36.0
A000560,S007,Q0050,AI_Basics,3.0,2026-09-03 11:07:57,a,0,54.0
A002730,S033,Q0043,Statistics,4.0,2026-09-03 11:32:57,c,1,36.0
A002802,S034,Q0037,Statistics,4.0,2026-09-03 11:36:57,c,1,45.0
A002406,S029,Q0050,AI_Basics,3.0,2026-09-03 11:44:57,b,1,32.0
A002803,S034,Q0045,Statistics,1.0,2026-09-03 11:47:57,b,1,17.0
A001406,S017,Q0085,CNN,5.0,2026-09-03 12:00:57,b,1,37.0
A002476,S030,Q0022,Python,4.0,2026-09-03 12:01:57,a,1,53.0
A001736,S021,Q0027,Data_Structures,2.0,2026-09-03 12:48:57,b,1,26.0
A000456,S006,Q0117,LSTM,5.0,2026-09-03 13:01:57,b,1,50.0
A002804,S034,Q0118,LSTM,4.0,2026-09-03 13:02:57,d,0,73.0
A003135,S038,Q0052,AI_Basics,3.0,2026-09-03 13:02:57,c,0,42.0
A003133,S038,Q0110,LSTM,2.0,2026-09-03 13:10:57,a,1,33.0
A001240,S015,Q0003,Math_Basics,1.0,2026-09-03 13:10:57,b,1,27.0
A003134,S038,Q0108,RNN,5.0,2026-09-03 13:26:57,a,0,52.0
A000561,S007,Q0028,Data_Structures,5.0,2026-09-03 13:27:57,c,0,76.0
A002318,S028,Q0118,LSTM,4.0,2026-09-03 13:47:57,d,0,45.0
A001983,S024,Q0055,AI_Basics,3.0,2026-09-03 13:50:57,a,1,36.0
A000558,S007,Q0035,Data_Structures,4.0,2026-09-03 14:05:57,d,0,65.0
A000122,S002,Q0032,Data_Structures,5.0,2026-09-03 14:13:57,c,1,62.0
A001326,S016,Q0021,Python,5.0,2026-09-03 14:25:57,d,0,54.0
A001905,S023,Q0042,Statistics,5.0,2026-09-03 14:25:57,c,0,58.0
A002140,S026,Q0047,Statistics,5.0,2026-09-03 14:30:57,b,1,49.0
A002881,S035,Q0065,ML,1.0,2026-09-03 14:33:57,b,1,22.0
A001904,S023,Q0129,NLP,1.0,2026-09-03 14:36:57,b,1,26.0
A000641,S008,Q0108,RNN,5.0,2026-09-03 14:40:57,d,0,65.0
A002480,S030,Q0038,Statistics,2.0,2026-09-03 14:42:57,b,1,20.0
A002883,S035,Q0053,AI_Basics,4.0,2026-09-03 14:43:57,c,0,50.0
A000210,S003,Q0055,AI_Basics,3.0,2026-09-03 14:48:57,d,0,43.0
A001244,S015,Q0125,NLP,1.0,2026-09-03 14:53:57,a,1,26.0
A001153,S014,Q0029,Data_Structures,1.0,2026-09-03 14:57:57,b,1,30.0
A002477,S030,Q0083,Neural_Networks,4.0,2026-09-03 15:03:57,b,1,49.0
A000642,S008,Q0119,LSTM,4.0,2026-09-03 15:05:57,c,0,67.0
A001981,S024,Q0005,Math_Basics,3.0,2026-09-03 15:17:57,b,0,37.0
A001160,S014,Q0078,Neural_Networks,3.0,2026-09-03 15:26:57,a,0,52.0
A003234,S039,Q0055,AI_Basics,3.0,2026-09-03 15:26:57,a,1,55.0
A001739,S021,Q0109,LSTM,4.0,2026-09-03 15:35:57,a,1,25.0
A001909,S023,Q0078,Neural_Networks,3.0,2026-09-03 15:47:57,b,1,28.0
A001826,S022,Q0076,Neural_Networks,2.0,2026-09-03 16:16:57,b,1,22.0
A001658,S020,Q0092,CNN,3.0,2026-09-03 16:28:57,a,1,33.0
A003057,S037,Q0029,Data_Structures,1.0,2026-09-03 16:29:57,b,1,24.0
A002230,S027,Q0108,RNN,5.0,2026-09-03 16:36:57,b,1,35.0
A003317,S040,Q0127,NLP,3.0,2026-09-03 16:40:57,b,1,20.0
A002408,S029,Q0131,NLP,1.0,2026-09-03 16:47:57,b,0,24.0
A001076,S013,Q0072,ML,5.0,2026-09-03 16:52:57,a,1,77.0
A002233,S027,Q0002,Math_Basics,4.0,2026-09-03 17:07:57,c,1,39.0
A002481,S030,Q0095,CNN,5.0,2026-09-03 17:14:57,a,0,48.0
A001661,S020,Q0055,AI_Basics,3.0,2026-09-03 17:16:57,a,1,40.0
A000913,S011,Q0082,Neural_Networks,2.0,2026-09-03 17:17:57,b,1,31.0
A001740,S021,Q0059,AI_Basics,4.0,2026-09-03 17:26:57,a,1,35.0
A001481,S018,Q0054,AI_Basics,4.0,2026-09-03 17:29:57,c,0,51.0
A000043,S001,Q0104,RNN,2.0,2026-09-03 17:32:57,b,1,36.0
A001401,S017,Q0086,CNN,2.0,2026-09-03 17:35:57,b,1,13.0
A001742,S021,Q0058,AI_Basics,5.0,2026-09-03 17:37:57,b,1,52.0
A003315,S040,Q0075,Neural_Networks,5.0,2026-09-03 17:39:57,c,0,42.0
A001157,S014,Q0032,Data_Structures,5.0,2026-09-03 17:42:57,a,0,59.0
A002558,S031,Q0026,Data_Structures,2.0,2026-09-03 18:09:57,c,0,18.0
A000287,S004,Q0054,AI_Basics,4.0,2026-09-03 18:14:57,c,0,51.0
A002232,S027,Q0079,Neural_Networks,5.0,2026-09-03 18:21:57,a,0,41.0
A000370,S005,Q0064,ML,1.0,2026-09-03 18:38:57,c,0,32.0
A001156,S014,Q0040,Statistics,3.0,2026-09-03 18:39:57,c,0,46.0
A002320,S028,Q0081,Neural_Networks,5.0,2026-09-03 18:46:57,c,0,50.0
A003055,S037,Q0061,ML,3.0,2026-09-03 18:48:57,b,1,42.0
A001568,S019,Q0081,Neural_Networks,5.0,2026-09-03 18:48:57,b,1,27.0
A001566,S019,Q0014,Python,3.0,2026-09-03 18:50:57,a,1,33.0
A001479,S018,Q0099,RNN,2.0,2026-09-03 18:51:57,c,0,43.0
A001405,S017,Q0057,AI_Basics,1.0,2026-09-03 18:54:57,a,1,11.0
A000292,S004,Q0097,RNN,2.0,2026-09-03 18:56:57,d,0,
A002560,S031,Q0092,CNN,3.0,2026-09-03 19:03:57,a,1,26.0
A000034,S001,Q0084,Neural_Networks,1.0,2026-09-03 19:03:57,b,1,29.0
A002139,S026,Q0107,RNN,1.0,2026-09-03 19:11:57,a,1,20.0
A000637,S008,Q0017,Python,2.0,2026-09-03 19:24:57,b,1,38.0
A003132,S038,Q0068,ML,2.0,2026-09-03 19:33:57,a,0,14.0
A000369,S005,Q0001,Math_Basics,5.0,2026-09-03 19:37:57,c,1,55.0
A000995,S012,Q0071,ML,3.0,2026-09-03 19:38:57,b,1,24.0
A002064,S025,Q0120,LSTM,5.0,2026-09-03 19:44:57,b,1,36.0
A001158,S014,Q0075,Neural_Networks,5.0,2026-09-03 19:45:57,c,0,74.0
A000640,S008,Q0100,RNN,3.0,2026-09-03 19:50:57,c,0,39.0
A001825,S022,Q0015,Python,2.0,2026-09-03 19:51:57,b,1,20.0
A000911,S011,Q0123,NLP,3.0,2026-09-03 19:52:57,a,1,46.0
A003312,S040,Q0071,ML,3.0,2026-09-03 19:56:57,a,0,30.0
A001746,S021,Q0120,LSTM,5.0,2026-09-03 20:01:57,b,1,36.0
A002475,S030,Q0038,Statistics,2.0,2026-09-03 20:03:57,b,1,25.0
A000459,S006,Q0129,NLP,1.0,2026-09-03 20:10:57,b,1,31.0
A002321,S028,Q0047,Statistics,5.0,2026-09-03 20:22:57,b,1,41.0
A000291,S004,Q0056,AI_Basics,1.0,2026-09-03 20:27:57,b,1,27.0
A001659,S020,Q0042,Statistics,5.0,2026-09-03 20:29:57,b,1,28.0
A003058,S037,Q0129,NLP,1.0,2026-09-03 20:37:57,b,1,32.0
A003232,S039,Q0088,CNN,2.0,2026-09-03 20:43:57,b,1,23.0
A001824,S022,Q0087,CNN,1.0,2026-09-03 20:58:57,b,1,12.0
A001480,S018,Q0086,CNN,2.0,2026-09-03 20:59:57,d,0,51.0
A001662,S020,Q0019,Python,5.0,2026-09-03 21:07:57,a,0,66.0
A000455,S006,Q0111,LSTM,1.0,2026-09-03 21:29:57,a,1,20.0
A002971,S036,Q0050,AI_Basics,3.0,2026-09-03 21:46:57,a,0,58.0
A000994,S012,Q0014,Python,3.0,2026-09-03 21:49:57,d,0,47.0
A001402,S017,Q0091,CNN,2.0,2026-09-03 22:09:57,b,1,32.0
A002068,S025,Q0029,Data_Structures,1.0,2026-09-03 22:10:57,b,1,19.0
A000035,S001,Q0011,Math_Basics,1.0,2026-09-03 22:18:57,c,1,19.0
A000038,S001,Q0048,Statistics,4.0,2026-09-03 22:25:57,b,1,47.0
A000726,S009,Q0088,CNN,2.0,2026-09-03 22:33:57,d,0,35.0
A001154,S014,Q0036,Data_Structures,4.0,2026-09-03 22:52:57,d,0,49.0
A000559,S007,Q0069,ML,5.0,2026-09-03 22:53:57,a,1,71.0
A002806,S034,Q0120,LSTM,5.0,2026-09-03 22:53:57,d,0,68.0
A001569,S019,Q0122,NLP,5.0,2026-09-03 23:25:57,d,0,43.0
A000041,S001,Q0005,Math_Basics,3.0,2026-09-03 23:27:57,a,1,46.0
A001819,S022,Q0108,RNN,5.0,2026-09-03 23:31:57,c,0,43.0
A001241,S015,Q0047,Statistics,5.0,2026-09-03 23:36:57,b,1,44.0
A000639,S008,Q0082,Neural_Networks,2.0,2026-09-03 23:51:57,d,0,34.0
A000126,S002,Q0130,NLP,2.0,2026-09-03 23:53:57,a,1,31.0
A002478,S030,Q0002,Math_Basics,4.0,2026-09-03 23:55:57,a,0,65.0
A001161,S014,Q0008,Math_Basics,5.0,2026-09-03 23:55:57,c,0,82.0
A000040,S001,Q0131,NLP,1.0,2026-09-04 00:07:57,a,1,19.0
A003313,S040,Q0074,Neural_Networks,3.0,2026-09-04 00:10:57,b,1,26.0
A001822,S022,Q0064,ML,1.0,2026-09-04 00:11:57,a,1,13.0
A000039,S001,Q0104,RNN,2.0,2026-09-04 00:13:57,b,1,44.0
A001073,S013,Q0080,Neural_Networks,2.0,2026-09-04 00:13:57,a,1,45.0
A001243,S015,Q0107,RNN,1.0,2026-09-04 00:19:57,a,1,28.0
A002559,S031,Q0036,Data_Structures,4.0,2026-09-04 00:34:57,c,0,38.0
A002653,S032,Q0131,NLP,1.0,2026-09-04 00:34:57,a,1,39.0
A003235,S039,Q0003,Math_Basics,1.0,2026-09-04 00:44:57,b,1,30.0
A001737,S021,Q0099,RNN,2.0,2026-09-04 00:59:57,a,1,26.0
A001403,S017,Q0090,CNN,1.0,2026-09-04 01:00:57,a,1,20.0
A000289,S004,Q0053,AI_Basics,4.0,2026-09-04 01:03:57,d,0,59.0
A001404,S017,Q0060,AI_Basics,1.0,2026-09-04 01:04:57,b,1,11.0
A000457,S006,Q0021,Python,5.0,2026-09-04 01:07:57,b,1,43.0
A001155,S014,Q0023,Python,4.0,2026-09-04 01:12:57,d,0,39.0
A000563,S007,Q0069,ML,5.0,2026-09-04 01:22:57,c,0,72.0
A001072,S013,Q0049,AI_Basics,4.0,2026-09-04 01:26:57,c,0,54.0
A000813,S010,Q0095,CNN,5.0,2026-09-04 01:42:57,a,0,88.0
A001478,S018,Q0078,Neural_Networks,3.0,2026-09-04 01:44:57,d,0,52.0
A001242,S015,Q0080,Neural_Networks,2.0,2026-09-04 01:46:57,a,1,21.0
A000042,S001,Q0007,Math_Basics,5.0,2026-09-04 01:55:57,b,0,61.0
A001329,S016,Q0026,Data_Structures,2.0,2026-09-04 01:56:57,a,1,35.0
A000125,S002,Q0003,Math_Basics,1.0,2026-09-04 02:06:57,b,1,33.0
A001911,S023,Q0051,AI_Basics,3.0,2026-09-04 02:28:57,b,1,-5.0
A002807,S034,Q0088,CNN,2.0,2026-09-04 02:39:57,b,1,29.0
A002970,S036,Q0117,LSTM,5.0,2026-09-04 02:50:57,c,0,62.0
A002652,S032,Q0009,Math_Basics,2.0,2026-09-04 02:52:57,a,1,32.0
A002322,S028,Q0055,AI_Basics,3.0,2026-09-04 02:57:57,a,1,42.0
A001741,S021,Q0009,Math_Basics,2.0,2026-09-04 03:14:57,a,1,31.0
A002326,S028,Q0020,Python,2.0,2026-09-04 03:23:57,c,1,20.0
A000298,S004,Q0004,Math_Basics,2.0,2026-09-04 03:24:57,d,0,36.0
A002141,S026,Q0027,Data_Structures,2.0,2026-09-04 03:27:57,b,1,26.0
A002482,S030,Q0051,AI_Basics,3.0,2026-09-04 03:37:57,b,1,35.0
A001575,S019,Q0091,CNN,2.0,2026-09-04 03:56:57,b,1,19.0
A001483,S018,Q0108,RNN,5.0,2026-09-04 03:58:57,c,0,88.0
A000044,S001,Q0004,Math_Basics,2.0,2026-09-04 04:00:57,b,1,10.0
A000294,S004,Q0053,AI_Basics,4.0,2026-09-04 04:16:57,b,1,49.0
A002324,S028,Q0059,AI_Basics,4.0,2026-09-04 04:18:57,b,0,39.0
A003064,S037,Q0084,Neural_Networks,1.0,2026-09-04 04:23:57,b,1,15.0
A003062,S037,Q0069,ML,5.0,2026-09-04 04:23:57,b,0,46.0
A001747,S021,Q0061,ML,3.0,2026-09-04 04:36:57,b,1,22.0
A001987,S024,Q0084,Neural_Networks,1.0,2026-09-04 04:36:57,b,1,12.0
A001485,S018,Q0009,Math_Basics,2.0,2026-09-04 04:43:57,a,1,33.0
A000821,S010,Q0018,Python,1.0,2026-09-04 04:43:57,b,1,27.0
A000820,S010,Q0077,Neural_Networks,2.0,2026-09-04 04:45:57,b,0,37.0
A003136,S038,Q0029,Data_Structures,1.0,2026-09-04 05:08:57,b,1,33.0
A003061,S037,Q0120,LSTM,5.0,2026-09-04 05:19:57,d,0,70.0
A001334,S016,Q0004,Math_Basics,2.0,2026-09-04 05:29:57,b,1,26.0
A001162,S014,Q0075,Neural_Networks,5.0,2026-09-04 05:40:57,a,0,78.0
A002236,S027,Q0103,RNN,3.0,2026-09-04 05:40:57,b,1,23.0
A000129,S002,Q0123,NLP,3.0,2026-09-04 05:59:57,a,1,27.0
A002974,S036,Q0128,NLP,1.0,2026-09-04 06:13:57,b,1,33.0
A001576,S019,Q0019,Python,5.0,2026-09-04 06:14:57,a,0,58.0
A000644,S008,Q0084,Neural_Networks,1.0,2026-09-04 06:23:57,b,1,32.0
A000128,S002,Q0116,LSTM,1.0,2026-09-04 06:25:57,b,1,13.0
A001247,S015,Q0117,LSTM,5.0,2026-09-04 06:28:57,b,1,56.0
A001163,S014,Q0017,Python,2.0,2026-09-04 06:31:57,b,1,48.0
A002073,S025,Q0128,NLP,1.0,2026-09-04 06:38:57,b,1,11.0
A002972,S036,Q0098,RNN,4.0,2026-09-04 06:47:57,c,0,47.0
A003319,S040,Q0131,NLP,1.0,2026-09-04 06:54:57,a,1,16.0
A002887,S035,Q0004,Math_Basics,2.0,2026-09-04 06:58:57,b,1,34.0
A002237,S027,Q0030,Data_Structures,2.0,2026-09-04 07:11:57,c,1,23.0
A000295,S004,Q0035,Data_Structures,4.0,2026-09-04 07:13:57,d,0,44.0
A001486,S018,Q0096,CNN,3.0,2026-09-04 07:18:57,c,0,56.0
A002074,S025,Q0124,NLP,2.0,2026-09-04 07:30:57,a,1,27.0
A001664,S020,Q0032,Data_Structures,5.0,2026-09-04 07:34:57,d,0,51.0
A000818,S010,Q0032,Data_Structures,5.0,2026-09-04 07:41:57,d,0,68.0
A000130,S002,Q0081,Neural_Networks,5.0,2026-09-04 07:44:57,a,0,49.0
A000648,S008,Q0027,Data_Structures,2.0,2026-09-04 07:59:57,d,0,51.0
A003059,S037,Q0031,Data_Structures,3.0,2026-09-04 07:59:57,c,1,53.0
A002486,S030,Q0132,NLP,3.0,2026-09-04 08:08:57,a,1,39.0
A002973,S036,Q0090,CNN,1.0,2026-09-04 08:23:57,a,1,-5.0
A002736,S033,Q0122,NLP,5.0,2026-09-04 08:34:57,c,0,47.0
A000464,S006,Q0047,Statistics,5.0,2026-09-04 08:36:57,b,1,38.0
A002235,S027,Q0054,AI_Basics,4.0,2026-09-04 08:53:57,b,1,34.0
A002655,S032,Q0066,ML,2.0,2026-09-04 08:57:57,c,0,36.0
A002238,S027,Q0066,ML,2.0,2026-09-04 09:09:57,a,1,18.0
A000650,S008,Q0013,Python,2.0,2026-09-04 09:19:57,b,1,39.0
A002733,S033,Q0025,Data_Structures,4.0,2026-09-04 09:21:57,a,0,64.0
A000296,S004,Q0074,Neural_Networks,3.0,2026-09-04 09:26:57,c,0,53.0
A000647,S008,Q0097,RNN,2.0,2026-09-04 09:45:57,b,1,36.0
A003139,S038,Q0083,Neural_Networks,4.0,2026-09-04 09:49:57,b,1,60.0
A000460,S006,Q0091,CNN,2.0,2026-09-04 09:50:57,b,1,17.0
A000817,S010,Q0096,CNN,3.0,2026-09-04 09:51:57,d,0,57.0
A002654,S032,Q0036,Data_Structures,4.0,2026-09-04 09:54:57,c,0,
A001827,S022,Q0083,Neural_Networks,4.0,2026-09-04 09:59:57,b,1,32.0
A001482,S018,Q0132,NLP,3.0,2026-09-04 10:30:57,b,0,49.0
A003137,S038,Q0118,LSTM,4.0,2026-09-04 10:47:57,c,0,43.0
A001249,S015,Q0127,NLP,3.0,2026-09-04 10:58:57,b,1,32.0
A000732,S009,Q0119,LSTM,4.0,2026-09-04 11:02:57,d,0,54.0
A001663,S020,Q0093,CNN,4.0,2026-09-04 11:14:57,b,1,35.0
A000918,S011,Q0092,CNN,3.0,2026-09-04 11:27:57,a,1,58.0
A001750,S021,Q0062,ML,2.0,2026-09-04 11:34:57,a,1,32.0
A000047,S001,Q0023,Python,4.0,2026-09-04 11:35:57,d,0,55.0
A002809,S034,Q0090,CNN,1.0,2026-09-04 11:51:57,a,1,18.0
A001165,S014,Q0126,NLP,2.0,2026-09-04 11:52:57,a,0,44.0
A002328,S028,Q0038,Statistics,2.0,2026-09-04 12:00:57,b,1,26.0
A000915,S011,Q0129,NLP,1.0,2026-09-04 12:21:57,b,1,23.0
A001571,S019,Q0046,Statistics,3.0,2026-09-04 12:28:57,c,1,57.0
A000730,S009,Q0014,Python,3.0,2026-09-04 12:42:57,d,0,56.0
A000466,S006,Q0131,NLP,1.0,2026-09-04 12:44:57,a,1,12.0
A001333,S016,Q0031,Data_Structures,3.0,2026-09-04 12:46:57,d,0,45.0
A002072,S025,Q0117,LSTM,5.0,2026-09-04 13:07:57,b,1,44.0
A002734,S033,Q0089,CNN,1.0,2026-09-04 13:09:57,b,1,18.0
A000465,S006,Q0038,Statistics,2.0,2026-09-04 13:19:57,a,0,33.0
A000823,S010,Q0128,NLP,1.0,2026-09-04 13:20:57,b,1,25.0
A000566,S007,Q0128,NLP,1.0,2026-09-04 13:22:57,b,1,48.0
A002409,S029,Q0114,LSTM,2.0,2026-09-04 13:25:57,c,1,35.0
A000374,S005,Q0096,CNN,3.0,2026-09-04 13:41:57,d,0,55.0
A001166,S014,Q0131,NLP,1.0,2026-09-04 13:48:57,a,1,50.0
A002735,S033,Q0071,ML,3.0,2026-09-04 13:54:57,c,0,32.0
A001484,S018,Q0113,LSTM,5.0,2026-09-04 14:01:57,c,0,75.0
A000816,S010,Q0074,Neural_Networks,3.0,2026-09-04 14:02:57,c,0,54.0
A001407,S017,Q0011,Math_Basics,1.0,2026-09-04 14:14:57,c,1,25.0
A000293,S004,Q0026,Data_Structures,2.0,2026-09-04 14:17:57,a,1,25.0
A000914,S011,Q0077,Neural_Networks,2.0,2026-09-04 14:20:57,a,1,34.0
A000461,S006,Q0061,ML,3.0,2026-09-04 14:32:57,b,1,27.0
A002145,S026,Q0098,RNN,4.0,2026-09-04 14:34:57,d,0,57.0
A001573,S019,Q0048,Statistics,4.0,2026-09-04 14:40:57,d,0,53.0
A000463,S006,Q0056,AI_Basics,1.0,2026-09-04 14:45:57,b,1,16.0
A002071,S025,Q0005,Math_Basics,3.0,2026-09-04 14:59:57,a,1,23.0
A000731,S009,Q0061,ML,3.0,2026-09-04 15:15:57,d,0,48.0
A000373,S005,Q0094,CNN,5.0,2026-09-04 15:15:57,d,0,69.0
A001168,S014,Q0132,NLP,3.0,2026-09-04 15:40:57,d,0,45.0
A000045,S001,Q0008,Math_Basics,5.0,2026-09-04 15:42:57,b,0,60.0
A002325,S028,Q0128,NLP,1.0,2026-09-04 15:51:57,b,1,22.0
A001748,S021,Q0064,ML,1.0,2026-09-04 16:27:57,a,1,23.0
A002412,S029,Q0066,ML,2.0,2026-09-04 16:29:57,b,0,31.0
A002561,S031,Q0103,RNN,3.0,2026-09-04 16:32:57,d,0,33.0
A000917,S011,Q0009,Math_Basics,2.0,2026-09-04 16:36:57,a,1,35.0
A001577,S019,Q0073,Neural_Networks,5.0,2026-09-04 16:36:57,a,1,43.0
A000916,S011,Q0085,CNN,5.0,2026-09-04 16:53:57,b,1,57.0
A001913,S023,Q0085,CNN,5.0,2026-09-04 17:05:57,c,0,82.0
A000646,S008,Q0007,Math_Basics,5.0,2026-09-04 17:07:57,a,0,76.0
A001078,S013,Q0085,CNN,5.0,2026-09-04 17:11:57,a,0,73.0
A001164,S014,Q0003,Math_Basics,1.0,2026-09-04 17:20:57,b,1,31.0
A000211,S003,Q0033,Data_Structures,2.0,2026-09-04 17:35:57,c,0,33.0
A002657,S032,Q0007,Math_Basics,5.0,2026-09-04 17:39:57,b,0,76.0
A000822,S010,Q0004,Math_Basics,2.0,2026-09-04 17:54:57,a,0,38.0
A001578,S019,Q0005,Math_Basics,3.0,2026-09-04 17:58:57,b,0,41.0
A002327,S028,Q0109,LSTM,4.0,2026-09-04 18:01:57,a,1,43.0
A002885,S035,Q0087,CNN,1.0,2026-09-04 18:10:57,a,0,21.0
A001246,S015,Q0128,NLP,1.0,2026-09-04 18:14:57,b,1,19.0
A003138,S038,Q0062,ML,2.0,2026-09-04 18:16:57,a,1,32.0
A001574,S019,Q0040,Statistics,3.0,2026-09-04 18:16:57,b,1,30.0
A003063,S037,Q0076,Neural_Networks,2.0,2026-09-04 18:22:57,b,1,25.0
A000565,S007,Q0048,Statistics,4.0,2026-09-04 18:24:57,c,0,-5.0
A002148,S026,Q0125,NLP,1.0,2026-09-04 18:39:57,a,1,22.0
A002146,S026,Q0037,Statistics,4.0,2026-09-04 18:53:57,c,1,36.0
A002147,S026,Q0129,NLP,1.0,2026-09-04 18:59:57,b,1,28.0
A002410,S029,Q0129,NLP,1.0,2026-09-04 19:05:57,b,1,35.0
A000997,S012,Q0036,Data_Structures,4.0,2026-09-04 19:12:57,b,1,42.0
A001409,S017,Q0099,RNN,2.0,2026-09-04 19:24:57,a,1,31.0
A000467,S006,Q0078,Neural_Networks,3.0,2026-09-04 19:28:57,b,1,34.0
A002886,S035,Q0043,Statistics,4.0,2026-09-04 19:33:57,a,0,52.0
A003065,S037,Q0107,RNN,1.0,2026-09-04 19:49:57,a,1,24.0
A002484,S030,Q0003,Math_Basics,1.0,2026-09-04 19:52:57,c,0,24.0
A001832,S022,Q0035,Data_Structures,4.0,2026-09-04 19:58:57,b,0,43.0
A001830,S022,Q0057,AI_Basics,1.0,2026-09-04 20:15:57,a,1,9.0
A002563,S031,Q0112,LSTM,3.0,2026-09-04 20:21:57,a,1,51.0
A000297,S004,Q0086,CNN,2.0,2026-09-04 20:50:57,c,0,37.0
A000212,S003,Q0102,RNN,2.0,2026-09-04 20:51:57,d,0,34.0
A002323,S028,Q0042,Statistics,5.0,2026-09-04 20:56:57,b,1,41.0
A002731,S033,Q0074,Neural_Networks,3.0,2026-09-04 21:16:57,b,1,25.0
A000462,S006,Q0019,Python,5.0,2026-09-04 21:23:57,b,1,35.0
A001986,S024,Q0126,NLP,2.0,2026-09-04 21:26:57,b,1,25.0
A001408,S017,Q0012,Math_Basics,4.0,2026-09-04 21:29:57,a,1,29.0
A000819,S010,Q0053,AI_Basics,4.0,2026-09-04 21:41:57,c,0,68.0
A003318,S040,Q0097,RNN,2.0,2026-09-04 21:43:57,b,1,16.0
A001572,S019,Q0130,NLP,2.0,2026-09-04 21:46:57,a,1,23.0
A002811,S034,Q0120,LSTM,5.0,2026-09-04 21:50:57,d,0,65.0
A001248,S015,Q0006,Math_Basics,5.0,2026-09-04 22:02:57,b,1,57.0
A001831,S022,Q0017,Python,2.0,2026-09-04 22:04:57,b,1,22.0
A002413,S029,Q0107,RNN,1.0,2026-09-04 22:12:57,a,1,16.0
A001665,S020,Q0001,Math_Basics,5.0,2026-09-04 22:13:57,c,1,34.0
A001331,S016,Q0012,Math_Basics,4.0,2026-09-04 22:16:57,a,1,51.0
A000372,S005,Q0050,AI_Basics,3.0,2026-09-04 22:23:57,b,1,52.0
A003236,S039,Q0091,CNN,2.0,2026-09-04 22:47:57,b,1,28.0
A001245,S015,Q0003,Math_Basics,1.0,2026-09-04 22:59:57,b,1,16.0
A001829,S022,Q0043,Statistics,4.0,2026-09-04 23:03:57,d,0,36.0
A002485,S030,Q0025,Data_Structures,4.0,2026-09-04 23:19:57,c,1,44.0
A001912,S023,Q0024,Python,1.0,2026-09-04 23:20:57,c,1,5.0
A000213,S003,Q0119,LSTM,4.0,2026-09-04 23:22:57,d,0,50.0
A002483,S030,Q0021,Python,5.0,2026-09-04 23:27:57,d,0,69.0
A002732,S033,Q0129,NLP,1.0,2026-09-04 23:39:57,b,1,27.0
A000468,S006,Q0015,Python,2.0,2026-09-04 23:57:57,b,1,28.0
A001828,S022,Q0086,CNN,2.0,2026-09-05 00:05:57,b,1,19.0
A001988,S024,Q0016,Python,3.0,2026-09-05 00:06:57,a,1,21.0
A000645,S008,Q0031,Data_Structures,3.0,2026-09-05 00:06:57,b,0,48.0
A002562,S031,Q0085,CNN,5.0,2026-09-05 00:13:57,c,0,44.0
A002149,S026,Q0041,Statistics,4.0,2026-09-05 00:20:57,b,1,35.0
A001332,S016,Q0031,Data_Structures,3.0,2026-09-05 00:27:57,a,0,49.0
A002143,S026,Q0055,AI_Basics,3.0,2026-09-05 00:41:57,a,1,34.0
A001751,S021,Q0017,Python,2.0,2026-09-05 00:44:57,b,1,19.0
A000649,S008,Q0075,Neural_Networks,5.0,2026-09-05 00:53:57,c,0,78.0
A002564,S031,Q0044,Statistics,3.0,2026-09-05 00:57:57,c,1,28.0
A001985,S024,Q0052,AI_Basics,3.0,2026-09-05 01:07:57,b,1,26.0
A000729,S009,Q0016,Python,3.0,2026-09-05 01:18:57,b,0,47.0
A002810,S034,Q0126,NLP,2.0,2026-09-05 01:18:57,b,1,34.0
A002142,S026,Q0033,Data_Structures,2.0,2026-09-05 01:19:57,b,1,15.0
A000127,S002,Q0059,AI_Basics,4.0,2026-09-05 01:25:57,d,0,58.0
A002411,S029,Q0084,Neural_Networks,1.0,2026-09-05 01:27:57,b,1,23.0
A000371,S005,Q0012,Math_Basics,4.0,2026-09-05 01:32:57,d,0,48.0
A000046,S001,Q0036,Data_Structures,4.0,2026-09-05 01:35:57,b,1,58.0
A001749,S021,Q0006,Math_Basics,5.0,2026-09-05 01:37:57,a,0,51.0
A003060,S037,Q0086,CNN,2.0,2026-09-05 01:41:57,b,1,25.0
A000564,S007,Q0068,ML,2.0,2026-09-05 01:45:57,b,1,36.0
A002070,S025,Q0052,AI_Basics,3.0,2026-09-05 01:57:57,b,1,32.0
A002656,S032,Q0055,AI_Basics,3.0,2026-09-05 02:13:57,d,0,37.0
A001410,S017,Q0025,Data_Structures,4.0,2026-09-05 02:17:57,c,1,30.0
A001167,S014,Q0084,Neural_Networks,1.0,2026-09-05 02:23:57,a,0,20.0
A002144,S026,Q0086,CNN,2.0,2026-09-05 02:23:57,d,0,37.0
A003140,S038,Q0045,Statistics,1.0,2026-09-05 02:34:57,b,1,30.0
A003141,S038,Q0015,Python,2.0,2026-09-05 02:39:57,b,1,31.0
A000643,S008,Q0050,AI_Basics,3.0,2026-09-05 02:54:57,a,0,56.0
A000815,S010,Q0013,Python,2.0,2026-09-05 03:15:57,c,0,40.0
A001337,S016,Q0063,ML,2.0,2026-09-05 03:46:57,b,1,26.0
A001989,S024,Q0109,LSTM,4.0,2026-09-05 03:54:57,a,1,41.0
A002978,S036,Q0051,AI_Basics,3.0,2026-09-05 04:07:57,c,0,44.0
A001990,S024,Q0101,RNN,1.0,2026-09-05 04:19:57,b,1,16.0
A003143,S038,Q0051,AI_Basics,3.0,2026-09-05 04:45:57,b,1,38.0
A000471,S006,Q0099,RNN,2.0,2026-09-05 04:46:57,a,1,28.0
A000134,S002,Q0053,AI_Basics,4.0,2026-09-05 04:51:57,d,0,52.0
A000131,S002,Q0065,ML,1.0,2026-09-05 05:00:57,b,1,31.0
A002417,S029,Q0030,Data_Structures,2.0,2026-09-05 05:01:57,c,1,32.0
A002488,S030,Q0115,LSTM,4.0,2026-09-05 05:16:57,c,0,61.0
A002568,S031,Q0088,CNN,2.0,2026-09-05 05:22:57,b,1,31.0
A000919,S011,Q0115,LSTM,4.0,2026-09-05 05:25:57,a,1,46.0
A000132,S002,Q0105,RNN,4.0,2026-09-05 05:35:57,b,1,27.0
A002892,S035,Q0034,Data_Structures,3.0,2026-09-05 05:41:57,d,0,58.0
A002659,S032,Q0122,NLP,5.0,2026-09-05 05:44:57,d,0,74.0
A003320,S040,Q0003,Math_Basics,1.0,2026-09-05 06:32:57,b,1,13.0
A000828,S010,Q0008,Math_Basics,5.0,2026-09-05 06:52:57,b,0,69.0
A003142,S038,Q0094,CNN,5.0,2026-09-05 06:53:57,d,0,61.0
A001834,S022,Q0074,Neural_Networks,3.0,2026-09-05 06:57:57,b,1,20.0
A000300,S004,Q0065,ML,1.0,2026-09-05 06:59:57,b,1,
A000300,S004,Q0065,ML,1.0,2026-09-05 06:59:57,b,1,
A000567,S007,Q0018,Python,1.0,2026-09-05 07:06:57,b,1,28.0
A003240,S039,Q0084,Neural_Networks,1.0,2026-09-05 07:09:57,b,1,30.0
A000920,S011,Q0053,AI_Basics,4.0,2026-09-05 07:14:57,b,1,33.0
A002419,S029,Q0119,LSTM,4.0,2026-09-05 07:18:57,d,0,63.0
A001411,S017,Q0052,AI_Basics,3.0,2026-09-05 07:29:57,b,1,17.0
A000474,S006,Q0013,Python,2.0,2026-09-05 07:31:57,b,1,34.0
A001081,S013,Q0110,LSTM,2.0,2026-09-05 07:42:57,a,1,41.0
A003322,S040,Q0132,NLP,3.0,2026-09-05 07:58:57,a,1,23.0
A000050,S001,Q0082,Neural_Networks,2.0,2026-09-05 08:15:57,b,1,34.0
A002330,S028,Q0076,Neural_Networks,2.0,2026-09-05 08:16:57,b,1,26.0
A002740,S033,Q0070,ML,5.0,2026-09-05 08:19:57,c,0,64.0
A002240,S027,Q0088,CNN,2.0,2026-09-05 08:21:57,d,0,26.0
A000832,S010,Q0126,NLP,2.0,2026-09-05 08:42:57,b,1,39.0
A000217,S003,Q0108,RNN,5.0,2026-09-05 08:54:57,d,0,55.0
A002414,S029,Q0116,LSTM,1.0,2026-09-05 08:57:57,b,1,35.0
A002814,S034,Q0054,AI_Basics,4.0,2026-09-05 09:05:57,d,0,44.0
A002890,S035,Q0008,Math_Basics,5.0,2026-09-05 09:05:57,d,0,64.0
A002975,S036,Q0097,RNN,2.0,2026-09-05 09:29:57,c,0,37.0
A001914,S023,Q0111,LSTM,1.0,2026-09-05 09:30:57,b,0,22.0
A000473,S006,Q0121,NLP,3.0,2026-09-05 09:33:57,a,1,36.0
A002487,S030,Q0008,Math_Basics,5.0,2026-09-05 09:36:57,d,0,79.0
A001338,S016,Q0010,Math_Basics,2.0,2026-09-05 09:38:57,b,1,40.0
A002492,S030,Q0094,CNN,5.0,2026-09-05 09:42:57,c,0,58.0
A003238,S039,Q0109,LSTM,4.0,2026-09-05 09:47:57,c,0,54.0
A002415,S029,Q0019,Python,5.0,2026-09-05 09:51:57,b,1,44.0
A002150,S026,Q0004,Math_Basics,2.0,2026-09-05 09:54:57,b,1,29.0
A002566,S031,Q0122,NLP,5.0,2026-09-05 09:57:57,a,0,59.0
A003321,S040,Q0063,ML,2.0,2026-09-05 10:19:57,b,1,16.0
A003067,S037,Q0059,AI_Basics,4.0,2026-09-05 10:23:57,b,0,46.0
A000923,S011,Q0037,Statistics,4.0,2026-09-05 10:32:57,c,1,43.0
A000921,S011,Q0099,RNN,2.0,2026-09-05 10:37:57,a,1,26.0
A003068,S037,Q0023,Python,4.0,2026-09-05 10:50:57,a,0,47.0
A000133,S002,Q0110,LSTM,2.0,2026-09-05 11:04:57,a,1,27.0
A002565,S031,Q0094,CNN,5.0,2026-09-05 11:04:57,d,0,37.0
A002490,S030,Q0032,Data_Structures,5.0,2026-09-05 11:07:57,a,0,57.0
A001487,S018,Q0117,LSTM,5.0,2026-09-05 11:11:57,a,0,76.0
A001581,S019,Q0109,LSTM,4.0,2026-09-05 11:14:57,d,0,53.0
A001489,S018,Q0034,Data_Structures,3.0,2026-09-05 11:16:57,b,1,49.0
A001413,S017,Q0081,Neural_Networks,5.0,2026-09-05 11:24:57,b,1,44.0
A002418,S029,Q0001,Math_Basics,5.0,2026-09-05 11:28:57,c,1,47.0
A002489,S030,Q0049,AI_Basics,4.0,2026-09-05 12:01:57,a,1,39.0
A001994,S024,Q0053,AI_Basics,4.0,2026-09-05 12:04:57,b,1,29.0
A001335,S016,Q0106,RNN,5.0,2026-09-05 12:09:57,c,0,47.0
A000215,S003,Q0130,NLP,2.0,2026-09-05 12:09:57,c,0,45.0
A000735,S009,Q0065,ML,1.0,2026-09-05 12:10:57,b,1,
A002894,S035,Q0038,Statistics,2.0,2026-09-05 12:18:57,b,1,31.0
A000219,S003,Q0068,ML,2.0,2026-09-05 12:26:57,b,1,27.0
A001995,S024,Q0114,LSTM,2.0,2026-09-05 12:32:57,c,1,25.0
A003066,S037,Q0055,AI_Basics,3.0,2026-09-05 12:37:57,a,1,37.0
A002737,S033,Q0074,Neural_Networks,3.0,2026-09-05 12:43:57,b,1,32.0
A002329,S028,Q0067,ML,3.0,2026-09-05 13:21:57,d,0,37.0
A000376,S005,Q0049,AI_Basics,4.0,2026-09-05 13:50:57,c,0,64.0
A001580,S019,Q0124,NLP,2.0,2026-09-05 14:03:57,a,1,31.0
A002741,S033,Q0094,CNN,5.0,2026-09-05 14:09:57,a,1,34.0
A002658,S032,Q0019,Python,5.0,2026-09-05 14:20:57,a,0,58.0
A001667,S020,Q0049,AI_Basics,4.0,2026-09-05 14:25:57,d,0,42.0
A002815,S034,Q0099,RNN,2.0,2026-09-05 14:43:57,a,1,33.0
A000829,S010,Q0116,LSTM,1.0,2026-09-05 15:10:57,b,1,23.0
A003239,S039,Q0088,CNN,2.0,2026-09-05 15:39:57,b,1,39.0
A001252,S015,Q0019,Python,5.0,2026-09-05 15:54:57,b,1,60.0
A000377,S005,Q0015,Python,2.0,2026-09-05 15:57:57,b,1,29.0
A002331,S028,Q0007,Math_Basics,5.0,2026-09-05 15:59:57,a,0,53.0
A002976,S036,Q0052,AI_Basics,3.0,2026-09-05 16:13:57,c,0,61.0
A002567,S031,Q0047,Statistics,5.0,2026-09-05 16:13:57,b,1,37.0
A000475,S006,Q0089,CNN,1.0,2026-09-05 16:37:57,b,1,21.0
A000825,S010,Q0060,AI_Basics,1.0,2026-09-05 16:39:57,d,0,34.0
A002738,S033,Q0045,Statistics,1.0,2026-09-05 16:53:57,b,1,11.0
A002891,S035,Q0099,RNN,2.0,2026-09-05 16:56:57,d,0,40.0
A001412,S017,Q0046,Statistics,3.0,2026-09-05 16:56:57,c,1,16.0
A001993,S024,Q0046,Statistics,3.0,2026-09-05 16:57:57,c,1,21.0
A001250,S015,Q0108,RNN,5.0,2026-09-05 17:20:57,b,1,43.0
A001336,S016,Q0008,Math_Basics,5.0,2026-09-05 17:24:57,c,0,52.0
A002152,S026,Q0095,CNN,5.0,2026-09-05 17:50:57,d,0,62.0
A001579,S019,Q0098,RNN,4.0,2026-09-05 17:52:57,c,0,44.0
A001000,S012,Q0024,Python,1.0,2026-09-05 17:52:57,c,1,28.0
A000214,S003,Q0004,Math_Basics,2.0,2026-09-05 18:01:57,c,0,46.0
A000998,S012,Q0001,Math_Basics,5.0,2026-09-05 18:26:57,c,1,33.0
A003144,S038,Q0048,Statistics,4.0,2026-09-05 18:45:57,a,0,59.0
A000831,S010,Q0024,Python,1.0,2026-09-05 18:56:57,c,1,37.0
A000378,S005,Q0058,AI_Basics,5.0,2026-09-05 19:16:57,c,0,81.0
A002743,S033,Q0044,Statistics,3.0,2026-09-05 19:20:57,b,0,30.0
A001080,S013,Q0031,Data_Structures,3.0,2026-09-05 19:34:57,d,0,53.0
A000651,S008,Q0007,Math_Basics,5.0,2026-09-05 20:07:57,a,0,59.0
A002416,S029,Q0086,CNN,2.0,2026-09-05 20:43:57,b,1,38.0
A000049,S001,Q0113,LSTM,5.0,2026-09-05 21:06:57,b,1,55.0
A000922,S011,Q0081,Neural_Networks,5.0,2026-09-05 21:09:57,d,0,59.0
A000299,S004,Q0053,AI_Basics,4.0,2026-09-05 21:13:57,d,0,-5.0
A002977,S036,Q0116,LSTM,1.0,2026-09-05 21:14:57,b,1,24.0
A000470,S006,Q0097,RNN,2.0,2026-09-05 21:16:57,b,1,16.0
A000824,S010,Q0081,Neural_Networks,5.0,2026-09-05 21:17:57,d,0,84.0
A001170,S014,Q0084,Neural_Networks,1.0,2026-09-05 21:18:57,b,1,33.0
A001666,S020,Q0098,RNN,4.0,2026-09-05 21:36:57,a,1,41.0
A000830,S010,Q0096,CNN,3.0,2026-09-05 21:43:57,c,0,59.0
A001915,S023,Q0065,ML,1.0,2026-09-05 21:43:57,b,1,27.0
A000827,S010,Q0108,RNN,5.0,2026-09-05 21:54:57,a,0,70.0
A000652,S008,Q0044,Statistics,3.0,2026-09-05 21:56:57,a,0,50.0
A000048,S001,Q0044,Statistics,3.0,2026-09-05 22:05:57,d,0,33.0
A000301,S004,Q0128,NLP,1.0,2026-09-05 22:11:57,d,0,40.0
A002662,S032,Q0092,CNN,3.0,2026-09-05 22:18:57,a,1,34.0
A000826,S010,Q0095,CNN,5.0,2026-09-05 22:25:57,c,0,85.0
A002889,S035,Q0125,NLP,1.0,2026-09-05 22:38:57,b,0,23.0
A000999,S012,Q0111,LSTM,1.0,2026-09-05 22:46:57,a,1,22.0
A000570,S007,Q0069,ML,5.0,2026-09-05 22:56:57,b,0,72.0
A000733,S009,Q0094,CNN,5.0,2026-09-05 22:57:57,c,0,74.0
A000218,S003,Q0094,CNN,5.0,2026-09-05 23:02:57,c,0,58.0
A000375,S005,Q0109,LSTM,4.0,2026-09-05 23:08:57,b,0,51.0
A002491,S030,Q0123,NLP,3.0,2026-09-05 23:20:57,d,0,37.0
A000734,S009,Q0103,RNN,3.0,2026-09-05 23:23:57,c,0,54.0
A001251,S015,Q0127,NLP,3.0,2026-09-05 23:31:57,b,1,22.0
A001169,S014,Q0111,LSTM,1.0,2026-09-05 23:49:57,a,1,33.0
A001488,S018,Q0121,NLP,3.0,2026-09-05 23:51:57,a,1,57.0
A000569,S007,Q0059,AI_Basics,4.0,2026-09-05 23:55:57,b,0,59.0
A001171,S014,Q0039,Statistics,3.0,2026-09-05 23:56:57,a,0,59.0
A002742,S033,Q0013,Python,2.0,2026-09-06 00:08:57,b,1,18.0
A001833,S022,Q0112,LSTM,3.0,2026-09-06 00:11:57,a,1,50.0
A002888,S035,Q0070,ML,5.0,2026-09-06 00:13:57,b,1,56.0
A002241,S027,Q0032,Data_Structures,5.0,2026-09-06 00:29:57,c,1,34.0
A001415,S017,Q0086,CNN,2.0,2026-09-06 00:31:57,b,1,22.0
A001082,S013,Q0102,RNN,2.0,2026-09-06 00:46:57,c,0,36.0
A000216,S003,Q0123,NLP,3.0,2026-09-06 01:05:57,d,0,48.0
A002661,S032,Q0122,NLP,5.0,2026-09-06 01:21:57,d,0,74.0
A002816,S034,Q0053,AI_Basics,4.0,2026-09-06 01:23:57,c,0,53.0
A000472,S006,Q0128,NLP,1.0,2026-09-06 01:27:57,b,1,13.0
A002812,S034,Q0120,LSTM,5.0,2026-09-06 01:43:57,a,0,75.0
A001991,S024,Q0110,LSTM,2.0,2026-09-06 01:45:57,a,1,17.0
A003323,S040,Q0015,Python,2.0,2026-09-06 01:52:57,b,1,35.0
A002893,S035,Q0119,LSTM,4.0,2026-09-06 02:05:57,d,0,58.0
A001414,S017,Q0032,Data_Structures,5.0,2026-09-06 02:16:57,c,1,36.0
A001079,S013,Q0043,Statistics,4.0,2026-09-06 02:20:57,b,0,64.0
A002739,S033,Q0061,ML,3.0,2026-09-06 02:28:57,b,1,50.0
A002660,S032,Q0072,ML,5.0,2026-09-06 02:40:57,b,0,68.0
A001992,S024,Q0096,CNN,3.0,2026-09-06 02:46:57,b,1,33.0
A002813,S034,Q0122,NLP,5.0,2026-09-06 02:50:57,c,0,63.0
A000469,S006,Q0082,Neural_Networks,2.0,2026-09-06 02:51:57,b,1,12.0
A002239,S027,Q0082,Neural_Networks,2.0,2026-09-06 02:53:57,b,1,28.0
A002151,S026,Q0039,Statistics,3.0,2026-09-06 03:01:57,b,1,26.0
A000220,S003,Q0092,CNN,3.0,2026-09-06 03:03:57,a,1,36.0
A001342,S016,Q0063,ML,2.0,2026-09-06 03:29:57,b,1,40.0
A001997,S024,Q0070,ML,5.0,2026-09-06 03:41:57,b,1,46.0
A002332,S028,Q0125,NLP,1.0,2026-09-06 03:42:57,a,1,18.0
A003149,S038,Q0061,ML,3.0,2026-09-06 04:13:57,a,0,46.0
A001835,S022,Q0009,Math_Basics,2.0,2026-09-06 04:23:57,a,1,25.0
A003325,S040,Q0015,Python,2.0,2026-09-06 04:24:57,b,1,27.0
A002573,S031,Q0108,RNN,5.0,2026-09-06 04:25:57,b,1,50.0
A000381,S005,Q0025,Data_Structures,4.0,2026-09-06 04:39:57,c,1,53.0
A003326,S040,Q0091,CNN,2.0,2026-09-06 04:51:57,b,1,13.0
A001755,S021,Q0021,Python,5.0,2026-09-06 05:01:57,b,1,45.0
A000137,S002,Q0102,RNN,2.0,2026-09-06 05:10:57,a,1,24.0
A002420,S029,Q0078,Neural_Networks,3.0,2026-09-06 05:22:57,b,1,27.0
A000837,S010,Q0101,RNN,1.0,2026-09-06 05:22:57,b,1,32.0
A003146,S038,Q0099,RNN,2.0,2026-09-06 05:39:57,b,0,35.0
A001087,S013,Q0012,Math_Basics,4.0,2026-09-06 05:45:57,c,0,64.0
A001583,S019,Q0014,Python,3.0,2026-09-06 05:53:57,a,1,34.0
A003070,S037,Q0118,LSTM,4.0,2026-09-06 05:54:57,d,0,64.0
A002335,S028,Q0056,AI_Basics,1.0,2026-09-06 05:59:57,b,1,16.0
A003242,S039,Q0061,ML,3.0,2026-09-06 06:04:57,d,0,57.0
A001668,S020,Q0023,Python,4.0,2026-09-06 06:14:57,d,0,53.0
A002154,S026,Q0078,Neural_Networks,3.0,2026-09-06 06:16:57,b,1,35.0
A003333,S040,Q0019,Python,5.0,2026-09-06 06:17:57,b,1,51.0
A001175,S014,Q0088,CNN,2.0,2026-09-06 06:32:57,b,1,46.0
A001340,S016,Q0045,Statistics,1.0,2026-09-06 06:38:57,b,1,21.0
A001490,S018,Q0059,AI_Basics,4.0,2026-09-06 07:11:57,a,1,57.0
A002665,S032,Q0055,AI_Basics,3.0,2026-09-06 07:11:57,c,0,45.0
A002980,S036,Q0048,Statistics,4.0,2026-09-06 07:15:57,a,0,65.0
A001256,S015,Q0005,Math_Basics,3.0,2026-09-06 07:21:57,a,1,39.0
A002663,S032,Q0063,ML,2.0,2026-09-06 07:23:57,b,1,43.0
A003328,S040,Q0062,ML,2.0,2026-09-06 07:28:57,a,1,26.0
A003244,S039,Q0053,AI_Basics,4.0,2026-09-06 07:42:57,c,0,59.0
A000833,S010,Q0069,ML,5.0,2026-09-06 07:47:57,d,0,71.0
A001419,S017,Q0098,RNN,4.0,2026-09-06 07:56:57,b,0,28.0
A000482,S006,Q0100,RNN,3.0,2026-09-06 08:06:57,b,1,29.0
A001254,S015,Q0056,AI_Basics,1.0,2026-09-06 08:17:57,b,1,13.0
A002242,S027,Q0063,ML,2.0,2026-09-06 08:26:57,b,1,28.0
A003072,S037,Q0008,Math_Basics,5.0,2026-09-06 08:36:57,d,0,59.0
A000478,S006,Q0085,CNN,5.0,2026-09-06 08:37:57,b,1,31.0
A000380,S005,Q0099,RNN,2.0,2026-09-06 08:37:57,a,1,39.0
A002569,S031,Q0088,CNN,2.0,2026-09-06 08:38:57,b,1,35.0
A002901,S035,Q0075,Neural_Networks,5.0,2026-09-06 08:39:57,d,0,63.0
A003071,S037,Q0119,LSTM,4.0,2026-09-06 08:53:57,a,0,66.0
A003327,S040,Q0021,Python,5.0,2026-09-06 09:30:57,d,0,62.0
A002820,S034,Q0041,Statistics,4.0,2026-09-06 09:52:57,d,0,57.0
A002001,S024,Q0031,Data_Structures,3.0,2026-09-06 10:06:57,c,1,32.0
A002339,S028,Q0038,Statistics,2.0,2026-09-06 10:14:57,b,1,28.0
A000305,S004,Q0119,LSTM,4.0,2026-09-06 10:16:57,a,0,46.0
A003074,S037,Q0049,AI_Basics,4.0,2026-09-06 10:21:57,b,0,43.0
A001341,S016,Q0059,AI_Basics,4.0,2026-09-06 10:23:57,a,1,32.0
A002334,S028,Q0033,Data_Structures,2.0,2026-09-06 10:27:57,c,0,45.0
A003147,S038,Q0121,NLP,3.0,2026-09-06 10:42:57,a,1,40.0
A000736,S009,Q0016,Python,3.0,2026-09-06 10:53:57,d,0,54.0
A000476,S006,Q0033,Data_Structures,2.0,2026-09-06 10:53:57,b,1,20.0
A002745,S033,Q0042,Statistics,5.0,2026-09-06 10:54:57,b,1,55.0
A002744,S033,Q0132,NLP,3.0,2026-09-06 11:08:57,a,1,34.0
A000136,S002,Q0021,Python,5.0,2026-09-06 11:14:57,a,0,41.0
A002571,S031,Q0028,Data_Structures,5.0,2026-09-06 11:29:57,b,1,54.0
A003331,S040,Q0091,CNN,2.0,2026-09-06 11:54:57,b,1,24.0
A002819,S034,Q0067,ML,3.0,2026-09-06 12:15:57,b,1,49.0
A000737,S009,Q0028,Data_Structures,5.0,2026-09-06 12:19:57,c,0,71.0
A000656,S008,Q0056,AI_Basics,1.0,2026-09-06 12:22:57,b,1,20.0
A003069,S037,Q0018,Python,1.0,2026-09-06 12:32:57,b,1,34.0
A001416,S017,Q0071,ML,3.0,2026-09-06 12:36:57,b,1,32.0
A001669,S020,Q0020,Python,2.0,2026-09-06 12:36:57,a,0,27.0
A001176,S014,Q0024,Python,1.0,2026-09-06 12:51:57,c,1,19.0
A002900,S035,Q0083,Neural_Networks,4.0,2026-09-06 13:18:57,c,0,67.0
A000834,S010,Q0101,RNN,1.0,2026-09-06 13:27:57,c,0,27.0
A002337,S028,Q0123,NLP,3.0,2026-09-06 13:34:57,a,1,40.0
A001917,S023,Q0125,NLP,1.0,2026-09-06 13:41:57,a,1,26.0
A000221,S003,Q0038,Statistics,2.0,2026-09-06 13:55:57,b,1,31.0
A002574,S031,Q0093,CNN,4.0,2026-09-06 14:01:57,b,1,40.0
A003150,S038,Q0026,Data_Structures,2.0,2026-09-06 14:10:57,a,1,28.0
A003330,S040,Q0063,ML,2.0,2026-09-06 14:10:57,b,1,26.0
A002076,S025,Q0098,RNN,4.0,2026-09-06 14:16:57,a,1,43.0
A002075,S025,Q0120,LSTM,5.0,2026-09-06 14:27:57,b,1,38.0
A001584,S019,Q0045,Statistics,1.0,2026-09-06 14:45:57,b,1,25.0
A003145,S038,Q0109,LSTM,4.0,2026-09-06 14:49:57,b,0,50.0
A002243,S027,Q0115,LSTM,4.0,2026-09-06 14:53:57,a,1,47.0
A002333,S028,Q0022,Python,4.0,2026-09-06 14:55:57,a,1,40.0
A002981,S036,Q0108,RNN,5.0,2026-09-06 15:07:57,d,0,76.0
A002896,S035,Q0054,AI_Basics,4.0,2026-09-06 15:15:57,d,0,61.0
A001417,S017,Q0035,Data_Structures,4.0,2026-09-06 15:18:57,c,1,20.0
A001418,S017,Q0037,Statistics,4.0,2026-09-06 15:33:57,c,1,44.0
A001836,S022,Q0103,RNN,3.0,2026-09-06 15:43:57,b,1,23.0
A000135,S002,Q0099,RNN,2.0,2026-09-06 15:45:57,a,1,18.0
A000051,S001,Q0033,Data_Structures,2.0,2026-09-06 15:59:57,b,1,32.0
A000138,S002,Q0031,Data_Structures,3.0,2026-09-06 16:02:57,c,1,43.0
A002155,S026,Q0083,Neural_Networks,4.0,2026-09-06 16:07:57,d,0,48.0
A001754,S021,Q0021,Python,5.0,2026-09-06 16:13:57,b,1,51.0
A001174,S014,Q0049,AI_Basics,4.0,2026-09-06 16:13:57,b,0,64.0
A002747,S033,Q0106,RNN,5.0,2026-09-06 16:16:57,b,1,41.0
A000053,S001,Q0071,ML,3.0,2026-09-06 16:18:57,b,1,-5.0
A002895,S035,Q0021,Python,5.0,2026-09-06 16:19:57,a,0,87.0
A001253,S015,Q0018,Python,1.0,2026-09-06 16:25:57,b,1,7.0
A001420,S017,Q0029,Data_Structures,1.0,2026-09-06 16:38:57,b,1,9.0
A003148,S038,Q0115,LSTM,4.0,2026-09-06 16:41:57,b,0,62.0
A001582,S019,Q0054,AI_Basics,4.0,2026-09-06 16:50:57,b,1,41.0
A001998,S024,Q0121,NLP,3.0,2026-09-06 16:52:57,a,1,26.0
A002338,S028,Q0052,AI_Basics,3.0,2026-09-06 17:04:57,b,1,37.0
A003324,S040,Q0123,NLP,3.0,2026-09-06 17:17:57,a,1,27.0
A001918,S023,Q0092,CNN,3.0,2026-09-06 17:19:57,c,0,50.0
A002570,S031,Q0061,ML,3.0,2026-09-06 17:30:57,b,1,30.0
A001920,S023,Q0080,Neural_Networks,2.0,2026-09-06 17:51:57,a,1,32.0
A000835,S010,Q0076,Neural_Networks,2.0,2026-09-06 17:53:57,a,0,49.0
A001085,S013,Q0090,CNN,1.0,2026-09-06 18:01:57,a,1,29.0
A000223,S003,Q0044,Statistics,3.0,2026-09-06 18:01:57,d,0,40.0
A000304,S004,Q0069,ML,5.0,2026-09-06 18:02:57,d,0,77.0
A000481,S006,Q0108,RNN,5.0,2026-09-06 18:04:57,b,1,39.0
A002495,S030,Q0031,Data_Structures,3.0,2026-09-06 18:06:57,c,1,36.0
A000222,S003,Q0057,AI_Basics,1.0,2026-09-06 18:32:57,a,1,27.0
A002817,S034,Q0070,ML,5.0,2026-09-06 18:38:57,d,0,66.0
A003151,S038,Q0041,Statistics,4.0,2026-09-06 18:59:57,a,0,48.0
A001753,S021,Q0084,Neural_Networks,1.0,2026-09-06 19:16:57,b,1,9.0
A003073,S037,Q0093,CNN,4.0,2026-09-06 19:22:57,a,0,53.0
A002493,S030,Q0060,AI_Basics,1.0,2026-09-06 19:37:57,b,1,17.0
A001756,S021,Q0132,NLP,3.0,2026-09-06 19:45:57,a,1,30.0
A001837,S022,Q0025,Data_Structures,4.0,2026-09-06 19:47:57,c,1,35.0
A000302,S004,Q0041,Statistics,4.0,2026-09-06 19:49:57,b,1,52.0
A001921,S023,Q0099,RNN,2.0,2026-09-06 19:56:57,d,0,30.0
A002667,S032,Q0072,ML,5.0,2026-09-06 20:16:57,b,0,70.0
A000653,S008,Q0076,Neural_Networks,2.0,2026-09-06 20:23:57,b,1,43.0
A001086,S013,Q0044,Statistics,3.0,2026-09-06 20:28:57,b,0,58.0
A001339,S016,Q0088,CNN,2.0,2026-09-06 20:31:57,b,1,33.0
A002746,S033,Q0028,Data_Structures,5.0,2026-09-06 20:53:57,d,0,70.0
A000838,S010,Q0054,AI_Basics,4.0,2026-09-06 21:04:57,b,1,65.0
A000655,S008,Q0122,NLP,5.0,2026-09-06 21:09:57,a,0,67.0
A000477,S006,Q0013,Python,2.0,2026-09-06 21:11:57,b,1,27.0
A002421,S029,Q0075,Neural_Networks,5.0,2026-09-06 21:26:57,a,0,60.0
A000379,S005,Q0083,Neural_Networks,4.0,2026-09-06 21:31:57,a,0,51.0
A000480,S006,Q0126,NLP,2.0,2026-09-06 21:39:57,b,1,32.0
A001999,S024,Q0106,RNN,5.0,2026-09-06 21:41:57,b,1,33.0
A001919,S023,Q0043,Statistics,4.0,2026-09-06 21:43:57,a,0,59.0
A001084,S013,Q0088,CNN,2.0,2026-09-06 21:43:57,a,0,45.0
A000654,S008,Q0085,CNN,5.0,2026-09-06 21:52:57,d,0,73.0
A000739,S009,Q0053,AI_Basics,4.0,2026-09-06 21:54:57,c,0,51.0
A001173,S014,Q0002,Math_Basics,4.0,2026-09-06 22:01:57,d,0,54.0
A003243,S039,Q0055,AI_Basics,3.0,2026-09-06 22:12:57,d,0,50.0
A000836,S010,Q0017,Python,2.0,2026-09-06 22:13:57,b,1,25.0
A002336,S028,Q0070,ML,5.0,2026-09-06 22:16:57,d,0,55.0
A000738,S009,Q0049,AI_Basics,4.0,2026-09-06 22:18:57,b,0,45.0
A001178,S014,Q0070,ML,5.0,2026-09-06 22:33:57,a,0,78.0
A001492,S018,Q0058,AI_Basics,5.0,2026-09-06 22:47:57,d,0,75.0
A002664,S032,Q0070,ML,5.0,2026-09-06 22:51:57,a,0,58.0
A000303,S004,Q0124,NLP,2.0,2026-09-06 22:52:57,b,0,50.0
A000139,S002,Q0070,ML,5.0,2026-09-06 22:58:57,b,1,64.0
A001172,S014,Q0122,NLP,5.0,2026-09-06 23:04:57,d,0,78.0
A001752,S021,Q0061,ML,3.0,2026-09-06 23:10:57,b,1,25.0
A001257,S015,Q0114,LSTM,2.0,2026-09-06 23:14:57,c,1,26.0
A002898,S035,Q0018,Python,1.0,2026-09-06 23:27:57,d,0,24.0
A003241,S039,Q0113,LSTM,5.0,2026-09-06 23:30:57,d,0,66.0
A000924,S011,Q0025,Data_Structures,4.0,2026-09-07 00:10:57,d,0,42.0
A002818,S034,Q0069,ML,5.0,2026-09-07 00:14:57,b,0,67.0
A002899,S035,Q0075,Neural_Networks,5.0,2026-09-07 00:21:57,d,0,78.0
A003329,S040,Q0086,CNN,2.0,2026-09-07 00:41:57,b,1,13.0
A000571,S007,Q0112,LSTM,3.0,2026-09-07 00:52:57,d,0,43.0
A002340,S028,Q0060,AI_Basics,1.0,2026-09-07 00:54:57,b,1,21.0
A001001,S012,Q0120,LSTM,5.0,2026-09-07 00:57:57,d,0,46.0
A002897,S035,Q0053,AI_Basics,4.0,2026-09-07 01:07:57,d,0,
A001491,S018,Q0102,RNN,2.0,2026-09-07 01:09:57,d,0,48.0
A003245,S039,Q0066,ML,2.0,2026-09-07 01:21:57,c,0,38.0
A000925,S011,Q0031,Data_Structures,3.0,2026-09-07 01:24:57,c,1,30.0
A003332,S040,Q0079,Neural_Networks,5.0,2026-09-07 01:29:57,b,1,42.0
A002666,S032,Q0073,Neural_Networks,5.0,2026-09-07 01:29:57,b,0,60.0
A003152,S038,Q0122,NLP,5.0,2026-09-07 01:29:57,c,0,55.0
A002000,S024,Q0093,CNN,4.0,2026-09-07 01:44:57,b,1,29.0
A002494,S030,Q0080,Neural_Networks,2.0,2026-09-07 02:06:57,a,1,40.0
A001083,S013,Q0007,Math_Basics,5.0,2026-09-07 02:15:57,a,0,77.0
A001255,S015,Q0036,Data_Structures,4.0,2026-09-07 02:17:57,b,1,42.0
A002979,S036,Q0130,NLP,2.0,2026-09-07 02:19:57,a,1,39.0
A001916,S023,Q0033,Data_Structures,2.0,2026-09-07 02:30:57,b,1,38.0
A001996,S024,Q0124,NLP,2.0,2026-09-07 02:48:57,a,1,23.0
A001177,S014,Q0068,ML,2.0,2026-09-07 03:14:57,a,0,25.0
A002575,S031,Q0010,Math_Basics,2.0,2026-09-07 03:18:57,b,1,17.0
A002153,S026,Q0009,Math_Basics,2.0,2026-09-07 03:20:57,a,1,22.0
A002572,S031,Q0125,NLP,1.0,2026-09-07 03:21:57,a,1,27.0
A001004,S012,Q0091,CNN,2.0,2026-09-07 03:43:57,b,1,-5.0
A003335,S040,Q0122,NLP,5.0,2026-09-07 04:03:57,b,1,42.0
A001589,S019,Q0074,Neural_Networks,3.0,2026-09-07 04:03:57,b,1,
A000841,S010,Q0043,Statistics,4.0,2026-09-07 04:04:57,a,0,51.0
A002342,S028,Q0025,Data_Structures,4.0,2026-09-07 04:08:57,d,0,61.0
A001259,S015,Q0004,Math_Basics,2.0,2026-09-07 04:12:57,b,1,30.0
A002983,S036,Q0095,CNN,5.0,2026-09-07 04:38:57,c,0,63.0
A001421,S017,Q0001,Math_Basics,5.0,2026-09-07 05:02:57,c,1,37.0
A003075,S037,Q0103,RNN,3.0,2026-09-07 05:11:57,c,0,44.0
A000483,S006,Q0079,Neural_Networks,5.0,2026-09-07 05:11:57,b,1,45.0
A001496,S018,Q0045,Statistics,1.0,2026-09-07 05:24:57,b,1,27.0
A002424,S029,Q0039,Statistics,3.0,2026-09-07 05:36:57,b,1,36.0
A000383,S005,Q0039,Statistics,3.0,2026-09-07 05:39:57,d,0,42.0
A002909,S035,Q0129,NLP,1.0,2026-09-07 05:42:57,c,0,36.0
A000141,S002,Q0090,CNN,1.0,2026-09-07 05:44:57,a,1,34.0
A002748,S033,Q0035,Data_Structures,4.0,2026-09-07 05:49:57,b,0,58.0
A000657,S008,Q0082,Neural_Networks,2.0,2026-09-07 05:56:57,a,0,42.0
A000225,S003,Q0131,NLP,1.0,2026-09-07 05:58:57,a,1,30.0
A002161,S026,Q0111,LSTM,1.0,2026-09-07 06:03:57,a,1,20.0
A001088,S013,Q0042,Statistics,5.0,2026-09-07 06:08:57,d,0,85.0
A002158,S026,Q0056,AI_Basics,1.0,2026-09-07 06:30:57,b,1,22.0
A000382,S005,Q0116,LSTM,1.0,2026-09-07 06:45:57,b,1,24.0
A000387,S005,Q0117,LSTM,5.0,2026-09-07 06:48:57,c,0,63.0
A002341,S028,Q0004,Math_Basics,2.0,2026-09-07 06:55:57,b,1,26.0
A001494,S018,Q0110,LSTM,2.0,2026-09-07 06:55:57,b,0,41.0
A002496,S030,Q0114,LSTM,2.0,2026-09-07 07:07:57,c,1,29.0
A003076,S037,Q0061,ML,3.0,2026-09-07 07:24:57,d,0,
A001671,S020,Q0058,AI_Basics,5.0,2026-09-07 07:26:57,d,0,60.0
A001493,S018,Q0094,CNN,5.0,2026-09-07 07:54:57,b,0,75.0
A002904,S035,Q0109,LSTM,4.0,2026-09-07 07:58:57,b,0,60.0
A001923,S023,Q0041,Statistics,4.0,2026-09-07 08:01:57,b,1,40.0
A001260,S015,Q0047,Statistics,5.0,2026-09-07 08:04:57,b,1,44.0
A002576,S031,Q0026,Data_Structures,2.0,2026-09-07 08:23:57,a,1,37.0
A002245,S027,Q0108,RNN,5.0,2026-09-07 08:31:57,b,1,-5.0
A003078,S037,Q0086,CNN,2.0,2026-09-07 08:47:57,b,1,32.0
A000226,S003,Q0106,RNN,5.0,2026-09-07 08:58:57,a,0,54.0
A000386,S005,Q0048,Statistics,4.0,2026-09-07 09:22:57,a,0,57.0
A001181,S014,Q0052,AI_Basics,3.0,2026-09-07 09:25:57,a,0,53.0
A002156,S026,Q0096,CNN,3.0,2026-09-07 09:33:57,b,1,44.0
A001758,S021,Q0064,ML,1.0,2026-09-07 09:34:57,a,1,17.0
A000484,S006,Q0131,NLP,1.0,2026-09-07 09:41:57,a,1,26.0
A000926,S011,Q0065,ML,1.0,2026-09-07 09:55:57,b,1,17.0
A002160,S026,Q0114,LSTM,2.0,2026-09-07 10:02:57,c,1,19.0
A001262,S015,Q0059,AI_Basics,4.0,2026-09-07 10:08:57,a,1,49.0
A000228,S003,Q0123,NLP,3.0,2026-09-07 10:15:57,d,0,59.0
A000740,S009,Q0101,RNN,1.0,2026-09-07 10:18:57,c,0,32.0
A001495,S018,Q0053,AI_Basics,4.0,2026-09-07 10:23:57,d,0,56.0
A001761,S021,Q0054,AI_Basics,4.0,2026-09-07 10:28:57,b,1,37.0
A002423,S029,Q0066,ML,2.0,2026-09-07 10:31:57,d,0,33.0
A000928,S011,Q0102,RNN,2.0,2026-09-07 10:43:57,a,1,-5.0
A001422,S017,Q0101,RNN,1.0,2026-09-07 10:47:57,b,1,14.0
A002247,S027,Q0001,Math_Basics,5.0,2026-09-07 10:57:57,b,0,57.0
A003248,S039,Q0038,Statistics,2.0,2026-09-07 11:11:57,c,0,49.0
A002578,S031,Q0095,CNN,5.0,2026-09-07 11:16:57,a,0,52.0
A003249,S039,Q0088,CNN,2.0,2026-09-07 11:24:57,b,1,28.0
A001759,S021,Q0037,Statistics,4.0,2026-09-07 11:35:57,c,1,40.0
A003077,S037,Q0088,CNN,2.0,2026-09-07 12:01:57,b,1,35.0
A001263,S015,Q0060,AI_Basics,1.0,2026-09-07 12:19:57,b,1,19.0
A002910,S035,Q0042,Statistics,5.0,2026-09-07 12:19:57,a,0,64.0
A002577,S031,Q0062,ML,2.0,2026-09-07 12:19:57,a,1,26.0
A000840,S010,Q0019,Python,5.0,2026-09-07 12:48:57,c,0,62.0
A002246,S027,Q0036,Data_Structures,4.0,2026-09-07 12:51:57,b,1,41.0
A002244,S027,Q0002,Math_Basics,4.0,2026-09-07 12:57:57,c,1,42.0
A001423,S017,Q0089,CNN,1.0,2026-09-07 12:57:57,b,1,15.0
A001497,S018,Q0054,AI_Basics,4.0,2026-09-07 13:05:57,a,0,51.0
A000384,S005,Q0043,Statistics,4.0,2026-09-07 13:11:57,a,0,57.0
A000659,S008,Q0021,Python,5.0,2026-09-07 13:14:57,a,0,68.0
A002079,S025,Q0080,Neural_Networks,2.0,2026-09-07 13:14:57,d,0,34.0
A001498,S018,Q0023,Python,4.0,2026-09-07 13:20:57,c,0,64.0
A000055,S001,Q0063,ML,2.0,2026-09-07 13:20:57,b,1,30.0
A003334,S040,Q0021,Python,5.0,2026-09-07 13:40:57,d,0,51.0
A001585,S019,Q0037,Statistics,4.0,2026-09-07 13:41:57,c,1,49.0
A001002,S012,Q0058,AI_Basics,5.0,2026-09-07 13:44:57,b,1,40.0
A002668,S032,Q0051,AI_Basics,3.0,2026-09-07 13:45:57,c,0,48.0
A002751,S033,Q0006,Math_Basics,5.0,2026-09-07 13:49:57,b,1,31.0
A002002,S024,Q0132,NLP,3.0,2026-09-07 13:52:57,a,1,29.0
A003154,S038,Q0106,RNN,5.0,2026-09-07 14:02:57,a,0,60.0
A001090,S013,Q0026,Data_Structures,2.0,2026-09-07 14:07:57,c,0,42.0
A002906,S035,Q0068,ML,2.0,2026-09-07 14:34:57,a,0,40.0
A003155,S038,Q0035,Data_Structures,4.0,2026-09-07 14:54:57,d,0,48.0
A001184,S014,Q0051,AI_Basics,3.0,2026-09-07 14:55:57,a,0,46.0
A000485,S006,Q0071,ML,3.0,2026-09-07 14:58:57,b,1,24.0
A002426,S029,Q0083,Neural_Networks,4.0,2026-09-07 15:15:57,b,1,51.0
A002902,S035,Q0085,CNN,5.0,2026-09-07 15:32:57,c,0,86.0
A003080,S037,Q0103,RNN,3.0,2026-09-07 15:41:57,d,0,52.0
A000054,S001,Q0022,Python,4.0,2026-09-07 15:49:57,c,0,45.0
A001586,S019,Q0012,Math_Basics,4.0,2026-09-07 15:53:57,c,0,51.0
A002077,S025,Q0113,LSTM,5.0,2026-09-07 15:58:57,b,1,50.0
A001180,S014,Q0014,Python,3.0,2026-09-07 16:14:57,c,0,42.0
A001265,S015,Q0121,NLP,3.0,2026-09-07 16:20:57,a,1,31.0
A002984,S036,Q0005,Math_Basics,3.0,2026-09-07 16:23:57,d,0,49.0
A001590,S019,Q0094,CNN,5.0,2026-09-07 16:51:57,a,1,42.0
A001003,S012,Q0034,Data_Structures,3.0,2026-09-07 16:52:57,b,1,40.0
A000927,S011,Q0020,Python,2.0,2026-09-07 17:10:57,c,1,29.0
A003158,S038,Q0002,Math_Basics,4.0,2026-09-07 17:17:57,a,0,50.0
A002905,S035,Q0064,ML,1.0,2026-09-07 17:21:57,a,1,25.0
A001760,S021,Q0104,RNN,2.0,2026-09-07 17:29:57,b,1,13.0
A001426,S017,Q0047,Statistics,5.0,2026-09-07 17:39:57,c,0,49.0
A002003,S024,Q0060,AI_Basics,1.0,2026-09-07 17:40:57,b,1,16.0
A000385,S005,Q0035,Data_Structures,4.0,2026-09-07 17:56:57,d,0,59.0
A002669,S032,Q0083,Neural_Networks,4.0,2026-09-07 18:14:57,b,1,
A003247,S039,Q0040,Statistics,3.0,2026-09-07 18:23:57,c,0,59.0
A001261,S015,Q0132,NLP,3.0,2026-09-07 18:23:57,c,0,39.0
A000573,S007,Q0102,RNN,2.0,2026-09-07 18:26:57,a,1,41.0
A001264,S015,Q0066,ML,2.0,2026-09-07 18:32:57,a,1,28.0
A002497,S030,Q0030,Data_Structures,2.0,2026-09-07 18:32:57,c,1,29.0
A003336,S040,Q0029,Data_Structures,1.0,2026-09-07 18:33:57,b,1,22.0
A001839,S022,Q0076,Neural_Networks,2.0,2026-09-07 19:15:57,a,0,14.0
A000142,S002,Q0086,CNN,2.0,2026-09-07 19:20:57,b,1,27.0
A001089,S013,Q0100,RNN,3.0,2026-09-07 19:28:57,a,0,51.0
A002159,S026,Q0122,NLP,5.0,2026-09-07 19:37:57,d,0,63.0
A000741,S009,Q0093,CNN,4.0,2026-09-07 19:42:57,c,0,64.0
A002425,S029,Q0121,NLP,3.0,2026-09-07 20:17:57,b,0,46.0
A002498,S030,Q0047,Statistics,5.0,2026-09-07 20:17:57,c,0,31.0
A002157,S026,Q0015,Python,2.0,2026-09-07 20:22:57,c,0,10.0
A000658,S008,Q0062,ML,2.0,2026-09-07 20:25:57,c,0,45.0
A003156,S038,Q0108,RNN,5.0,2026-09-07 20:26:57,d,0,60.0
A001183,S014,Q0081,Neural_Networks,5.0,2026-09-07 20:30:57,a,0,69.0
A002982,S036,Q0021,Python,5.0,2026-09-07 20:35:57,b,1,49.0
A001343,S016,Q0094,CNN,5.0,2026-09-07 20:49:57,a,1,54.0
A002078,S025,Q0063,ML,2.0,2026-09-07 21:21:57,b,1,33.0
A002422,S029,Q0074,Neural_Networks,3.0,2026-09-07 21:24:57,b,1,50.0
A003157,S038,Q0051,AI_Basics,3.0,2026-09-07 21:34:57,b,1,45.0
A001922,S023,Q0124,NLP,2.0,2026-09-07 21:37:57,c,0,35.0
A000224,S003,Q0079,Neural_Networks,5.0,2026-09-07 21:38:57,c,0,47.0
A001005,S012,Q0123,NLP,3.0,2026-09-07 21:51:57,a,1,45.0
A000572,S007,Q0049,AI_Basics,4.0,2026-09-07 22:05:57,d,0,67.0
A000839,S010,Q0070,ML,5.0,2026-09-07 22:09:57,a,0,67.0
A001424,S017,Q0057,AI_Basics,1.0,2026-09-07 22:12:57,a,1,9.0
A001670,S020,Q0108,RNN,5.0,2026-09-07 22:32:57,a,0,42.0
A002907,S035,Q0040,Statistics,3.0,2026-09-07 22:33:57,c,0,48.0
A001258,S015,Q0108,RNN,5.0,2026-09-07 22:45:57,b,1,45.0
A003079,S037,Q0059,AI_Basics,4.0,2026-09-07 22:46:57,c,0,45.0
A003246,S039,Q0073,Neural_Networks,5.0,2026-09-07 22:55:57,a,1,57.0
A001091,S013,Q0062,ML,2.0,2026-09-07 22:55:57,d,0,43.0
A002908,S035,Q0106,RNN,5.0,2026-09-07 23:01:57,c,0,69.0
A001673,S020,Q0034,Data_Structures,3.0,2026-09-07 23:09:57,b,1,32.0
A002750,S033,Q0030,Data_Structures,2.0,2026-09-07 23:38:57,d,0,41.0
A002671,S032,Q0045,Statistics,1.0,2026-09-07 23:58:57,b,1,27.0
A002670,S032,Q0046,Statistics,3.0,2026-09-08 00:05:57,c,1,45.0
A003153,S038,Q0127,NLP,3.0,2026-09-08 00:15:57,b,1,53.0
A002005,S024,Q0020,Python,2.0,2026-09-08 00:41:57,c,1,33.0
A000227,S003,Q0129,NLP,1.0,2026-09-08 00:44:57,c,0,25.0
A001182,S014,Q0033,Data_Structures,2.0,2026-09-08 00:45:57,b,1,34.0
A001425,S017,Q0061,ML,3.0,2026-09-08 01:04:57,b,1,30.0
A001588,S019,Q0065,ML,1.0,2026-09-08 01:07:57,b,1,17.0
A001672,S020,Q0036,Data_Structures,4.0,2026-09-08 01:15:57,a,0,53.0
A000388,S005,Q0052,AI_Basics,3.0,2026-09-08 01:37:57,a,0,43.0
A001006,S012,Q0032,Data_Structures,5.0,2026-09-08 02:02:57,c,1,47.0
A001587,S019,Q0120,LSTM,5.0,2026-09-08 02:03:57,b,1,57.0
A000229,S003,Q0069,ML,5.0,2026-09-08 02:29:57,d,0,62.0
A001179,S014,Q0064,ML,1.0,2026-09-08 02:33:57,a,1,31.0
A002004,S024,Q0111,LSTM,1.0,2026-09-08 02:36:57,a,1,21.0
A001838,S022,Q0025,Data_Structures,4.0,2026-09-08 03:02:57,c,1,39.0
A002903,S035,Q0001,Math_Basics,5.0,2026-09-08 03:14:57,a,0,56.0
A001757,S021,Q0037,Statistics,4.0,2026-09-08 03:19:57,c,1,40.0
A002821,S034,Q0107,RNN,1.0,2026-09-08 03:52:57,a,1,25.0
A002584,S031,Q0076,Neural_Networks,2.0,2026-09-08 04:06:57,b,1,27.0
A002007,S024,Q0107,RNN,1.0,2026-09-08 04:15:57,a,1,28.0
A002583,S031,Q0078,Neural_Networks,3.0,2026-09-08 04:16:57,b,1,37.0
A002343,S028,Q0058,AI_Basics,5.0,2026-09-08 04:18:57,d,0,45.0
A002345,S028,Q0048,Statistics,4.0,2026-09-08 04:24:57,b,1,36.0
A002250,S027,Q0031,Data_Structures,3.0,2026-09-08 04:24:57,c,1,32.0
A002580,S031,Q0079,Neural_Networks,5.0,2026-09-08 04:38:57,b,1,40.0
A002988,S036,Q0027,Data_Structures,2.0,2026-09-08 04:43:57,a,0,38.0
A002822,S034,Q0119,LSTM,4.0,2026-09-08 04:54:57,a,0,58.0
A003251,S039,Q0046,Statistics,3.0,2026-09-08 05:30:57,a,0,44.0
A000842,S010,Q0030,Data_Structures,2.0,2026-09-08 05:38:57,b,0,23.0
A003252,S039,Q0025,Data_Structures,4.0,2026-09-08 05:51:57,b,0,50.0
A003082,S037,Q0050,AI_Basics,3.0,2026-09-08 06:12:57,b,1,39.0
A000934,S011,Q0073,Neural_Networks,5.0,2026-09-08 06:20:57,d,0,52.0
A002986,S036,Q0056,AI_Basics,1.0,2026-09-08 06:33:57,c,0,33.0
A001677,S020,Q0080,Neural_Networks,2.0,2026-09-08 06:49:57,a,1,27.0
A001007,S012,Q0062,ML,2.0,2026-09-08 06:49:57,a,1,33.0
A000391,S005,Q0059,AI_Basics,4.0,2026-09-08 06:51:57,c,0,58.0
A000392,S005,Q0073,Neural_Networks,5.0,2026-09-08 06:59:57,c,0,61.0
A001346,S016,Q0008,Math_Basics,5.0,2026-09-08 07:04:57,a,1,55.0
A002006,S024,Q0106,RNN,5.0,2026-09-08 07:09:57,d,0,40.0
A001675,S020,Q0032,Data_Structures,5.0,2026-09-08 07:36:57,b,0,60.0
A000230,S003,Q0040,Statistics,3.0,2026-09-08 08:15:57,b,1,47.0
A003162,S038,Q0119,LSTM,4.0,2026-09-08 08:25:57,a,0,-5.0
A000660,S008,Q0056,AI_Basics,1.0,2026-09-08 08:29:57,c,0,32.0
A003160,S038,Q0091,CNN,2.0,2026-09-08 08:31:57,b,1,32.0
A003254,S039,Q0037,Statistics,4.0,2026-09-08 08:38:57,d,0,63.0
A000057,S001,Q0128,NLP,1.0,2026-09-08 08:43:57,a,0,24.0
A000662,S008,Q0042,Statistics,5.0,2026-09-08 08:58:57,d,0,64.0
A002674,S032,Q0009,Math_Basics,2.0,2026-09-08 09:06:57,c,0,35.0
A000311,S004,Q0077,Neural_Networks,2.0,2026-09-08 09:12:57,c,0,40.0
A002346,S028,Q0071,ML,3.0,2026-09-08 09:12:57,b,1,32.0
A000390,S005,Q0058,AI_Basics,5.0,2026-09-08 09:21:57,a,0,70.0
A001186,S014,Q0117,LSTM,5.0,2026-09-08 09:33:57,d,0,87.0
A000056,S001,Q0057,AI_Basics,1.0,2026-09-08 09:38:57,a,1,23.0
A003161,S038,Q0065,ML,1.0,2026-09-08 09:44:57,b,1,33.0
A002581,S031,Q0014,Python,3.0,2026-09-08 09:46:57,b,0,35.0
A002499,S030,Q0115,LSTM,4.0,2026-09-08 09:48:57,a,1,55.0
A003250,S039,Q0081,Neural_Networks,5.0,2026-09-08 09:49:57,b,1,67.0
A000310,S004,Q0078,Neural_Networks,3.0,2026-09-08 09:51:57,a,0,63.0
A000743,S009,Q0037,Statistics,4.0,2026-09-08 09:58:57,b,0,64.0
A000931,S011,Q0037,Statistics,4.0,2026-09-08 10:00:57,c,1,54.0
A001094,S013,Q0064,ML,1.0,2026-09-08 10:03:57,a,1,30.0
A001678,S020,Q0011,Math_Basics,1.0,2026-09-08 10:09:57,c,1,23.0
A000932,S011,Q0020,Python,2.0,2026-09-08 10:32:57,c,1,26.0
A002249,S027,Q0007,Math_Basics,5.0,2026-09-08 10:34:57,b,0,52.0
A001428,S017,Q0039,Statistics,3.0,2026-09-08 10:44:57,b,1,23.0
A001676,S020,Q0068,ML,2.0,2026-09-08 10:58:57,b,1,28.0
A002752,S033,Q0004,Math_Basics,2.0,2026-09-08 11:04:57,b,1,14.0
A000661,S008,Q0043,Statistics,4.0,2026-09-08 11:10:57,b,0,54.0
A002826,S034,Q0003,Math_Basics,1.0,2026-09-08 11:32:57,b,1,22.0
A002989,S036,Q0129,NLP,1.0,2026-09-08 11:57:57,b,1,20.0
A000747,S009,Q0016,Python,3.0,2026-09-08 12:07:57,b,0,58.0
A002251,S027,Q0012,Math_Basics,4.0,2026-09-08 12:23:57,a,1,39.0
A001009,S012,Q0049,AI_Basics,4.0,2026-09-08 12:29:57,a,1,17.0
A003159,S038,Q0066,ML,2.0,2026-09-08 12:45:57,b,0,44.0
A000488,S006,Q0034,Data_Structures,3.0,2026-09-08 12:57:57,b,1,28.0
A002501,S030,Q0009,Math_Basics,2.0,2026-09-08 13:05:57,b,0,45.0
A001095,S013,Q0041,Statistics,4.0,2026-09-08 13:12:57,c,0,63.0
A000663,S008,Q0127,NLP,3.0,2026-09-08 13:18:57,b,1,57.0
A001925,S023,Q0062,ML,2.0,2026-09-08 13:28:57,a,1,27.0
A002673,S032,Q0107,RNN,1.0,2026-09-08 13:31:57,c,0,31.0
A000487,S006,Q0082,Neural_Networks,2.0,2026-09-08 13:37:57,b,1,22.0
A003339,S040,Q0076,Neural_Networks,2.0,2026-09-08 13:48:57,b,1,27.0
A000144,S002,Q0032,Data_Structures,5.0,2026-09-08 14:04:57,c,1,50.0
A001765,S021,Q0089,CNN,1.0,2026-09-08 14:07:57,b,1,17.0
A000574,S007,Q0060,AI_Basics,1.0,2026-09-08 14:15:57,c,0,26.0
A002427,S029,Q0071,ML,3.0,2026-09-08 14:41:57,b,1,54.0
A002582,S031,Q0056,AI_Basics,1.0,2026-09-08 14:50:57,b,1,15.0
A000930,S011,Q0098,RNN,4.0,2026-09-08 15:01:57,a,1,36.0
A002162,S026,Q0111,LSTM,1.0,2026-09-08 15:01:57,a,1,12.0
A002823,S034,Q0056,AI_Basics,1.0,2026-09-08 15:20:57,b,1,20.0
A000143,S002,Q0126,NLP,2.0,2026-09-08 15:25:57,b,1,27.0
A002579,S031,Q0023,Python,4.0,2026-09-08 15:37:57,b,1,46.0
A003083,S037,Q0037,Statistics,4.0,2026-09-08 16:26:57,b,0,49.0
A000929,S011,Q0003,Math_Basics,1.0,2026-09-08 16:39:57,b,1,34.0
A001097,S013,Q0127,NLP,3.0,2026-09-08 16:42:57,d,0,50.0
A001499,S018,Q0072,ML,5.0,2026-09-08 17:01:57,c,0,69.0
A000486,S006,Q0047,Statistics,5.0,2026-09-08 17:43:57,b,1,49.0
A001762,S021,Q0118,LSTM,4.0,2026-09-08 17:49:57,b,1,26.0
A002987,S036,Q0004,Math_Basics,2.0,2026-09-08 17:54:57,c,0,47.0
A001093,S013,Q0093,CNN,4.0,2026-09-08 17:55:57,c,0,67.0
A002985,S036,Q0022,Python,4.0,2026-09-08 18:25:57,a,1,41.0
A000307,S004,Q0078,Neural_Networks,3.0,2026-09-08 18:49:57,b,1,46.0
A001764,S021,Q0109,LSTM,4.0,2026-09-08 18:58:57,a,1,30.0
A002428,S029,Q0004,Math_Basics,2.0,2026-09-08 19:09:57,b,1,27.0
A001924,S023,Q0055,AI_Basics,3.0,2026-09-08 19:17:57,c,0,39.0
A001763,S021,Q0114,LSTM,2.0,2026-09-08 19:37:57,b,0,28.0
A000058,S001,Q0085,CNN,5.0,2026-09-08 19:38:57,a,0,58.0
A000060,S001,Q0114,LSTM,2.0,2026-09-08 19:57:57,c,1,36.0
A001008,S012,Q0118,LSTM,4.0,2026-09-08 20:03:57,a,0,38.0
A001926,S023,Q0031,Data_Structures,3.0,2026-09-08 20:20:57,c,1,29.0
A000575,S007,Q0009,Math_Basics,2.0,2026-09-08 20:34:57,a,1,37.0
A000746,S009,Q0031,Data_Structures,3.0,2026-09-08 20:49:57,d,0,55.0
A000232,S003,Q0011,Math_Basics,1.0,2026-09-08 21:10:57,c,1,27.0
A001098,S013,Q0039,Statistics,3.0,2026-09-08 21:14:57,c,0,61.0
A002672,S032,Q0127,NLP,3.0,2026-09-08 21:42:57,c,0,55.0
A000664,S008,Q0131,NLP,1.0,2026-09-08 21:44:57,b,0,29.0
A000489,S006,Q0112,LSTM,3.0,2026-09-08 22:15:57,a,1,32.0
A003081,S037,Q0055,AI_Basics,3.0,2026-09-08 22:16:57,c,0,38.0
A001593,S019,Q0019,Python,5.0,2026-09-08 22:23:57,c,0,53.0
A002008,S024,Q0001,Math_Basics,5.0,2026-09-08 22:24:57,b,0,47.0
A002824,S034,Q0118,LSTM,4.0,2026-09-08 22:24:57,c,0,65.0
A003163,S038,Q0128,NLP,1.0,2026-09-08 22:31:57,b,1,38.0
A000933,S011,Q0065,ML,1.0,2026-09-08 22:35:57,b,1,24.0
A001591,S019,Q0047,Statistics,5.0,2026-09-08 22:37:57,b,1,62.0
A000389,S005,Q0105,RNN,4.0,2026-09-08 22:44:57,c,0,68.0
A001096,S013,Q0034,Data_Structures,3.0,2026-09-08 22:44:57,d,0,61.0
A001592,S019,Q0084,Neural_Networks,1.0,2026-09-08 23:14:57,b,1,18.0
A002248,S027,Q0037,Statistics,4.0,2026-09-08 23:19:57,c,1,43.0
A000059,S001,Q0130,NLP,2.0,2026-09-08 23:39:57,a,1,37.0
A000309,S004,Q0020,Python,2.0,2026-09-08 23:40:57,b,0,18.0
A000231,S003,Q0067,ML,3.0,2026-09-08 23:42:57,d,0,40.0
A003338,S040,Q0047,Statistics,5.0,2026-09-08 23:44:57,b,1,46.0
A001345,S016,Q0092,CNN,3.0,2026-09-08 23:46:57,a,1,44.0
A000745,S009,Q0130,NLP,2.0,2026-09-09 00:05:57,a,1,36.0
A002825,S034,Q0110,LSTM,2.0,2026-09-09 00:07:57,a,1,39.0
A000742,S009,Q0018,Python,1.0,2026-09-09 00:12:57,d,0,22.0
A001010,S012,Q0068,ML,2.0,2026-09-09 00:17:57,b,1,32.0
A000576,S007,Q0046,Statistics,3.0,2026-09-09 00:24:57,b,0,46.0
A002753,S033,Q0096,CNN,3.0,2026-09-09 00:50:57,b,1,25.0
A003253,S039,Q0018,Python,1.0,2026-09-09 01:01:57,d,0,11.0
A000308,S004,Q0079,Neural_Networks,5.0,2026-09-09 01:05:57,a,0,77.0
A003337,S040,Q0042,Statistics,5.0,2026-09-09 01:11:57,b,1,36.0
A001011,S012,Q0120,LSTM,5.0,2026-09-09 01:19:57,d,0,53.0
A002081,S025,Q0132,NLP,3.0,2026-09-09 01:19:57,a,1,22.0
A001429,S017,Q0056,AI_Basics,1.0,2026-09-09 01:26:57,b,1,25.0
A000306,S004,Q0034,Data_Structures,3.0,2026-09-09 01:28:57,d,0,45.0
A000744,S009,Q0047,Statistics,5.0,2026-09-09 01:53:57,c,0,58.0
A003164,S038,Q0039,Statistics,3.0,2026-09-09 01:56:57,b,1,35.0
A001266,S015,Q0079,Neural_Networks,5.0,2026-09-09 02:09:57,b,1,58.0
A002911,S035,Q0014,Python,3.0,2026-09-09 02:12:57,d,0,48.0
A002500,S030,Q0091,CNN,2.0,2026-09-09 02:16:57,c,0,31.0
A001501,S018,Q0033,Data_Structures,2.0,2026-09-09 02:24:57,b,1,32.0
A002344,S028,Q0093,CNN,4.0,2026-09-09 02:26:57,b,1,36.0
A001674,S020,Q0082,Neural_Networks,2.0,2026-09-09 02:29:57,b,1,15.0
A002080,S025,Q0080,Neural_Networks,2.0,2026-09-09 02:53:57,a,1,22.0
A001344,S016,Q0021,Python,5.0,2026-09-09 03:00:57,b,1,59.0
A001185,S014,Q0031,Data_Structures,3.0,2026-09-09 03:04:57,a,0,46.0
A001092,S013,Q0033,Data_Structures,2.0,2026-09-09 03:12:57,d,0,49.0
A002429,S029,Q0038,Statistics,2.0,2026-09-09 03:20:57,b,1,37.0
A002505,S030,Q0039,Statistics,3.0,2026-09-09 03:31:57,b,1,39.0
A001770,S021,Q0005,Math_Basics,3.0,2026-09-09 03:47:57,a,1,24.0
A000495,S006,Q0036,Data_Structures,4.0,2026-09-09 03:50:57,b,1,22.0
A003084,S037,Q0073,Neural_Networks,5.0,2026-09-09 04:13:57,b,0,65.0
A000148,S002,Q0087,CNN,1.0,2026-09-09 04:19:57,b,1,15.0
A002434,S029,Q0065,ML,1.0,2026-09-09 04:34:57,b,1,37.0
A003258,S039,Q0090,CNN,1.0,2026-09-09 05:00:57,a,1,26.0
A002010,S024,Q0014,Python,3.0,2026-09-09 05:24:57,a,1,43.0
A000393,S005,Q0093,CNN,4.0,2026-09-09 05:33:57,a,0,53.0
A001187,S014,Q0060,AI_Basics,1.0,2026-09-09 05:44:57,b,1,38.0
A003340,S040,Q0034,Data_Structures,3.0,2026-09-09 05:46:57,b,1,40.0
A003169,S038,Q0072,ML,5.0,2026-09-09 06:06:57,c,0,75.0
A002913,S035,Q0126,NLP,2.0,2026-09-09 06:10:57,d,0,30.0
A002828,S034,Q0119,LSTM,4.0,2026-09-09 06:15:57,c,0,58.0
A001190,S014,Q0114,LSTM,2.0,2026-09-09 06:35:57,b,0,51.0
A002502,S030,Q0036,Data_Structures,4.0,2026-09-09 06:37:57,a,0,47.0
A001767,S021,Q0044,Statistics,3.0,2026-09-09 06:43:57,c,1,30.0
A002432,S029,Q0047,Statistics,5.0,2026-09-09 06:47:57,a,0,50.0
A001100,S013,Q0010,Math_Basics,2.0,2026-09-09 06:58:57,a,0,46.0
A002992,S036,Q0007,Math_Basics,5.0,2026-09-09 07:54:57,a,0,69.0
A000578,S007,Q0083,Neural_Networks,4.0,2026-09-09 08:04:57,d,0,52.0
A000936,S011,Q0106,RNN,5.0,2026-09-09 08:15:57,b,1,46.0
A000235,S003,Q0028,Data_Structures,5.0,2026-09-09 08:20:57,d,0,65.0
A002827,S034,Q0033,Data_Structures,2.0,2026-09-09 08:29:57,b,1,40.0
A001841,S022,Q0022,Python,4.0,2026-09-09 09:00:57,a,1,32.0
A001843,S022,Q0109,LSTM,4.0,2026-09-09 09:07:57,a,1,44.0
A001840,S022,Q0024,Python,1.0,2026-09-09 09:34:57,c,1,12.0
A002676,S032,Q0104,RNN,2.0,2026-09-09 09:35:57,d,0,41.0
A002912,S035,Q0125,NLP,1.0,2026-09-09 09:38:57,b,0,39.0
A002829,S034,Q0104,RNN,2.0,2026-09-09 09:42:57,a,0,38.0
A001680,S020,Q0123,NLP,3.0,2026-09-09 09:43:57,a,1,28.0
A002009,S024,Q0023,Python,4.0,2026-09-09 09:52:57,a,0,29.0
A001099,S013,Q0047,Statistics,5.0,2026-09-09 10:02:57,c,0,90.0
A002587,S031,Q0021,Python,5.0,2026-09-09 10:05:57,c,0,61.0
A000580,S007,Q0080,Neural_Networks,2.0,2026-09-09 10:32:57,a,1,38.0
A000935,S011,Q0111,LSTM,1.0,2026-09-09 10:33:57,a,1,25.0
A003255,S039,Q0126,NLP,2.0,2026-09-09 10:34:57,c,0,30.0
A000061,S001,Q0022,Python,4.0,2026-09-09 10:58:57,b,0,50.0
A002013,S024,Q0004,Math_Basics,2.0,2026-09-09 11:22:57,b,1,37.0
A002585,S031,Q0077,Neural_Networks,2.0,2026-09-09 11:25:57,a,1,29.0
A002252,S027,Q0121,NLP,3.0,2026-09-09 11:37:57,a,1,34.0
A002163,S026,Q0040,Statistics,3.0,2026-09-09 11:40:57,b,1,17.0
A001268,S015,Q0030,Data_Structures,2.0,2026-09-09 11:43:57,c,1,30.0
A001189,S014,Q0067,ML,3.0,2026-09-09 11:43:57,d,0,60.0
A001594,S019,Q0082,Neural_Networks,2.0,2026-09-09 11:46:57,b,1,24.0
A000751,S009,Q0127,NLP,3.0,2026-09-09 11:59:57,a,0,53.0
A001766,S021,Q0087,CNN,1.0,2026-09-09 12:11:57,b,1,12.0
A000665,S008,Q0017,Python,2.0,2026-09-09 12:12:57,b,1,39.0
A000394,S005,Q0118,LSTM,4.0,2026-09-09 12:39:57,a,0,55.0
A000312,S004,Q0022,Python,4.0,2026-09-09 12:46:57,a,1,47.0
A001842,S022,Q0008,Math_Basics,5.0,2026-09-09 12:56:57,d,0,54.0
A000577,S007,Q0049,AI_Basics,4.0,2026-09-09 13:42:57,d,0,68.0
A001771,S021,Q0011,Math_Basics,1.0,2026-09-09 14:01:57,c,1,21.0
A000492,S006,Q0094,CNN,5.0,2026-09-09 14:03:57,a,1,42.0
A002012,S024,Q0029,Data_Structures,1.0,2026-09-09 14:10:57,b,1,6.0
A000579,S007,Q0127,NLP,3.0,2026-09-09 14:13:57,b,1,42.0
A000845,S010,Q0123,NLP,3.0,2026-09-09 14:16:57,b,0,50.0
A001348,S016,Q0052,AI_Basics,3.0,2026-09-09 14:39:57,b,1,42.0
A002991,S036,Q0084,Neural_Networks,1.0,2026-09-09 14:44:57,b,1,24.0
A002430,S029,Q0061,ML,3.0,2026-09-09 15:11:57,c,0,45.0
A003342,S040,Q0106,RNN,5.0,2026-09-09 15:21:57,b,1,34.0
A001430,S017,Q0043,Statistics,4.0,2026-09-09 15:25:57,c,1,45.0
A001768,S021,Q0092,CNN,3.0,2026-09-09 15:32:57,a,1,23.0
A002990,S036,Q0102,RNN,2.0,2026-09-09 16:10:57,d,0,39.0
A001929,S023,Q0043,Statistics,4.0,2026-09-09 16:23:57,c,1,47.0
A000748,S009,Q0043,Statistics,4.0,2026-09-09 16:29:57,c,1,47.0
A000667,S008,Q0011,Math_Basics,1.0,2026-09-09 16:31:57,c,1,36.0
A000750,S009,Q0093,CNN,4.0,2026-09-09 16:43:57,d,0,71.0
A003256,S039,Q0128,NLP,1.0,2026-09-09 16:45:57,b,1,26.0
A000236,S003,Q0114,LSTM,2.0,2026-09-09 16:51:57,d,0,40.0
A000937,S011,Q0090,CNN,1.0,2026-09-09 16:57:57,a,1,25.0
A001595,S019,Q0100,RNN,3.0,2026-09-09 16:57:57,c,0,45.0
A000062,S001,Q0080,Neural_Networks,2.0,2026-09-09 17:03:57,a,1,31.0
A002586,S031,Q0016,Python,3.0,2026-09-09 17:08:57,c,0,50.0
A001772,S021,Q0085,CNN,5.0,2026-09-09 17:22:57,d,0,43.0
A001431,S017,Q0001,Math_Basics,5.0,2026-09-09 17:27:57,c,1,31.0
A002347,S028,Q0008,Math_Basics,5.0,2026-09-09 17:30:57,a,1,44.0
A001683,S020,Q0051,AI_Basics,3.0,2026-09-09 17:31:57,a,0,47.0
A001269,S015,Q0034,Data_Structures,3.0,2026-09-09 17:36:57,b,1,34.0
A001682,S020,Q0087,CNN,1.0,2026-09-09 17:39:57,b,1,
A000315,S004,Q0071,ML,3.0,2026-09-09 18:02:57,a,0,
A000315,S004,Q0071,ML,3.0,2026-09-09 18:02:57,c,0,
A000843,S010,Q0077,Neural_Networks,2.0,2026-09-09 18:08:57,d,0,57.0
A000233,S003,Q0100,RNN,3.0,2026-09-09 18:18:57,b,1,37.0
A000581,S007,Q0022,Python,4.0,2026-09-09 18:24:57,b,0,58.0
A003166,S038,Q0052,AI_Basics,3.0,2026-09-09 18:39:57,b,1,37.0
A001102,S013,Q0025,Data_Structures,4.0,2026-09-09 18:43:57,c,1,55.0
A002435,S029,Q0023,Python,4.0,2026-09-09 18:52:57,c,0,31.0
A003168,S038,Q0061,ML,3.0,2026-09-09 19:04:57,b,1,44.0
A002504,S030,Q0006,Math_Basics,5.0,2026-09-09 19:07:57,c,0,83.0
A002832,S034,Q0014,Python,3.0,2026-09-09 19:10:57,c,0,48.0
A001503,S018,Q0101,RNN,1.0,2026-09-09 19:21:57,d,0,30.0
A000145,S002,Q0102,RNN,2.0,2026-09-09 19:26:57,a,1,-5.0
A001502,S018,Q0101,RNN,1.0,2026-09-09 19:42:57,a,0,27.0
A002254,S027,Q0024,Python,1.0,2026-09-09 19:42:57,c,1,22.0
A003257,S039,Q0041,Statistics,4.0,2026-09-09 19:50:57,d,0,62.0
A003167,S038,Q0013,Python,2.0,2026-09-09 19:57:57,b,1,38.0
A002503,S030,Q0027,Data_Structures,2.0,2026-09-09 19:59:57,c,0,33.0
A000844,S010,Q0122,NLP,5.0,2026-09-09 20:06:57,d,0,73.0
A001769,S021,Q0062,ML,2.0,2026-09-09 20:14:57,a,1,23.0
A003085,S037,Q0056,AI_Basics,1.0,2026-09-09 20:24:57,b,1,30.0
A000313,S004,Q0069,ML,5.0,2026-09-09 20:37:57,c,0,63.0
A000490,S006,Q0119,LSTM,4.0,2026-09-09 20:50:57,b,1,40.0
A000938,S011,Q0017,Python,2.0,2026-09-09 20:59:57,b,1,34.0
A000666,S008,Q0121,NLP,3.0,2026-09-09 21:01:57,a,1,52.0
A002431,S029,Q0069,ML,5.0,2026-09-09 21:04:57,b,0,59.0
A000314,S004,Q0094,CNN,5.0,2026-09-09 21:11:57,d,0,74.0
A001596,S019,Q0004,Math_Basics,2.0,2026-09-09 21:12:57,b,1,12.0
A001101,S013,Q0004,Math_Basics,2.0,2026-09-09 21:46:57,d,0,43.0
A002083,S025,Q0096,CNN,3.0,2026-09-09 21:57:57,b,1,49.0
A000749,S009,Q0123,NLP,3.0,2026-09-09 21:57:57,b,0,43.0
A000493,S006,Q0118,LSTM,4.0,2026-09-09 21:59:57,b,1,47.0
A001350,S016,Q0091,CNN,2.0,2026-09-09 22:02:57,b,1,27.0
A001188,S014,Q0066,ML,2.0,2026-09-09 22:09:57,d,0,59.0
A002082,S025,Q0074,Neural_Networks,3.0,2026-09-09 22:28:57,d,0,43.0
A003341,S040,Q0044,Statistics,3.0,2026-09-09 22:45:57,c,1,40.0
A002754,S033,Q0049,AI_Basics,4.0,2026-09-09 23:03:57,c,0,44.0
A001681,S020,Q0007,Math_Basics,5.0,2026-09-09 23:16:57,c,1,42.0
A001349,S016,Q0063,ML,2.0,2026-09-09 23:26:57,b,1,41.0
A000147,S002,Q0122,NLP,5.0,2026-09-09 23:30:57,d,0,56.0
A002830,S034,Q0010,Math_Basics,2.0,2026-09-10 00:11:57,b,1,36.0
A003165,S038,Q0082,Neural_Networks,2.0,2026-09-10 00:23:57,b,1,36.0
A000494,S006,Q0053,AI_Basics,4.0,2026-09-10 00:29:57,b,1,39.0
A002831,S034,Q0117,LSTM,5.0,2026-09-10 00:58:57,b,1,73.0
A001267,S015,Q0003,Math_Basics,1.0,2026-09-10 02:20:57,b,1,20.0
A000146,S002,Q0118,LSTM,4.0,2026-09-10 02:32:57,c,0,40.0
A001347,S016,Q0084,Neural_Networks,1.0,2026-09-10 02:57:57,b,1,22.0
A002433,S029,Q0061,ML,3.0,2026-09-10 02:57:57,c,0,33.0
A002253,S027,Q0054,AI_Basics,4.0,2026-09-10 03:03:57,b,1,37.0
A002675,S032,Q0018,Python,1.0,2026-09-10 03:03:57,b,1,24.0
A001012,S012,Q0014,Python,3.0,2026-09-10 03:04:57,a,1,31.0
A000491,S006,Q0036,Data_Structures,4.0,2026-09-10 03:04:57,b,1,23.0
A002011,S024,Q0063,ML,2.0,2026-09-10 03:07:57,b,1,31.0
A001679,S020,Q0064,ML,1.0,2026-09-10 03:12:57,a,1,18.0
A000234,S003,Q0111,LSTM,1.0,2026-09-10 03:15:57,b,0,36.0
A001928,S023,Q0116,LSTM,1.0,2026-09-10 03:19:57,b,1,17.0
A002915,S035,Q0045,Statistics,1.0,2026-09-10 03:23:57,b,1,20.0
A003172,S038,Q0083,Neural_Networks,4.0,2026-09-10 03:45:57,b,1,43.0
A001019,S012,Q0048,Statistics,4.0,2026-09-10 03:51:57,b,1,34.0
A002994,S036,Q0002,Math_Basics,4.0,2026-09-10 03:57:57,d,0,65.0
A000496,S006,Q0055,AI_Basics,3.0,2026-09-10 03:58:57,a,1,39.0
A000582,S007,Q0050,AI_Basics,3.0,2026-09-10 04:25:57,a,0,52.0
A003344,S040,Q0042,Statistics,5.0,2026-09-10 04:32:57,b,1,41.0
A000944,S011,Q0021,Python,5.0,2026-09-10 04:36:57,d,0,48.0
A002684,S032,Q0013,Python,2.0,2026-09-10 04:40:57,c,0,32.0
A001777,S021,Q0090,CNN,1.0,2026-09-10 04:41:57,a,1,14.0
A001014,S012,Q0001,Math_Basics,5.0,2026-09-10 04:46:57,c,1,29.0
A003171,S038,Q0084,Neural_Networks,1.0,2026-09-10 04:51:57,b,1,21.0
A001931,S023,Q0050,AI_Basics,3.0,2026-09-10 05:00:57,c,0,48.0
A001686,S020,Q0114,LSTM,2.0,2026-09-10 05:17:57,c,1,21.0
A001017,S012,Q0062,ML,2.0,2026-09-10 05:20:57,a,1,33.0
A003345,S040,Q0051,AI_Basics,3.0,2026-09-10 05:23:57,b,1,45.0
A000065,S001,Q0035,Data_Structures,4.0,2026-09-10 05:42:57,a,0,43.0
A001599,S019,Q0109,LSTM,4.0,2026-09-10 05:43:57,d,0,35.0
A000668,S008,Q0072,ML,5.0,2026-09-10 06:04:57,b,0,69.0
A003170,S038,Q0103,RNN,3.0,2026-09-10 06:17:57,c,0,41.0
A003261,S039,Q0027,Data_Structures,2.0,2026-09-10 06:19:57,d,0,38.0
A001773,S021,Q0027,Data_Structures,2.0,2026-09-10 06:24:57,b,1,28.0
A002509,S030,Q0034,Data_Structures,3.0,2026-09-10 06:29:57,b,1,54.0
A003346,S040,Q0073,Neural_Networks,5.0,2026-09-10 06:51:57,d,0,40.0
A003087,S037,Q0068,ML,2.0,2026-09-10 07:03:57,b,1,21.0
A001508,S018,Q0005,Math_Basics,3.0,2026-09-10 07:11:57,a,1,39.0
A000943,S011,Q0073,Neural_Networks,5.0,2026-09-10 07:52:57,a,1,56.0
A001600,S019,Q0071,ML,3.0,2026-09-10 08:21:57,b,1,34.0
A000068,S001,Q0023,Python,4.0,2026-09-10 08:25:57,d,0,42.0
A002167,S026,Q0023,Python,4.0,2026-09-10 08:38:57,b,1,32.0
A002015,S024,Q0029,Data_Structures,1.0,2026-09-10 08:40:57,b,1,22.0
A002014,S024,Q0001,Math_Basics,5.0,2026-09-10 08:44:57,d,0,52.0
A001271,S015,Q0131,NLP,1.0,2026-09-10 08:52:57,a,1,27.0
A001844,S022,Q0046,Statistics,3.0,2026-09-10 08:52:57,c,1,33.0
A000319,S004,Q0063,ML,2.0,2026-09-10 08:54:57,c,0,44.0
A000238,S003,Q0056,AI_Basics,1.0,2026-09-10 09:07:57,b,1,20.0
A000149,S002,Q0061,ML,3.0,2026-09-10 09:11:57,a,0,46.0
A000396,S005,Q0116,LSTM,1.0,2026-09-10 09:14:57,b,1,26.0
A001432,S017,Q0004,Math_Basics,2.0,2026-09-10 09:23:57,b,1,21.0
A001104,S013,Q0108,RNN,5.0,2026-09-10 09:45:57,d,0,80.0
A000067,S001,Q0092,CNN,3.0,2026-09-10 10:10:57,a,1,35.0
A000237,S003,Q0108,RNN,5.0,2026-09-10 10:12:57,d,0,70.0
A001506,S018,Q0043,Statistics,4.0,2026-09-10 10:13:57,d,0,60.0
A002016,S024,Q0071,ML,3.0,2026-09-10 10:15:57,b,1,22.0
A001775,S021,Q0061,ML,3.0,2026-09-10 10:27:57,b,1,33.0
A001685,S020,Q0103,RNN,3.0,2026-09-10 10:31:57,b,1,35.0
A000063,S001,Q0070,ML,5.0,2026-09-10 11:04:57,c,0,53.0
A002683,S032,Q0032,Data_Structures,5.0,2026-09-10 11:18:57,a,0,61.0
A001845,S022,Q0013,Python,2.0,2026-09-10 11:20:57,b,1,19.0
A002916,S035,Q0039,Statistics,3.0,2026-09-10 11:27:57,b,1,50.0
A000240,S003,Q0093,CNN,4.0,2026-09-10 11:31:57,c,0,55.0
A001016,S012,Q0055,AI_Basics,3.0,2026-09-10 11:40:57,a,1,21.0
A002017,S024,Q0102,RNN,2.0,2026-09-10 12:02:57,a,1,23.0
A000753,S009,Q0009,Math_Basics,2.0,2026-09-10 12:04:57,a,1,39.0
A001015,S012,Q0106,RNN,5.0,2026-09-10 12:05:57,c,0,33.0
A000756,S009,Q0096,CNN,3.0,2026-09-10 12:08:57,d,0,53.0
A002164,S026,Q0123,NLP,3.0,2026-09-10 12:20:57,c,0,53.0
A002507,S030,Q0062,ML,2.0,2026-09-10 12:40:57,a,1,25.0
A000583,S007,Q0022,Python,4.0,2026-09-10 12:48:57,b,0,69.0
A002996,S036,Q0120,LSTM,5.0,2026-09-10 13:05:57,a,0,68.0
A001774,S021,Q0005,Math_Basics,3.0,2026-09-10 13:12:57,a,1,30.0
A001020,S012,Q0107,RNN,1.0,2026-09-10 13:22:57,a,1,19.0
A000847,S010,Q0119,LSTM,4.0,2026-09-10 13:24:57,b,1,51.0
A001933,S023,Q0001,Math_Basics,5.0,2026-09-10 13:27:57,d,0,58.0
A001023,S012,Q0080,Neural_Networks,2.0,2026-09-10 13:38:57,a,1,25.0
A002506,S030,Q0022,Python,4.0,2026-09-10 13:45:57,d,0,44.0
A002755,S033,Q0121,NLP,3.0,2026-09-10 14:03:57,a,1,39.0
A001103,S013,Q0063,ML,2.0,2026-09-10 14:20:57,a,0,46.0
A002591,S031,Q0088,CNN,2.0,2026-09-10 14:36:57,b,1,26.0
A002758,S033,Q0029,Data_Structures,1.0,2026-09-10 14:48:57,b,1,30.0
A002593,S031,Q0031,Data_Structures,3.0,2026-09-10 14:54:57,c,1,31.0
A001193,S014,Q0051,AI_Basics,3.0,2026-09-10 14:55:57,c,0,59.0
A001598,S019,Q0084,Neural_Networks,1.0,2026-09-10 15:10:57,b,1,9.0
A002682,S032,Q0065,ML,1.0,2026-09-10 15:14:57,c,0,35.0
A000318,S004,Q0017,Python,2.0,2026-09-10 15:21:57,b,1,25.0
A002834,S034,Q0125,NLP,1.0,2026-09-10 15:31:57,a,1,27.0
A002437,S029,Q0097,RNN,2.0,2026-09-10 15:45:57,b,1,31.0
A003259,S039,Q0090,CNN,1.0,2026-09-10 15:46:57,a,1,23.0
A002678,S032,Q0059,AI_Basics,4.0,2026-09-10 15:53:57,a,1,54.0
A001191,S014,Q0076,Neural_Networks,2.0,2026-09-10 16:07:57,c,0,35.0
A001270,S015,Q0094,CNN,5.0,2026-09-10 16:17:57,a,1,45.0
A002588,S031,Q0074,Neural_Networks,3.0,2026-09-10 16:20:57,b,1,28.0
A001688,S020,Q0020,Python,2.0,2026-09-10 16:27:57,d,0,40.0
A002590,S031,Q0079,Neural_Networks,5.0,2026-09-10 16:29:57,b,1,-5.0
A002436,S029,Q0037,Statistics,4.0,2026-09-10 16:32:57,a,0,53.0
A002086,S025,Q0101,RNN,1.0,2026-09-10 16:37:57,b,1,21.0
A000755,S009,Q0097,RNN,2.0,2026-09-10 16:42:57,a,0,41.0
A002087,S025,Q0040,Statistics,3.0,2026-09-10 16:46:57,b,1,30.0
A001013,S012,Q0108,RNN,5.0,2026-09-10 16:53:57,b,1,36.0
A000846,S010,Q0113,LSTM,5.0,2026-09-10 17:05:57,a,0,63.0
A002756,S033,Q0130,NLP,2.0,2026-09-10 17:09:57,a,1,26.0
A002166,S026,Q0002,Math_Basics,4.0,2026-09-10 17:12:57,c,1,26.0
A001930,S023,Q0091,CNN,2.0,2026-09-10 17:48:57,a,0,28.0
A002348,S028,Q0006,Math_Basics,5.0,2026-09-10 17:49:57,b,1,53.0
A000584,S007,Q0088,CNN,2.0,2026-09-10 17:50:57,d,0,47.0
A001505,S018,Q0132,NLP,3.0,2026-09-10 17:54:57,d,0,52.0
A000498,S006,Q0098,RNN,4.0,2026-09-10 17:57:57,b,0,37.0
A000317,S004,Q0118,LSTM,4.0,2026-09-10 18:27:57,c,0,60.0
A001272,S015,Q0118,LSTM,4.0,2026-09-10 18:29:57,a,0,32.0
A000395,S005,Q0125,NLP,1.0,2026-09-10 18:51:57,a,1,12.0
A001597,S019,Q0041,Statistics,4.0,2026-09-10 18:54:57,a,0,51.0
A002679,S032,Q0115,LSTM,4.0,2026-09-10 18:59:57,b,0,60.0
A002084,S025,Q0064,ML,1.0,2026-09-10 19:19:57,a,1,14.0
A000499,S006,Q0007,Math_Basics,5.0,2026-09-10 19:24:57,c,1,45.0
A001776,S021,Q0053,AI_Basics,4.0,2026-09-10 19:40:57,b,1,36.0
A002165,S026,Q0060,AI_Basics,1.0,2026-09-10 19:41:57,b,1,17.0
A002993,S036,Q0124,NLP,2.0,2026-09-10 19:49:57,b,0,34.0
A000848,S010,Q0087,CNN,1.0,2026-09-10 19:51:57,c,0,36.0
A000585,S007,Q0095,CNN,5.0,2026-09-10 19:54:57,d,0,70.0
A002438,S029,Q0076,Neural_Networks,2.0,2026-09-10 19:59:57,c,0,39.0
A000941,S011,Q0036,Data_Structures,4.0,2026-09-10 20:15:57,d,0,44.0
A002508,S030,Q0049,AI_Basics,4.0,2026-09-10 20:23:57,a,1,52.0
A000150,S002,Q0031,Data_Structures,3.0,2026-09-10 20:42:57,b,0,47.0
A001351,S016,Q0088,CNN,2.0,2026-09-10 20:45:57,b,1,25.0
A003343,S040,Q0106,RNN,5.0,2026-09-10 20:55:57,b,1,50.0
A002257,S027,Q0040,Statistics,3.0,2026-09-10 20:55:57,b,1,33.0
A000752,S009,Q0066,ML,2.0,2026-09-10 21:50:57,a,1,36.0
A001689,S020,Q0093,CNN,4.0,2026-09-10 22:05:57,b,1,26.0
A000316,S004,Q0045,Statistics,1.0,2026-09-10 22:10:57,b,1,
A001504,S018,Q0065,ML,1.0,2026-09-10 22:18:57,b,1,25.0
A002511,S030,Q0090,CNN,1.0,2026-09-10 22:24:57,a,1,18.0
A003260,S039,Q0128,NLP,1.0,2026-09-10 22:43:57,b,1,40.0
A002256,S027,Q0083,Neural_Networks,4.0,2026-09-10 22:48:57,b,1,34.0
A000669,S008,Q0020,Python,2.0,2026-09-10 22:52:57,c,1,40.0
A002757,S033,Q0017,Python,2.0,2026-09-10 23:01:57,b,1,19.0
A000497,S006,Q0093,CNN,4.0,2026-09-10 23:15:57,b,1,34.0
A001932,S023,Q0098,RNN,4.0,2026-09-10 23:21:57,a,1,27.0
A003086,S037,Q0006,Math_Basics,5.0,2026-09-10 23:23:57,a,0,51.0
A001509,S018,Q0008,Math_Basics,5.0,2026-09-10 23:33:57,b,0,64.0
A000064,S001,Q0082,Neural_Networks,2.0,2026-09-10 23:36:57,b,1,37.0
A001510,S018,Q0131,NLP,1.0,2026-09-10 23:44:57,a,1,19.0
A001684,S020,Q0007,Math_Basics,5.0,2026-09-10 23:49:57,c,1,42.0
A000670,S008,Q0050,AI_Basics,3.0,2026-09-10 23:50:57,a,0,50.0
A000587,S007,Q0038,Statistics,2.0,2026-09-10 23:57:57,b,1,33.0
A001507,S018,Q0005,Math_Basics,3.0,2026-09-11 00:02:57,b,0,46.0
A000066,S001,Q0115,LSTM,4.0,2026-09-11 00:06:57,d,0,51.0
A000586,S007,Q0040,Statistics,3.0,2026-09-11 00:11:57,b,1,48.0
A002589,S031,Q0066,ML,2.0,2026-09-11 00:17:57,a,1,29.0
A002510,S030,Q0004,Math_Basics,2.0,2026-09-11 00:24:57,b,1,43.0
A002255,S027,Q0096,CNN,3.0,2026-09-11 00:24:57,b,1,26.0
A002258,S027,Q0107,RNN,1.0,2026-09-11 00:28:57,a,1,22.0
A001021,S012,Q0070,ML,5.0,2026-09-11 00:31:57,d,0,54.0
A000942,S011,Q0049,AI_Basics,4.0,2026-09-11 00:41:57,d,0,53.0
A000939,S011,Q0061,ML,3.0,2026-09-11 00:43:57,b,1,38.0
A002168,S026,Q0101,RNN,1.0,2026-09-11 00:53:57,c,0,22.0
A002914,S035,Q0103,RNN,3.0,2026-09-11 00:59:57,c,0,45.0
A000754,S009,Q0045,Statistics,1.0,2026-09-11 01:33:57,c,0,27.0
A001192,S014,Q0046,Statistics,3.0,2026-09-11 01:36:57,b,0,63.0
A002680,S032,Q0016,Python,3.0,2026-09-11 01:39:57,d,0,52.0
A002681,S032,Q0128,NLP,1.0,2026-09-11 01:39:57,b,1,31.0
A002677,S032,Q0013,Python,2.0,2026-09-11 01:58:57,b,1,38.0
A002835,S034,Q0031,Data_Structures,3.0,2026-09-11 02:03:57,d,0,54.0
A003347,S040,Q0050,AI_Basics,3.0,2026-09-11 02:04:57,d,0,28.0
A003088,S037,Q0118,LSTM,4.0,2026-09-11 02:23:57,c,0,72.0
A002592,S031,Q0050,AI_Basics,3.0,2026-09-11 02:26:57,a,0,38.0
A001687,S020,Q0130,NLP,2.0,2026-09-11 02:58:57,a,1,26.0
A001022,S012,Q0030,Data_Structures,2.0,2026-09-11 03:04:57,c,1,32.0
A002085,S025,Q0018,Python,1.0,2026-09-11 03:06:57,b,1,24.0
A000940,S011,Q0074,Neural_Networks,3.0,2026-09-11 03:10:57,b,1,39.0
A000153,S002,Q0010,Math_Basics,2.0,2026-09-11 03:29:57,d,0,39.0
A002999,S036,Q0101,RNN,1.0,2026-09-11 03:40:57,c,0,27.0
A002261,S027,Q0111,LSTM,1.0,2026-09-11 03:51:57,a,1,15.0
A001782,S021,Q0078,Neural_Networks,3.0,2026-09-11 03:51:57,b,1,32.0
A002513,S030,Q0045,Statistics,1.0,2026-09-11 03:54:57,b,1,17.0
A000397,S005,Q0089,CNN,1.0,2026-09-11 04:26:57,b,1,43.0
A002997,S036,Q0099,RNN,2.0,2026-09-11 05:05:57,a,1,25.0
A002170,S026,Q0125,NLP,1.0,2026-09-11 05:13:57,a,1,27.0
A000398,S005,Q0099,RNN,2.0,2026-09-11 05:16:57,d,0,52.0
A002690,S032,Q0115,LSTM,4.0,2026-09-11 05:35:57,c,0,63.0
A002761,S033,Q0060,AI_Basics,1.0,2026-09-11 05:38:57,b,1,32.0
A002172,S026,Q0108,RNN,5.0,2026-09-11 05:51:57,d,0,54.0
A001107,S013,Q0023,Python,4.0,2026-09-11 06:02:57,c,0,60.0
A000152,S002,Q0021,Python,5.0,2026-09-11 06:27:57,d,0,50.0
A002169,S026,Q0021,Python,5.0,2026-09-11 07:44:57,b,1,43.0
A000759,S009,Q0120,LSTM,5.0,2026-09-11 08:04:57,d,0,75.0
A001691,S020,Q0008,Math_Basics,5.0,2026-09-11 08:36:57,b,0,41.0
A001783,S021,Q0104,RNN,2.0,2026-09-11 08:48:57,b,1,15.0
A003089,S037,Q0069,ML,5.0,2026-09-11 08:55:57,a,1,54.0
A000400,S005,Q0070,ML,5.0,2026-09-11 09:11:57,c,0,58.0
A003264,S039,Q0132,NLP,3.0,2026-09-11 09:18:57,c,0,59.0
A001273,S015,Q0051,AI_Basics,3.0,2026-09-11 09:26:57,d,0,36.0
A002764,S033,Q0126,NLP,2.0,2026-09-11 09:28:57,b,1,28.0
A000320,S004,Q0078,Neural_Networks,3.0,2026-09-11 09:34:57,d,0,54.0
A000323,S004,Q0081,Neural_Networks,5.0,2026-09-11 09:35:57,d,0,73.0
A001025,S012,Q0018,Python,1.0,2026-09-11 09:37:57,b,1,31.0
A001935,S023,Q0013,Python,2.0,2026-09-11 09:42:57,b,1,29.0
A001357,S016,Q0104,RNN,2.0,2026-09-11 10:02:57,b,1,18.0
A000502,S006,Q0089,CNN,1.0,2026-09-11 10:33:57,b,1,14.0
A002998,S036,Q0113,LSTM,5.0,2026-09-11 10:34:57,c,0,68.0
A001356,S016,Q0112,LSTM,3.0,2026-09-11 10:43:57,c,0,43.0
A001511,S018,Q0113,LSTM,5.0,2026-09-11 10:59:57,c,0,79.0
A001026,S012,Q0046,Statistics,3.0,2026-09-11 11:12:57,c,1,29.0
A001779,S021,Q0113,LSTM,5.0,2026-09-11 11:26:57,b,1,31.0
A001694,S020,Q0087,CNN,1.0,2026-09-11 11:37:57,b,1,23.0
A001353,S016,Q0038,Statistics,2.0,2026-09-11 11:42:57,b,1,34.0
A001354,S016,Q0106,RNN,5.0,2026-09-11 11:48:57,b,1,52.0
A002089,S025,Q0046,Statistics,3.0,2026-09-11 11:53:57,c,1,27.0
A000850,S010,Q0043,Statistics,4.0,2026-09-11 11:58:57,d,0,59.0
A002350,S028,Q0027,Data_Structures,2.0,2026-09-11 11:59:57,b,1,36.0
A000945,S011,Q0049,AI_Basics,4.0,2026-09-11 11:59:57,a,1,42.0
A001778,S021,Q0102,RNN,2.0,2026-09-11 12:05:57,a,1,22.0
A002090,S025,Q0079,Neural_Networks,5.0,2026-09-11 12:32:57,a,0,45.0
A000948,S011,Q0018,Python,1.0,2026-09-11 12:35:57,b,1,25.0
A002259,S027,Q0050,AI_Basics,3.0,2026-09-11 12:45:57,b,1,31.0
A002691,S032,Q0096,CNN,3.0,2026-09-11 12:54:57,c,0,48.0
A001604,S019,Q0124,NLP,2.0,2026-09-11 13:10:57,a,1,22.0
A002838,S034,Q0131,NLP,1.0,2026-09-11 13:16:57,a,1,23.0
A000069,S001,Q0060,AI_Basics,1.0,2026-09-11 13:19:57,b,1,21.0
A002839,S034,Q0070,ML,5.0,2026-09-11 13:21:57,a,0,82.0
A002840,S034,Q0025,Data_Structures,4.0,2026-09-11 13:25:57,d,0,54.0
A000589,S007,Q0123,NLP,3.0,2026-09-11 13:53:57,c,0,57.0
A001690,S020,Q0114,LSTM,2.0,2026-09-11 13:59:57,c,1,27.0
A000243,S003,Q0039,Statistics,3.0,2026-09-11 14:05:57,b,1,47.0
A002173,S026,Q0116,LSTM,1.0,2026-09-11 14:12:57,b,1,25.0
A003174,S038,Q0017,Python,2.0,2026-09-11 14:22:57,b,1,34.0
A002759,S033,Q0029,Data_Structures,1.0,2026-09-11 14:27:57,c,0,31.0
A002917,S035,Q0117,LSTM,5.0,2026-09-11 14:30:57,c,0,61.0
A002688,S032,Q0001,Math_Basics,5.0,2026-09-11 14:30:57,b,0,76.0
A002687,S032,Q0116,LSTM,1.0,2026-09-11 14:41:57,d,0,28.0
A000501,S006,Q0118,LSTM,4.0,2026-09-11 14:50:57,c,0,39.0
A002762,S033,Q0111,LSTM,1.0,2026-09-11 15:11:57,a,1,13.0
A000760,S009,Q0052,AI_Basics,3.0,2026-09-11 15:24:57,c,0,44.0
A000590,S007,Q0102,RNN,2.0,2026-09-11 15:25:57,b,0,40.0
A000671,S008,Q0090,CNN,1.0,2026-09-11 15:29:57,a,1,32.0
A003265,S039,Q0094,CNN,5.0,2026-09-11 15:40:57,b,0,62.0
A000758,S009,Q0081,Neural_Networks,5.0,2026-09-11 15:56:57,c,0,65.0
A001934,S023,Q0081,Neural_Networks,5.0,2026-09-11 16:00:57,d,0,64.0
A000588,S007,Q0013,Python,2.0,2026-09-11 16:01:57,b,1,47.0
A002760,S033,Q0040,Statistics,3.0,2026-09-11 16:07:57,b,1,41.0
A001355,S016,Q0095,CNN,5.0,2026-09-11 16:15:57,d,0,53.0
A001275,S015,Q0066,ML,2.0,2026-09-11 16:25:57,a,1,21.0
A002598,S031,Q0131,NLP,1.0,2026-09-11 16:25:57,a,1,17.0
A000947,S011,Q0104,RNN,2.0,2026-09-11 17:08:57,b,1,36.0
A002763,S033,Q0116,LSTM,1.0,2026-09-11 17:23:57,b,1,13.0
A000500,S006,Q0115,LSTM,4.0,2026-09-11 17:48:57,a,1,47.0
A002597,S031,Q0029,Data_Structures,1.0,2026-09-11 17:50:57,b,1,26.0
A002174,S026,Q0122,NLP,5.0,2026-09-11 17:52:57,c,0,79.0
A003263,S039,Q0032,Data_Structures,5.0,2026-09-11 18:01:57,b,0,66.0
A001692,S020,Q0112,LSTM,3.0,2026-09-11 18:04:57,a,1,26.0
A002440,S029,Q0119,LSTM,4.0,2026-09-11 18:04:57,c,0,51.0
A001603,S019,Q0016,Python,3.0,2026-09-11 18:05:57,a,1,29.0
A000399,S005,Q0131,NLP,1.0,2026-09-11 18:32:57,a,1,24.0
A001601,S019,Q0120,LSTM,5.0,2026-09-11 18:42:57,a,0,44.0
A001602,S019,Q0086,CNN,2.0,2026-09-11 18:52:57,b,1,23.0
A000849,S010,Q0122,NLP,5.0,2026-09-11 19:04:57,a,0,64.0
A002349,S028,Q0050,AI_Basics,3.0,2026-09-11 19:05:57,b,1,33.0
A000321,S004,Q0064,ML,1.0,2026-09-11 19:27:57,c,0,19.0
A000851,S010,Q0104,RNN,2.0,2026-09-11 19:31:57,a,0,45.0
A001274,S015,Q0132,NLP,3.0,2026-09-11 19:34:57,a,1,44.0
A000070,S001,Q0053,AI_Basics,4.0,2026-09-11 19:56:57,a,0,45.0
A001195,S014,Q0105,RNN,4.0,2026-09-11 20:04:57,a,0,56.0
A002595,S031,Q0104,RNN,2.0,2026-09-11 20:07:57,b,1,27.0
A001781,S021,Q0024,Python,1.0,2026-09-11 20:43:57,c,1,14.0
A003090,S037,Q0022,Python,4.0,2026-09-11 20:48:57,a,1,59.0
A002260,S027,Q0088,CNN,2.0,2026-09-11 20:51:57,b,1,21.0
A000757,S009,Q0075,Neural_Networks,5.0,2026-09-11 20:56:57,a,0,56.0
A001108,S013,Q0063,ML,2.0,2026-09-11 21:01:57,b,1,44.0
A001198,S014,Q0037,Statistics,4.0,2026-09-11 21:05:57,b,0,64.0
A000949,S011,Q0125,NLP,1.0,2026-09-11 21:29:57,a,1,25.0
A002836,S034,Q0050,AI_Basics,3.0,2026-09-11 21:37:57,d,0,47.0
A001106,S013,Q0023,Python,4.0,2026-09-11 21:43:57,d,0,56.0
A000946,S011,Q0057,AI_Basics,1.0,2026-09-11 22:02:57,a,1,25.0
A002514,S030,Q0066,ML,2.0,2026-09-11 22:04:57,a,1,32.0
A000503,S006,Q0090,CNN,1.0,2026-09-11 22:06:57,a,1,16.0
A002686,S032,Q0116,LSTM,1.0,2026-09-11 22:06:57,c,0,27.0
A002594,S031,Q0048,Statistics,4.0,2026-09-11 22:12:57,b,1,32.0
A001846,S022,Q0116,LSTM,1.0,2026-09-11 22:14:57,b,1,11.0
A003348,S040,Q0087,CNN,1.0,2026-09-11 22:14:57,b,1,22.0
A002175,S026,Q0037,Statistics,4.0,2026-09-11 22:15:57,c,1,35.0
A001847,S022,Q0081,Neural_Networks,5.0,2026-09-11 22:16:57,b,1,40.0
A002442,S029,Q0078,Neural_Networks,3.0,2026-09-11 22:17:57,b,1,48.0
A002689,S032,Q0046,Statistics,3.0,2026-09-11 22:19:57,b,0,48.0
A001937,S023,Q0063,ML,2.0,2026-09-11 22:38:57,b,1,27.0
A001359,S016,Q0029,Data_Structures,1.0,2026-09-11 23:04:57,b,1,25.0
A002920,S035,Q0065,ML,1.0,2026-09-11 23:20:57,b,1,29.0
A000151,S002,Q0122,NLP,5.0,2026-09-11 23:24:57,a,0,50.0
A002918,S035,Q0050,AI_Basics,3.0,2026-09-11 23:52:57,a,0,47.0
A003173,S038,Q0119,LSTM,4.0,2026-09-12 00:00:57,b,1,59.0
A001512,S018,Q0054,AI_Basics,4.0,2026-09-12 00:30:57,c,0,53.0
A001693,S020,Q0099,RNN,2.0,2026-09-12 00:44:57,a,1,27.0
A000242,S003,Q0118,LSTM,4.0,2026-09-12 01:05:57,c,0,57.0
A001024,S012,Q0070,ML,5.0,2026-09-12 01:16:57,a,0,49.0
A001605,S019,Q0060,AI_Basics,1.0,2026-09-12 01:20:57,b,1,24.0
A002088,S025,Q0128,NLP,1.0,2026-09-12 01:31:57,b,1,20.0
A001194,S014,Q0117,LSTM,5.0,2026-09-12 01:34:57,c,0,78.0
A001197,S014,Q0025,Data_Structures,4.0,2026-09-12 01:36:57,a,0,67.0
A000241,S003,Q0041,Statistics,4.0,2026-09-12 01:37:57,a,0,50.0
A003262,S039,Q0117,LSTM,5.0,2026-09-12 01:57:57,d,0,67.0
A001936,S023,Q0022,Python,4.0,2026-09-12 02:03:57,a,1,44.0
A001780,S021,Q0043,Statistics,4.0,2026-09-12 02:17:57,b,0,31.0
A002441,S029,Q0026,Data_Structures,2.0,2026-09-12 02:21:57,a,1,20.0
A002919,S035,Q0128,NLP,1.0,2026-09-12 02:22:57,b,1,39.0
A001352,S016,Q0048,Statistics,4.0,2026-09-12 02:51:57,c,0,41.0
A002512,S030,Q0060,AI_Basics,1.0,2026-09-12 02:56:57,d,0,20.0
A001196,S014,Q0053,AI_Basics,4.0,2026-09-12 03:13:57,d,0,53.0
A002837,S034,Q0040,Statistics,3.0,2026-09-12 03:15:57,d,0,42.0
A001358,S016,Q0050,AI_Basics,3.0,2026-09-12 03:18:57,b,1,19.0
A002091,S025,Q0132,NLP,3.0,2026-09-12 03:21:57,a,1,37.0
A000852,S010,Q0002,Math_Basics,4.0,2026-09-12 03:23:57,b,0,58.0
A000154,S002,Q0051,AI_Basics,3.0,2026-09-12 03:55:57,d,0,27.0
A003091,S037,Q0109,LSTM,4.0,2026-09-12 04:08:57,c,0,64.0
A000764,S009,Q0018,Python,1.0,2026-09-12 04:12:57,d,0,36.0
A002767,S033,Q0122,NLP,5.0,2026-09-12 04:13:57,d,0,63.0
A001109,S013,Q0011,Math_Basics,1.0,2026-09-12 04:27:57,c,1,33.0
A000401,S005,Q0048,Statistics,4.0,2026-09-12 04:29:57,b,1,52.0
A002022,S024,Q0045,Statistics,1.0,2026-09-12 04:36:57,b,1,5.0
A002354,S028,Q0124,NLP,2.0,2026-09-12 04:47:57,a,1,33.0
A002262,S027,Q0023,Python,4.0,2026-09-12 04:50:57,b,1,29.0
A002356,S028,Q0114,LSTM,2.0,2026-09-12 04:56:57,c,1,32.0
A000327,S004,Q0025,Data_Structures,4.0,2026-09-12 05:27:57,b,0,52.0
A002515,S030,Q0028,Data_Structures,5.0,2026-09-12 05:31:57,d,0,59.0
A002599,S031,Q0089,CNN,1.0,2026-09-12 05:34:57,c,0,23.0
A003001,S036,Q0088,CNN,2.0,2026-09-12 05:39:57,b,1,50.0
A003175,S038,Q0085,CNN,5.0,2026-09-12 05:43:57,d,0,55.0
A001029,S012,Q0111,LSTM,1.0,2026-09-12 05:55:57,a,1,14.0
A001940,S023,Q0092,CNN,3.0,2026-09-12 06:10:57,b,0,39.0
A000073,S001,Q0010,Math_Basics,2.0,2026-09-12 06:40:57,b,1,38.0
A002443,S029,Q0040,Statistics,3.0,2026-09-12 06:42:57,d,0,52.0
A000157,S002,Q0129,NLP,1.0,2026-09-12 06:46:57,b,1,20.0
A000158,S002,Q0017,Python,2.0,2026-09-12 07:10:57,b,1,31.0
A001110,S013,Q0106,RNN,5.0,2026-09-12 07:13:57,c,0,66.0
A002177,S026,Q0044,Statistics,3.0,2026-09-12 07:43:57,c,1,17.0
A001939,S023,Q0052,AI_Basics,3.0,2026-09-12 07:54:57,b,1,38.0
A002019,S024,Q0025,Data_Structures,4.0,2026-09-12 07:58:57,c,1,28.0
A002093,S025,Q0121,NLP,3.0,2026-09-12 08:01:57,a,1,30.0
A003267,S039,Q0003,Math_Basics,1.0,2026-09-12 08:01:57,b,1,33.0
A003350,S040,Q0055,AI_Basics,3.0,2026-09-12 08:12:57,a,1,37.0
A002601,S031,Q0073,Neural_Networks,5.0,2026-09-12 08:26:57,a,1,37.0
A001030,S012,Q0055,AI_Basics,3.0,2026-09-12 08:28:57,a,1,39.0
A000504,S006,Q0075,Neural_Networks,5.0,2026-09-12 09:30:57,d,0,39.0
A001364,S016,Q0044,Statistics,3.0,2026-09-12 09:40:57,b,0,36.0
A002765,S033,Q0051,AI_Basics,3.0,2026-09-12 09:46:57,b,1,51.0
A000071,S001,Q0066,ML,2.0,2026-09-12 10:30:57,a,1,
A000071,S001,Q0066,ML,2.0,2026-09-12 10:30:57,a,1,
A000763,S009,Q0110,LSTM,2.0,2026-09-12 10:36:57,d,0,42.0
A001200,S014,Q0108,RNN,5.0,2026-09-12 10:37:57,a,0,64.0
A002178,S026,Q0110,LSTM,2.0,2026-09-12 10:50:57,a,1,31.0
A002353,S028,Q0122,NLP,5.0,2026-09-12 11:01:57,a,0,47.0
A003353,S040,Q0056,AI_Basics,1.0,2026-09-12 11:08:57,b,1,14.0
A000761,S009,Q0111,LSTM,1.0,2026-09-12 11:10:57,a,1,23.0
A000246,S003,Q0106,RNN,5.0,2026-09-12 11:19:57,c,0,58.0
A003351,S040,Q0116,LSTM,1.0,2026-09-12 11:19:57,b,1,15.0
A002176,S026,Q0086,CNN,2.0,2026-09-12 11:29:57,b,1,36.0
A002179,S026,Q0045,Statistics,1.0,2026-09-12 11:37:57,b,1,16.0
A002352,S028,Q0068,ML,2.0,2026-09-12 11:38:57,b,1,35.0
A001360,S016,Q0049,AI_Basics,4.0,2026-09-12 11:42:57,a,1,49.0
A000325,S004,Q0051,AI_Basics,3.0,2026-09-12 11:56:57,d,0,49.0
A001434,S017,Q0128,NLP,1.0,2026-09-12 12:07:57,b,1,26.0
A002921,S035,Q0072,ML,5.0,2026-09-12 12:13:57,d,0,58.0
A002018,S024,Q0051,AI_Basics,3.0,2026-09-12 12:25:57,b,1,42.0
A000244,S003,Q0065,ML,1.0,2026-09-12 12:27:57,b,1,17.0
A001433,S017,Q0003,Math_Basics,1.0,2026-09-12 12:29:57,b,1,22.0
A000324,S004,Q0053,AI_Basics,4.0,2026-09-12 12:37:57,c,0,51.0
A003352,S040,Q0009,Math_Basics,2.0,2026-09-12 12:49:57,a,1,25.0
A001362,S016,Q0083,Neural_Networks,4.0,2026-09-12 13:07:57,c,0,52.0
A003000,S036,Q0097,RNN,2.0,2026-09-12 13:07:57,c,0,34.0
A002094,S025,Q0008,Math_Basics,5.0,2026-09-12 13:11:57,d,0,39.0
A000951,S011,Q0018,Python,1.0,2026-09-12 13:15:57,b,1,14.0
A001850,S022,Q0024,Python,1.0,2026-09-12 13:20:57,c,1,16.0
A000156,S002,Q0027,Data_Structures,2.0,2026-09-12 13:36:57,b,1,24.0
A003002,S036,Q0108,RNN,5.0,2026-09-12 14:55:57,c,0,68.0
A001606,S019,Q0104,RNN,2.0,2026-09-12 15:21:57,b,1,31.0
A001199,S014,Q0015,Python,2.0,2026-09-12 15:23:57,b,1,31.0
A002092,S025,Q0089,CNN,1.0,2026-09-12 15:28:57,b,1,20.0
A002692,S032,Q0088,CNN,2.0,2026-09-12 15:30:57,b,1,44.0
A000074,S001,Q0045,Statistics,1.0,2026-09-12 15:34:57,b,1,18.0
A000506,S006,Q0132,NLP,3.0,2026-09-12 16:01:57,a,1,34.0
A001848,S022,Q0040,Statistics,3.0,2026-09-12 16:10:57,b,1,24.0
A001851,S022,Q0009,Math_Basics,2.0,2026-09-12 16:15:57,a,1,-5.0
A001513,S018,Q0049,AI_Basics,4.0,2026-09-12 16:21:57,c,0,46.0
A001608,S019,Q0121,NLP,3.0,2026-09-12 16:22:57,a,1,36.0
A002020,S024,Q0129,NLP,1.0,2026-09-12 16:24:57,b,1,15.0
A001938,S023,Q0013,Python,2.0,2026-09-12 16:41:57,b,1,31.0
A001607,S019,Q0039,Statistics,3.0,2026-09-12 16:43:57,b,1,43.0
A002355,S028,Q0036,Data_Structures,4.0,2026-09-12 16:45:57,d,0,61.0
A002769,S033,Q0013,Python,2.0,2026-09-12 16:54:57,b,1,17.0
A001609,S019,Q0072,ML,5.0,2026-09-12 17:07:57,b,0,-5.0
A002263,S027,Q0130,NLP,2.0,2026-09-12 17:26:57,d,0,
A000159,S002,Q0012,Math_Basics,4.0,2026-09-12 17:52:57,b,0,61.0
A001696,S020,Q0072,ML,5.0,2026-09-12 18:21:57,a,1,47.0
A001852,S022,Q0045,Statistics,1.0,2026-09-12 18:22:57,b,1,6.0
A001028,S012,Q0109,LSTM,4.0,2026-09-12 18:27:57,a,1,39.0
A002600,S031,Q0041,Statistics,4.0,2026-09-12 18:38:57,b,1,34.0
A001276,S015,Q0019,Python,5.0,2026-09-12 18:39:57,b,1,44.0
A002021,S024,Q0049,AI_Basics,4.0,2026-09-12 18:48:57,a,1,34.0
A001027,S012,Q0005,Math_Basics,3.0,2026-09-12 19:12:57,a,1,18.0
A000592,S007,Q0010,Math_Basics,2.0,2026-09-12 19:27:57,b,1,36.0
A002516,S030,Q0005,Math_Basics,3.0,2026-09-12 19:27:57,b,0,42.0
A002842,S034,Q0116,LSTM,1.0,2026-09-12 19:52:57,b,1,30.0
A000247,S003,Q0122,NLP,5.0,2026-09-12 19:56:57,d,0,73.0
A001363,S016,Q0104,RNN,2.0,2026-09-12 20:14:57,b,1,28.0
A000672,S008,Q0128,NLP,1.0,2026-09-12 20:57:57,d,0,22.0
A001435,S017,Q0103,RNN,3.0,2026-09-12 21:08:57,b,1,17.0
A000326,S004,Q0057,AI_Basics,1.0,2026-09-12 21:20:57,a,1,26.0
A003268,S039,Q0062,ML,2.0,2026-09-12 21:32:57,d,0,41.0
A002023,S024,Q0115,LSTM,4.0,2026-09-12 21:41:57,a,1,34.0
A001031,S012,Q0003,Math_Basics,1.0,2026-09-12 22:00:57,b,1,6.0
A000075,S001,Q0061,ML,3.0,2026-09-12 22:04:57,d,0,38.0
A000673,S008,Q0085,CNN,5.0,2026-09-12 22:16:57,c,0,72.0
A002922,S035,Q0065,ML,1.0,2026-09-12 22:17:57,b,1,33.0
A000853,S010,Q0005,Math_Basics,3.0,2026-09-12 22:21:57,c,0,50.0
A000072,S001,Q0108,RNN,5.0,2026-09-12 22:26:57,a,0,57.0
A003093,S037,Q0090,CNN,1.0,2026-09-12 22:29:57,b,0,28.0
A000505,S006,Q0101,RNN,1.0,2026-09-12 22:47:57,b,1,12.0
A002768,S033,Q0113,LSTM,5.0,2026-09-12 22:58:57,a,0,45.0
A000155,S002,Q0090,CNN,1.0,2026-09-12 22:59:57,a,1,7.0
A001514,S018,Q0020,Python,2.0,2026-09-12 22:59:57,a,0,40.0
A002444,S029,Q0033,Data_Structures,2.0,2026-09-12 23:22:57,b,1,37.0
A002766,S033,Q0021,Python,5.0,2026-09-12 23:24:57,b,1,34.0
A000591,S007,Q0080,Neural_Networks,2.0,2026-09-12 23:26:57,c,0,42.0
A002841,S034,Q0130,NLP,2.0,2026-09-12 23:45:57,d,0,35.0
A000245,S003,Q0018,Python,1.0,2026-09-12 23:49:57,b,1,23.0
A001849,S022,Q0055,AI_Basics,3.0,2026-09-12 23:57:57,a,1,35.0
A000762,S009,Q0065,ML,1.0,2026-09-13 00:38:57,b,1,27.0
A002693,S032,Q0037,Statistics,4.0,2026-09-13 01:03:57,d,0,54.0
A000328,S004,Q0104,RNN,2.0,2026-09-13 01:57:57,b,1,33.0
A001032,S012,Q0042,Statistics,5.0,2026-09-13 02:15:57,b,1,39.0
A002351,S028,Q0087,CNN,1.0,2026-09-13 02:40:57,b,1,16.0
A003092,S037,Q0108,RNN,5.0,2026-09-13 02:43:57,c,0,77.0
A001941,S023,Q0061,ML,3.0,2026-09-13 02:47:57,b,1,44.0
A003266,S039,Q0021,Python,5.0,2026-09-13 03:05:57,d,0,65.0
A001695,S020,Q0085,CNN,5.0,2026-09-13 03:15:57,d,0,41.0
A000856,S010,Q0065,ML,1.0,2026-09-13 03:30:57,b,1,29.0
A000076,S001,Q0010,Math_Basics,2.0,2026-09-13 03:37:57,d,0,25.0
A002845,S034,Q0030,Data_Structures,2.0,2026-09-13 03:49:57,c,1,34.0
A002025,S024,Q0111,LSTM,1.0,2026-09-13 04:36:57,a,1,26.0
A000508,S006,Q0120,LSTM,5.0,2026-09-13 04:42:57,c,0,50.0
A002847,S034,Q0008,Math_Basics,5.0,2026-09-13 04:48:57,b,0,62.0
A000160,S002,Q0056,AI_Basics,1.0,2026-09-13 04:49:57,d,0,33.0
A000250,S003,Q0049,AI_Basics,4.0,2026-09-13 04:53:57,b,0,54.0
A001943,S023,Q0002,Math_Basics,4.0,2026-09-13 05:09:57,c,1,45.0
A002264,S027,Q0065,ML,1.0,2026-09-13 05:17:57,b,1,6.0
A002926,S035,Q0060,AI_Basics,1.0,2026-09-13 05:21:57,b,1,19.0
A002843,S034,Q0112,LSTM,3.0,2026-09-13 05:27:57,c,0,45.0
A002925,S035,Q0064,ML,1.0,2026-09-13 05:31:57,a,1,31.0
A001436,S017,Q0077,Neural_Networks,2.0,2026-09-13 05:36:57,a,1,17.0
A001279,S015,Q0009,Math_Basics,2.0,2026-09-13 06:13:57,a,1,36.0
A000676,S008,Q0010,Math_Basics,2.0,2026-09-13 06:19:57,a,0,41.0
A003176,S038,Q0011,Math_Basics,1.0,2026-09-13 06:27:57,c,1,32.0
A001516,S018,Q0038,Statistics,2.0,2026-09-13 06:30:57,b,1,32.0
A000952,S011,Q0040,Statistics,3.0,2026-09-13 06:32:57,b,1,50.0
A001366,S016,Q0083,Neural_Networks,4.0,2026-09-13 06:44:57,b,1,51.0
A001278,S015,Q0067,ML,3.0,2026-09-13 07:13:57,b,1,22.0
A001942,S023,Q0091,CNN,2.0,2026-09-13 07:27:57,d,0,35.0
A001365,S016,Q0005,Math_Basics,3.0,2026-09-13 07:29:57,a,1,44.0
A002604,S031,Q0049,AI_Basics,4.0,2026-09-13 07:40:57,a,1,37.0
A001944,S023,Q0102,RNN,2.0,2026-09-13 07:55:57,a,1,30.0
A003272,S039,Q0082,Neural_Networks,2.0,2026-09-13 08:24:57,c,0,35.0
A000077,S001,Q0127,NLP,3.0,2026-09-13 08:41:57,a,0,36.0
A001282,S015,Q0066,ML,2.0,2026-09-13 09:31:57,a,1,25.0
A003269,S039,Q0102,RNN,2.0,2026-09-13 09:34:57,a,1,26.0
A000677,S008,Q0045,Statistics,1.0,2026-09-13 09:39:57,b,1,25.0
A000248,S003,Q0034,Data_Structures,3.0,2026-09-13 09:55:57,b,1,44.0
A000674,S008,Q0067,ML,3.0,2026-09-13 10:05:57,a,0,47.0
A002024,S024,Q0066,ML,2.0,2026-09-13 10:10:57,a,1,15.0
A002517,S030,Q0029,Data_Structures,1.0,2026-09-13 11:01:57,b,1,25.0
A001517,S018,Q0093,CNN,4.0,2026-09-13 11:03:57,c,0,56.0
A000855,S010,Q0065,ML,1.0,2026-09-13 11:33:57,c,0,41.0
A001281,S015,Q0125,NLP,1.0,2026-09-13 11:46:57,a,1,26.0
A000402,S005,Q0057,AI_Basics,1.0,2026-09-13 12:10:57,a,1,22.0
A002606,S031,Q0069,ML,5.0,2026-09-13 12:29:57,d,0,30.0
A002924,S035,Q0109,LSTM,4.0,2026-09-13 12:45:57,b,0,62.0
A003354,S040,Q0042,Statistics,5.0,2026-09-13 12:49:57,b,1,36.0
A001784,S021,Q0070,ML,5.0,2026-09-13 12:55:57,b,1,46.0
A002605,S031,Q0073,Neural_Networks,5.0,2026-09-13 12:56:57,a,1,37.0
A002519,S030,Q0071,ML,3.0,2026-09-13 13:24:57,b,1,41.0
A000249,S003,Q0117,LSTM,5.0,2026-09-13 13:50:57,d,0,64.0
A000507,S006,Q0033,Data_Structures,2.0,2026-09-13 14:10:57,b,1,13.0
A001203,S014,Q0053,AI_Basics,4.0,2026-09-13 14:20:57,c,0,73.0
A002445,S029,Q0036,Data_Structures,4.0,2026-09-13 14:24:57,d,0,35.0
A001202,S014,Q0098,RNN,4.0,2026-09-13 14:46:57,b,0,67.0
A002848,S034,Q0008,Math_Basics,5.0,2026-09-13 14:49:57,b,0,67.0
A000251,S003,Q0122,NLP,5.0,2026-09-13 15:15:57,a,0,76.0
A001367,S016,Q0132,NLP,3.0,2026-09-13 15:20:57,a,1,38.0
A003270,S039,Q0016,Python,3.0,2026-09-13 15:31:57,a,1,48.0
A000404,S005,Q0074,Neural_Networks,3.0,2026-09-13 15:33:57,c,0,51.0
A000678,S008,Q0030,Data_Structures,2.0,2026-09-13 15:47:57,d,0,48.0
A002694,S032,Q0122,NLP,5.0,2026-09-13 16:12:57,a,0,68.0
A002181,S026,Q0128,NLP,1.0,2026-09-13 16:26:57,c,0,32.0
A001277,S015,Q0055,AI_Basics,3.0,2026-09-13 16:32:57,a,1,33.0
A003094,S037,Q0069,ML,5.0,2026-09-13 16:40:57,b,0,42.0
A003271,S039,Q0055,AI_Basics,3.0,2026-09-13 16:49:57,d,0,56.0
A002696,S032,Q0077,Neural_Networks,2.0,2026-09-13 16:56:57,d,0,34.0
A001611,S019,Q0058,AI_Basics,5.0,2026-09-13 16:56:57,d,0,53.0
A001697,S020,Q0095,CNN,5.0,2026-09-13 17:00:57,b,1,38.0
A000953,S011,Q0083,Neural_Networks,4.0,2026-09-13 17:23:57,d,0,60.0
A001613,S019,Q0002,Math_Basics,4.0,2026-09-13 17:28:57,b,0,48.0
A001515,S018,Q0086,CNN,2.0,2026-09-13 17:39:57,d,0,40.0
A001204,S014,Q0083,Neural_Networks,4.0,2026-09-13 17:44:57,a,0,69.0
A002518,S030,Q0059,AI_Basics,4.0,2026-09-13 18:09:57,d,0,52.0
A001201,S014,Q0045,Statistics,1.0,2026-09-13 18:28:57,b,1,29.0
A003356,S040,Q0081,Neural_Networks,5.0,2026-09-13 18:59:57,b,1,38.0
A000675,S008,Q0035,Data_Structures,4.0,2026-09-13 19:00:57,d,0,65.0
A000078,S001,Q0057,AI_Basics,1.0,2026-09-13 20:07:57,a,1,23.0
A002695,S032,Q0033,Data_Structures,2.0,2026-09-13 20:59:57,b,1,26.0
A000079,S001,Q0107,RNN,1.0,2026-09-13 21:09:57,a,1,24.0
A003005,S036,Q0082,Neural_Networks,2.0,2026-09-13 21:18:57,d,0,39.0
A003355,S040,Q0006,Math_Basics,5.0,2026-09-13 21:56:57,c,0,50.0
A001111,S013,Q0090,CNN,1.0,2026-09-13 22:34:57,d,0,31.0
A001612,S019,Q0045,Statistics,1.0,2026-09-13 22:49:57,b,1,26.0
A000766,S009,Q0033,Data_Structures,2.0,2026-09-13 23:00:57,b,1,38.0
A002846,S034,Q0010,Math_Basics,2.0,2026-09-13 23:10:57,c,0,30.0
A000403,S005,Q0065,ML,1.0,2026-09-13 23:20:57,b,1,42.0
A003003,S036,Q0014,Python,3.0,2026-09-13 23:31:57,b,0,45.0
A001368,S016,Q0082,Neural_Networks,2.0,2026-09-13 23:44:57,b,1,33.0
A002844,S034,Q0110,LSTM,2.0,2026-09-13 23:47:57,d,0,39.0
A000161,S002,Q0034,Data_Structures,3.0,2026-09-14 00:11:57,b,1,36.0
A000854,S010,Q0103,RNN,3.0,2026-09-14 00:43:57,b,1,44.0
A001518,S018,Q0027,Data_Structures,2.0,2026-09-14 01:24:57,b,1,35.0
A000594,S007,Q0013,Python,2.0,2026-09-14 01:51:57,a,0,38.0
A001280,S015,Q0065,ML,1.0,2026-09-14 01:51:57,b,1,19.0
A000593,S007,Q0101,RNN,1.0,2026-09-14 02:03:57,b,1,38.0
A000329,S004,Q0105,RNN,4.0,2026-09-14 02:13:57,b,1,50.0
A003004,S036,Q0063,ML,2.0,2026-09-14 02:22:57,a,0,35.0
A002603,S031,Q0105,RNN,4.0,2026-09-14 02:29:57,b,1,41.0
A001610,S019,Q0128,NLP,1.0,2026-09-14 02:50:57,b,1,22.0
A000765,S009,Q0050,AI_Basics,3.0,2026-09-14 02:56:57,c,0,47.0
A002602,S031,Q0086,CNN,2.0,2026-09-14 02:58:57,b,1,31.0
A002180,S026,Q0069,ML,5.0,2026-09-14 02:59:57,b,0,51.0
A001369,S016,Q0072,ML,5.0,2026-09-14 03:14:57,d,0,60.0
A002095,S025,Q0012,Math_Basics,4.0,2026-09-14 03:18:57,c,0,36.0
A003274,S039,Q0106,RNN,5.0,2026-09-14 03:46:57,a,0,69.0
A003357,S040,Q0066,ML,2.0,2026-09-14 03:49:57,a,1,32.0
A000955,S011,Q0005,Math_Basics,3.0,2026-09-14 03:52:57,d,0,39.0
A002850,S034,Q0090,CNN,1.0,2026-09-14 04:01:57,a,1,19.0
A000406,S005,Q0018,Python,1.0,2026-09-14 04:30:57,b,1,26.0
A002028,S024,Q0084,Neural_Networks,1.0,2026-09-14 04:53:57,b,1,12.0
A001519,S018,Q0013,Python,2.0,2026-09-14 05:13:57,c,0,43.0
A002698,S032,Q0062,ML,2.0,2026-09-14 05:14:57,a,1,36.0
A002447,S029,Q0001,Math_Basics,5.0,2026-09-14 05:17:57,c,1,42.0
A002101,S025,Q0122,NLP,5.0,2026-09-14 05:29:57,b,1,44.0
A001785,S021,Q0037,Statistics,4.0,2026-09-14 05:43:57,c,1,38.0
A000956,S011,Q0005,Math_Basics,3.0,2026-09-14 05:45:57,b,0,54.0
A002610,S031,Q0094,CNN,5.0,2026-09-14 06:00:57,a,1,46.0
A003097,S037,Q0078,Neural_Networks,3.0,2026-09-14 06:00:57,b,1,43.0
A002697,S032,Q0074,Neural_Networks,3.0,2026-09-14 06:25:57,d,0,51.0
A001286,S015,Q0102,RNN,2.0,2026-09-14 06:38:57,a,1,6.0
A003276,S039,Q0027,Data_Structures,2.0,2026-09-14 06:51:57,c,0,45.0
A002267,S027,Q0073,Neural_Networks,5.0,2026-09-14 06:51:57,a,1,42.0
A001112,S013,Q0059,AI_Basics,4.0,2026-09-14 07:03:57,b,0,53.0
A001033,S012,Q0043,Statistics,4.0,2026-09-14 07:17:57,c,1,29.0
A002520,S030,Q0076,Neural_Networks,2.0,2026-09-14 07:21:57,b,1,31.0
A002099,S025,Q0120,LSTM,5.0,2026-09-14 07:23:57,d,0,46.0
A002182,S026,Q0087,CNN,1.0,2026-09-14 07:36:57,b,1,28.0
A000597,S007,Q0084,Neural_Networks,1.0,2026-09-14 07:40:57,b,1,33.0
A003179,S038,Q0034,Data_Structures,3.0,2026-09-14 07:57:57,c,0,38.0
A002771,S033,Q0079,Neural_Networks,5.0,2026-09-14 08:01:57,d,0,-5.0
A002184,S026,Q0038,Statistics,2.0,2026-09-14 08:03:57,b,1,16.0
A003096,S037,Q0071,ML,3.0,2026-09-14 08:40:57,b,1,43.0
A002268,S027,Q0031,Data_Structures,3.0,2026-09-14 08:45:57,c,1,29.0
A000857,S010,Q0052,AI_Basics,3.0,2026-09-14 08:46:57,d,0,66.0
A003273,S039,Q0030,Data_Structures,2.0,2026-09-14 08:54:57,c,1,37.0
A001618,S019,Q0132,NLP,3.0,2026-09-14 08:55:57,a,1,34.0
A000858,S010,Q0085,CNN,5.0,2026-09-14 09:05:57,c,0,
A000596,S007,Q0115,LSTM,4.0,2026-09-14 09:35:57,d,0,57.0
A001947,S023,Q0078,Neural_Networks,3.0,2026-09-14 10:02:57,b,1,41.0
A002446,S029,Q0017,Python,2.0,2026-09-14 10:04:57,b,1,24.0
A000954,S011,Q0131,NLP,1.0,2026-09-14 10:41:57,a,1,22.0
A003180,S038,Q0122,NLP,5.0,2026-09-14 11:01:57,b,1,61.0
A000769,S009,Q0066,ML,2.0,2026-09-14 11:12:57,a,1,39.0
A002609,S031,Q0083,Neural_Networks,4.0,2026-09-14 11:13:57,b,1,34.0
A000600,S007,Q0129,NLP,1.0,2026-09-14 11:21:57,a,0,27.0
A001699,S020,Q0111,LSTM,1.0,2026-09-14 11:23:57,a,1,12.0
A002772,S033,Q0033,Data_Structures,2.0,2026-09-14 11:31:57,a,0,33.0
A001520,S018,Q0081,Neural_Networks,5.0,2026-09-14 11:57:57,c,0,72.0
A000164,S002,Q0038,Statistics,2.0,2026-09-14 12:26:57,d,0,28.0
A001439,S017,Q0071,ML,3.0,2026-09-14 12:29:57,b,1,29.0
A002097,S025,Q0118,LSTM,4.0,2026-09-14 12:55:57,b,1,37.0
A002096,S025,Q0049,AI_Basics,4.0,2026-09-14 13:02:57,a,1,43.0
A003095,S037,Q0074,Neural_Networks,3.0,2026-09-14 13:05:57,b,1,41.0
A001853,S022,Q0009,Math_Basics,2.0,2026-09-14 13:19:57,a,1,16.0
A003278,S039,Q0093,CNN,4.0,2026-09-14 13:22:57,b,1,58.0
A001206,S014,Q0051,AI_Basics,3.0,2026-09-14 13:26:57,c,0,60.0
A001437,S017,Q0024,Python,1.0,2026-09-14 13:27:57,c,1,16.0
A000770,S009,Q0075,Neural_Networks,5.0,2026-09-14 13:32:57,c,0,67.0
A003008,S036,Q0059,AI_Basics,4.0,2026-09-14 13:35:57,d,0,67.0
A001114,S013,Q0007,Math_Basics,5.0,2026-09-14 13:59:57,d,0,82.0
A001370,S016,Q0108,RNN,5.0,2026-09-14 14:09:57,d,0,42.0
A002849,S034,Q0026,Data_Structures,2.0,2026-09-14 14:13:57,a,1,28.0
A000163,S002,Q0114,LSTM,2.0,2026-09-14 14:34:57,c,1,28.0
A002026,S024,Q0077,Neural_Networks,2.0,2026-09-14 14:37:57,a,1,21.0
A002265,S027,Q0120,LSTM,5.0,2026-09-14 14:54:57,b,1,47.0
A003177,S038,Q0108,RNN,5.0,2026-09-14 14:56:57,b,1,61.0
A001616,S019,Q0056,AI_Basics,1.0,2026-09-14 14:59:57,b,1,24.0
A000859,S010,Q0028,Data_Structures,5.0,2026-09-14 15:10:57,a,0,63.0
A000509,S006,Q0117,LSTM,5.0,2026-09-14 15:28:57,b,1,44.0
A001205,S014,Q0099,RNN,2.0,2026-09-14 15:28:57,d,0,33.0
A001854,S022,Q0100,RNN,3.0,2026-09-14 15:34:57,b,1,26.0
A000407,S005,Q0034,Data_Structures,3.0,2026-09-14 16:07:57,c,0,35.0
A000595,S007,Q0126,NLP,2.0,2026-09-14 16:19:57,c,0,44.0
A001698,S020,Q0130,NLP,2.0,2026-09-14 16:37:57,c,0,27.0
A003006,S036,Q0116,LSTM,1.0,2026-09-14 17:14:57,a,0,26.0
A002098,S025,Q0074,Neural_Networks,3.0,2026-09-14 17:38:57,b,1,36.0
A000599,S007,Q0009,Math_Basics,2.0,2026-09-14 17:48:57,b,0,32.0
A000679,S008,Q0030,Data_Structures,2.0,2026-09-14 19:00:57,b,0,51.0
A001371,S016,Q0087,CNN,1.0,2026-09-14 19:01:57,b,1,23.0
A001440,S017,Q0105,RNN,4.0,2026-09-14 19:05:57,b,1,31.0
A001283,S015,Q0052,AI_Basics,3.0,2026-09-14 19:11:57,b,1,23.0
A001614,S019,Q0030,Data_Structures,2.0,2026-09-14 19:13:57,c,1,23.0
A000408,S005,Q0031,Data_Structures,3.0,2026-09-14 19:14:57,c,1,38.0
A001855,S022,Q0005,Math_Basics,3.0,2026-09-14 19:37:57,a,1,17.0
A002773,S033,Q0072,ML,5.0,2026-09-14 19:38:57,d,0,57.0
A000768,S009,Q0056,AI_Basics,1.0,2026-09-14 19:50:57,b,1,23.0
A002183,S026,Q0025,Data_Structures,4.0,2026-09-14 20:05:57,d,0,28.0
A002851,S034,Q0092,CNN,3.0,2026-09-14 20:07:57,a,1,25.0
A001946,S023,Q0021,Python,5.0,2026-09-14 20:07:57,b,1,45.0
A001700,S020,Q0020,Python,2.0,2026-09-14 20:18:57,c,1,28.0
A002927,S035,Q0080,Neural_Networks,2.0,2026-09-14 20:21:57,b,0,31.0
A001945,S023,Q0086,CNN,2.0,2026-09-14 20:24:57,d,0,37.0
A003009,S036,Q0020,Python,2.0,2026-09-14 20:36:57,c,1,32.0
A000405,S005,Q0103,RNN,3.0,2026-09-14 20:43:57,b,1,55.0
A000162,S002,Q0112,LSTM,3.0,2026-09-14 20:50:57,a,1,33.0
A001284,S015,Q0100,RNN,3.0,2026-09-14 20:58:57,b,1,38.0
A002266,S027,Q0076,Neural_Networks,2.0,2026-09-14 21:11:57,b,1,23.0
A001617,S019,Q0024,Python,1.0,2026-09-14 21:17:57,c,1,26.0
A002100,S025,Q0081,Neural_Networks,5.0,2026-09-14 21:25:57,a,0,55.0
A000510,S006,Q0040,Statistics,3.0,2026-09-14 21:32:57,b,1,18.0
A003007,S036,Q0094,CNN,5.0,2026-09-14 21:37:57,d,0,72.0
A000511,S006,Q0103,RNN,3.0,2026-09-14 21:43:57,b,1,25.0
A001521,S018,Q0121,NLP,3.0,2026-09-14 22:05:57,c,0,56.0
A000598,S007,Q0117,LSTM,5.0,2026-09-14 22:32:57,c,0,65.0
A002607,S031,Q0101,RNN,1.0,2026-09-14 22:35:57,d,0,14.0
A002027,S024,Q0085,CNN,5.0,2026-09-14 22:49:57,c,0,41.0
A003360,S040,Q0058,AI_Basics,5.0,2026-09-14 23:14:57,d,0,50.0
A002699,S032,Q0039,Statistics,3.0,2026-09-14 23:16:57,c,0,48.0
A003178,S038,Q0038,Statistics,2.0,2026-09-14 23:28:57,b,1,38.0
A001615,S019,Q0087,CNN,1.0,2026-09-15 00:02:57,b,1,14.0
A002357,S028,Q0043,Statistics,4.0,2026-09-15 00:04:57,c,1,37.0
A001113,S013,Q0073,Neural_Networks,5.0,2026-09-15 00:09:57,d,0,64.0
A002700,S032,Q0100,RNN,3.0,2026-09-15 00:40:57,c,0,59.0
A000767,S009,Q0066,ML,2.0,2026-09-15 01:04:57,a,1,42.0
A003361,S040,Q0128,NLP,1.0,2026-09-15 01:12:57,b,1,11.0
A002358,S028,Q0075,Neural_Networks,5.0,2026-09-15 01:18:57,a,0,45.0
A001285,S015,Q0002,Math_Basics,4.0,2026-09-15 01:25:57,c,1,48.0
A003359,S040,Q0086,CNN,2.0,2026-09-15 02:03:57,b,1,19.0
A003275,S039,Q0061,ML,3.0,2026-09-15 02:11:57,d,0,48.0
A003358,S040,Q0131,NLP,1.0,2026-09-15 02:27:57,c,0,10.0
A003277,S039,Q0042,Statistics,5.0,2026-09-15 02:34:57,c,0,76.0
A000680,S008,Q0113,LSTM,5.0,2026-09-15 02:35:57,a,0,81.0
A002770,S033,Q0087,CNN,1.0,2026-09-15 02:44:57,b,1,18.0
A000860,S010,Q0067,ML,3.0,2026-09-15 03:01:57,a,0,52.0
A002608,S031,Q0023,Python,4.0,2026-09-15 03:02:57,c,0,51.0
A001290,S015,Q0027,Data_Structures,2.0,2026-09-15 03:25:57,b,1,24.0
A001209,S014,Q0022,Python,4.0,2026-09-15 03:31:57,b,0,47.0
A000409,S005,Q0052,AI_Basics,3.0,2026-09-15 04:10:57,b,1,43.0
A002186,S026,Q0050,AI_Basics,3.0,2026-09-15 04:56:57,b,1,22.0
A002774,S033,Q0015,Python,2.0,2026-09-15 06:22:57,b,1,17.0
A001856,S022,Q0039,Statistics,3.0,2026-09-15 06:23:57,b,1,28.0
A002521,S030,Q0058,AI_Basics,5.0,2026-09-15 07:28:57,b,1,54.0
A002932,S035,Q0045,Statistics,1.0,2026-09-15 07:52:57,b,1,25.0
A001034,S012,Q0122,NLP,5.0,2026-09-15 07:56:57,b,1,59.0
A000684,S008,Q0121,NLP,3.0,2026-09-15 07:56:57,d,0,53.0
A000410,S005,Q0020,Python,2.0,2026-09-15 08:00:57,c,1,43.0
A000331,S004,Q0088,CNN,2.0,2026-09-15 08:22:57,d,0,55.0
A001210,S014,Q0080,Neural_Networks,2.0,2026-09-15 08:24:57,d,0,42.0
A002362,S028,Q0123,NLP,3.0,2026-09-15 08:35:57,a,1,29.0
A000862,S010,Q0006,Math_Basics,5.0,2026-09-15 08:45:57,b,1,69.0
A000167,S002,Q0035,Data_Structures,4.0,2026-09-15 08:46:57,d,0,49.0
A003013,S036,Q0105,RNN,4.0,2026-09-15 08:51:57,c,0,48.0
A001786,S021,Q0116,LSTM,1.0,2026-09-15 08:58:57,b,1,13.0
A002522,S030,Q0071,ML,3.0,2026-09-15 09:10:57,b,1,38.0
A000685,S008,Q0057,AI_Basics,1.0,2026-09-15 09:25:57,b,0,29.0
A002360,S028,Q0035,Data_Structures,4.0,2026-09-15 10:15:57,b,0,61.0
A003099,S037,Q0004,Math_Basics,2.0,2026-09-15 10:17:57,b,1,32.0
A001523,S018,Q0060,AI_Basics,1.0,2026-09-15 10:28:57,b,1,24.0
A002611,S031,Q0003,Math_Basics,1.0,2026-09-15 10:57:57,b,1,24.0
A002270,S027,Q0132,NLP,3.0,2026-09-15 11:17:57,a,1,28.0
A002852,S034,Q0123,NLP,3.0,2026-09-15 11:18:57,a,1,35.0
A003181,S038,Q0004,Math_Basics,2.0,2026-09-15 11:24:57,b,1,32.0
A002929,S035,Q0085,CNN,5.0,2026-09-15 11:25:57,c,0,72.0
A002931,S035,Q0108,RNN,5.0,2026-09-15 11:26:57,d,0,74.0
A001524,S018,Q0108,RNN,5.0,2026-09-15 11:30:57,a,0,82.0
A002524,S030,Q0117,LSTM,5.0,2026-09-15 11:35:57,c,0,53.0
A002361,S028,Q0043,Statistics,4.0,2026-09-15 12:28:57,c,1,44.0
A002102,S025,Q0029,Data_Structures,1.0,2026-09-15 12:31:57,b,1,7.0
A002930,S035,Q0048,Statistics,4.0,2026-09-15 12:51:57,c,0,55.0
A000772,S009,Q0127,NLP,3.0,2026-09-15 12:52:57,a,0,58.0
A001441,S017,Q0124,NLP,2.0,2026-09-15 13:30:57,a,1,26.0
A001372,S016,Q0052,AI_Basics,3.0,2026-09-15 13:36:57,b,1,38.0
A001702,S020,Q0025,Data_Structures,4.0,2026-09-15 13:55:57,a,0,46.0
A000330,S004,Q0069,ML,5.0,2026-09-15 13:58:57,c,0,68.0
A001287,S015,Q0106,RNN,5.0,2026-09-15 14:02:57,b,1,44.0
A000080,S001,Q0072,ML,5.0,2026-09-15 14:12:57,b,0,56.0
A000683,S008,Q0004,Math_Basics,2.0,2026-09-15 14:18:57,a,0,34.0
A000252,S003,Q0055,AI_Basics,3.0,2026-09-15 14:27:57,c,0,29.0
A000602,S007,Q0047,Statistics,5.0,2026-09-15 14:28:57,a,0,53.0
A001288,S015,Q0078,Neural_Networks,3.0,2026-09-15 14:30:57,b,1,38.0
A001701,S020,Q0011,Math_Basics,1.0,2026-09-15 14:33:57,c,1,14.0
A001207,S014,Q0022,Python,4.0,2026-09-15 14:55:57,c,0,56.0
A000958,S011,Q0035,Data_Structures,4.0,2026-09-15 15:15:57,a,0,46.0
A001211,S014,Q0054,AI_Basics,4.0,2026-09-15 15:15:57,b,1,65.0
A003011,S036,Q0071,ML,3.0,2026-09-15 15:26:57,a,0,45.0
A002448,S029,Q0024,Python,1.0,2026-09-15 15:51:57,c,1,19.0
A000253,S003,Q0036,Data_Structures,4.0,2026-09-15 15:52:57,c,0,62.0
A000863,S010,Q0036,Data_Structures,4.0,2026-09-15 15:59:57,d,0,
A000863,S010,Q0036,Data_Structures,4.0,2026-09-15 15:59:57,c,0,
A000861,S010,Q0091,CNN,2.0,2026-09-15 16:17:57,d,0,38.0
A001212,S014,Q0080,Neural_Networks,2.0,2026-09-15 16:33:57,a,1,38.0
A000773,S009,Q0035,Data_Structures,4.0,2026-09-15 16:49:57,b,0,67.0
A000166,S002,Q0018,Python,1.0,2026-09-15 17:03:57,b,1,21.0
A002271,S027,Q0055,AI_Basics,3.0,2026-09-15 17:41:57,a,1,33.0
A002702,S032,Q0074,Neural_Networks,3.0,2026-09-15 18:10:57,c,0,48.0
A002359,S028,Q0063,ML,2.0,2026-09-15 18:26:57,b,1,25.0
A003182,S038,Q0131,NLP,1.0,2026-09-15 18:42:57,a,1,19.0
A002449,S029,Q0079,Neural_Networks,5.0,2026-09-15 18:44:57,c,0,47.0
A001289,S015,Q0017,Python,2.0,2026-09-15 18:55:57,b,1,27.0
A000165,S002,Q0009,Math_Basics,2.0,2026-09-15 18:58:57,a,1,51.0
A003010,S036,Q0022,Python,4.0,2026-09-15 19:04:57,a,1,58.0
A003362,S040,Q0103,RNN,3.0,2026-09-15 19:08:57,b,1,29.0
A001035,S012,Q0069,ML,5.0,2026-09-15 19:11:57,a,1,49.0
A000603,S007,Q0055,AI_Basics,3.0,2026-09-15 19:13:57,d,0,
A001115,S013,Q0096,CNN,3.0,2026-09-15 19:56:57,d,0,60.0
A002187,S026,Q0098,RNN,4.0,2026-09-15 20:03:57,a,1,41.0
A002928,S035,Q0116,LSTM,1.0,2026-09-15 20:24:57,d,0,20.0
A000512,S006,Q0037,Statistics,4.0,2026-09-15 20:50:57,c,1,43.0
A003098,S037,Q0037,Statistics,4.0,2026-09-15 20:51:57,d,0,40.0
A000681,S008,Q0114,LSTM,2.0,2026-09-15 21:05:57,b,0,44.0
A001619,S019,Q0097,RNN,2.0,2026-09-15 21:35:57,b,1,32.0
A002701,S032,Q0036,Data_Structures,4.0,2026-09-15 21:58:57,c,0,51.0
A000601,S007,Q0060,AI_Basics,1.0,2026-09-15 22:02:57,b,1,26.0
A001522,S018,Q0064,ML,1.0,2026-09-15 22:44:57,a,1,27.0
A003012,S036,Q0120,LSTM,5.0,2026-09-15 22:58:57,d,0,64.0
A003363,S040,Q0100,RNN,3.0,2026-09-15 23:03:57,b,1,25.0
A000771,S009,Q0101,RNN,1.0,2026-09-15 23:10:57,b,1,36.0
A000957,S011,Q0084,Neural_Networks,1.0,2026-09-15 23:40:57,b,1,24.0
A000332,S004,Q0096,CNN,3.0,2026-09-16 00:14:57,a,0,47.0
A000254,S003,Q0021,Python,5.0,2026-09-16 00:17:57,c,0,72.0
A002269,S027,Q0041,Statistics,4.0,2026-09-16 00:22:57,d,0,40.0
A001208,S014,Q0120,LSTM,5.0,2026-09-16 00:52:57,c,0,82.0
A002188,S026,Q0028,Data_Structures,5.0,2026-09-16 01:09:57,b,1,47.0
A002103,S025,Q0031,Data_Structures,3.0,2026-09-16 01:53:57,c,1,31.0
A000682,S008,Q0122,NLP,5.0,2026-09-16 01:57:57,b,1,61.0
A002450,S029,Q0106,RNN,5.0,2026-09-16 02:02:57,a,0,69.0
A002523,S030,Q0103,RNN,3.0,2026-09-16 02:07:57,c,0,30.0
A002185,S026,Q0118,LSTM,4.0,2026-09-16 02:56:57,a,0,47.0
A000081,S001,Q0017,Python,2.0,2026-09-16 03:14:57,b,1,39.0
A002934,S035,Q0066,ML,2.0,2026-09-16 03:43:57,d,0,42.0
A001443,S017,Q0033,Data_Structures,2.0,2026-09-16 03:59:57,b,1,16.0
A000517,S006,Q0106,RNN,5.0,2026-09-16 04:16:57,b,1,48.0
A000962,S011,Q0030,Data_Structures,2.0,2026-09-16 04:39:57,c,1,30.0
A001787,S021,Q0084,Neural_Networks,1.0,2026-09-16 04:42:57,b,1,17.0
A002031,S024,Q0014,Python,3.0,2026-09-16 04:55:57,a,1,34.0
A001857,S022,Q0096,CNN,3.0,2026-09-16 05:01:57,b,1,25.0
A003015,S036,Q0059,AI_Basics,4.0,2026-09-16 05:04:57,d,0,68.0
A000686,S008,Q0049,AI_Basics,4.0,2026-09-16 05:33:57,b,0,55.0
A000515,S006,Q0105,RNN,4.0,2026-09-16 05:41:57,b,1,31.0
A000412,S005,Q0021,Python,5.0,2026-09-16 06:07:57,c,0,57.0
A000169,S002,Q0085,CNN,5.0,2026-09-16 06:12:57,b,1,47.0
A001214,S014,Q0025,Data_Structures,4.0,2026-09-16 06:15:57,c,1,51.0
A003366,S040,Q0115,LSTM,4.0,2026-09-16 06:16:57,a,1,41.0
A001620,S019,Q0083,Neural_Networks,4.0,2026-09-16 06:44:57,b,1,33.0
A001789,S021,Q0007,Math_Basics,5.0,2026-09-16 06:45:57,c,1,40.0
A000082,S001,Q0123,NLP,3.0,2026-09-16 06:46:57,a,1,43.0
A000513,S006,Q0125,NLP,1.0,2026-09-16 07:27:57,a,1,23.0
A002853,S034,Q0023,Python,4.0,2026-09-16 07:56:57,d,0,50.0
A002525,S030,Q0065,ML,1.0,2026-09-16 08:02:57,b,1,19.0
A000170,S002,Q0128,NLP,1.0,2026-09-16 08:16:57,d,0,19.0
A002273,S027,Q0085,CNN,5.0,2026-09-16 08:29:57,a,0,42.0
A001037,S012,Q0122,NLP,5.0,2026-09-16 08:40:57,c,0,48.0
A001292,S015,Q0048,Statistics,4.0,2026-09-16 09:06:57,c,0,46.0
A002029,S024,Q0104,RNN,2.0,2026-09-16 09:42:57,b,1,27.0
A000687,S008,Q0119,LSTM,4.0,2026-09-16 09:47:57,c,0,68.0
A003019,S036,Q0006,Math_Basics,5.0,2026-09-16 10:03:57,a,0,72.0
A002193,S026,Q0014,Python,3.0,2026-09-16 10:29:57,a,1,18.0
A000688,S008,Q0021,Python,5.0,2026-09-16 10:31:57,a,0,62.0
A003364,S040,Q0002,Math_Basics,4.0,2026-09-16 10:40:57,c,1,36.0
A002032,S024,Q0100,RNN,3.0,2026-09-16 10:47:57,b,1,32.0
A000959,S011,Q0060,AI_Basics,1.0,2026-09-16 11:09:57,b,1,5.0
A003184,S038,Q0117,LSTM,5.0,2026-09-16 11:15:57,d,0,65.0
A000085,S001,Q0110,LSTM,2.0,2026-09-16 12:18:57,b,0,44.0
A001291,S015,Q0074,Neural_Networks,3.0,2026-09-16 12:27:57,b,1,31.0
A001117,S013,Q0084,Neural_Networks,1.0,2026-09-16 12:35:57,b,1,32.0
A003016,S036,Q0110,LSTM,2.0,2026-09-16 13:03:57,b,0,28.0
A003014,S036,Q0031,Data_Structures,3.0,2026-09-16 13:30:57,a,0,59.0
A001116,S013,Q0060,AI_Basics,1.0,2026-09-16 13:53:57,b,1,33.0
A002192,S026,Q0011,Math_Basics,1.0,2026-09-16 13:56:57,c,1,19.0
A003367,S040,Q0108,RNN,5.0,2026-09-16 14:13:57,b,1,53.0
A003279,S039,Q0100,RNN,3.0,2026-09-16 14:37:57,b,1,36.0
A000413,S005,Q0105,RNN,4.0,2026-09-16 14:41:57,a,0,64.0
A000333,S004,Q0106,RNN,5.0,2026-09-16 15:04:57,a,0,61.0
A003017,S036,Q0047,Statistics,5.0,2026-09-16 15:10:57,c,0,64.0
A002030,S024,Q0026,Data_Structures,2.0,2026-09-16 15:10:57,a,1,9.0
A001213,S014,Q0107,RNN,1.0,2026-09-16 15:24:57,d,0,35.0
A002933,S035,Q0112,LSTM,3.0,2026-09-16 15:29:57,b,0,47.0
A000960,S011,Q0127,NLP,3.0,2026-09-16 15:30:57,b,1,48.0
A001293,S015,Q0021,Python,5.0,2026-09-16 16:16:57,b,1,44.0
A002105,S025,Q0123,NLP,3.0,2026-09-16 16:25:57,a,1,30.0
A001621,S019,Q0078,Neural_Networks,3.0,2026-09-16 16:31:57,b,1,26.0
A000689,S008,Q0004,Math_Basics,2.0,2026-09-16 16:31:57,a,0,39.0
A003183,S038,Q0001,Math_Basics,5.0,2026-09-16 16:42:57,a,0,61.0
A000084,S001,Q0018,Python,1.0,2026-09-16 17:45:57,b,1,34.0
A000864,S010,Q0112,LSTM,3.0,2026-09-16 18:15:57,a,1,46.0
A001788,S021,Q0070,ML,5.0,2026-09-16 19:27:57,b,1,45.0
A000865,S010,Q0112,LSTM,3.0,2026-09-16 19:31:57,c,0,48.0
A002189,S026,Q0011,Math_Basics,1.0,2026-09-16 19:42:57,c,1,20.0
A000961,S011,Q0064,ML,1.0,2026-09-16 19:47:57,a,1,26.0
A001526,S018,Q0017,Python,2.0,2026-09-16 20:15:57,a,0,39.0
A002272,S027,Q0009,Math_Basics,2.0,2026-09-16 21:22:57,a,1,20.0
A002451,S029,Q0007,Math_Basics,5.0,2026-09-16 21:42:57,c,1,40.0
A002363,S028,Q0107,RNN,1.0,2026-09-16 21:57:57,a,1,19.0
A003280,S039,Q0069,ML,5.0,2026-09-16 22:01:57,d,0,75.0
A001442,S017,Q0066,ML,2.0,2026-09-16 22:45:57,a,1,28.0
A000516,S006,Q0009,Math_Basics,2.0,2026-09-16 23:43:57,a,1,22.0
A000514,S006,Q0004,Math_Basics,2.0,2026-09-16 23:54:57,b,1,26.0
A000168,S002,Q0080,Neural_Networks,2.0,2026-09-16 23:56:57,a,1,23.0
A003018,S036,Q0086,CNN,2.0,2026-09-17 00:03:57,b,1,50.0
A002190,S026,Q0090,CNN,1.0,2026-09-17 00:36:57,a,1,24.0
A002191,S026,Q0129,NLP,1.0,2026-09-17 01:03:57,b,1,21.0
A000083,S001,Q0032,Data_Structures,5.0,2026-09-17 01:05:57,b,0,49.0
A001703,S020,Q0014,Python,3.0,2026-09-17 01:16:57,d,0,51.0
A003281,S039,Q0015,Python,2.0,2026-09-17 02:00:57,c,0,37.0
A001525,S018,Q0042,Statistics,5.0,2026-09-17 02:21:57,c,0,64.0
A002104,S025,Q0109,LSTM,4.0,2026-09-17 02:26:57,a,1,39.0
A001036,S012,Q0043,Statistics,4.0,2026-09-17 02:28:57,c,1,32.0
A002194,S026,Q0105,RNN,4.0,2026-09-17 02:29:57,d,0,40.0
A003369,S040,Q0132,NLP,3.0,2026-09-17 03:25:57,a,1,22.0
A000868,S010,Q0087,CNN,1.0,2026-09-17 03:36:57,b,1,35.0
A002612,S031,Q0089,CNN,1.0,2026-09-17 04:06:57,b,1,-5.0
A000334,S004,Q0117,LSTM,5.0,2026-09-17 05:16:57,c,0,61.0
A001118,S013,Q0033,Data_Structures,2.0,2026-09-17 05:48:57,d,0,39.0
A001215,S014,Q0016,Python,3.0,2026-09-17 06:39:57,d,0,43.0
A002276,S027,Q0110,LSTM,2.0,2026-09-17 07:30:57,a,1,26.0
A003282,S039,Q0004,Math_Basics,2.0,2026-09-17 07:32:57,c,0,44.0
A000089,S001,Q0040,Statistics,3.0,2026-09-17 07:43:57,b,1,44.0
A003368,S040,Q0056,AI_Basics,1.0,2026-09-17 08:01:57,b,1,23.0
A001444,S017,Q0042,Statistics,5.0,2026-09-17 09:11:57,b,1,39.0
A002195,S026,Q0043,Statistics,4.0,2026-09-17 09:22:57,c,1,29.0
A001530,S018,Q0009,Math_Basics,2.0,2026-09-17 09:29:57,a,1,37.0
A000087,S001,Q0056,AI_Basics,1.0,2026-09-17 09:33:57,b,1,13.0
A002454,S029,Q0040,Statistics,3.0,2026-09-17 09:38:57,b,1,39.0
A002196,S026,Q0132,NLP,3.0,2026-09-17 09:42:57,a,1,53.0
A000091,S001,Q0111,LSTM,1.0,2026-09-17 10:05:57,d,0,33.0
A002274,S027,Q0046,Statistics,3.0,2026-09-17 10:11:57,c,1,32.0
A003021,S036,Q0022,Python,4.0,2026-09-17 10:24:57,a,1,-5.0
A001295,S015,Q0091,CNN,2.0,2026-09-17 11:26:57,b,1,24.0
A002106,S025,Q0038,Statistics,2.0,2026-09-17 11:30:57,b,1,27.0
A001038,S012,Q0052,AI_Basics,3.0,2026-09-17 11:40:57,b,1,37.0
A002277,S027,Q0101,RNN,1.0,2026-09-17 12:06:57,b,1,-5.0
A001622,S019,Q0011,Math_Basics,1.0,2026-09-17 12:32:57,c,1,19.0
A001445,S017,Q0038,Statistics,2.0,2026-09-17 12:48:57,b,1,22.0
A000336,S004,Q0021,Python,5.0,2026-09-17 12:52:57,a,0,50.0
A001858,S022,Q0095,CNN,5.0,2026-09-17 13:00:57,b,1,34.0
A002935,S035,Q0075,Neural_Networks,5.0,2026-09-17 13:13:57,d,0,64.0
A001623,S019,Q0086,CNN,2.0,2026-09-17 13:15:57,b,1,25.0
A001528,S018,Q0002,Math_Basics,4.0,2026-09-17 13:33:57,d,0,53.0
A000335,S004,Q0057,AI_Basics,1.0,2026-09-17 14:02:57,a,1,23.0
A002364,S028,Q0109,LSTM,4.0,2026-09-17 14:29:57,a,1,30.0
A000088,S001,Q0035,Data_Structures,4.0,2026-09-17 14:49:57,c,1,48.0
A001294,S015,Q0079,Neural_Networks,5.0,2026-09-17 15:14:57,b,1,41.0
A000171,S002,Q0131,NLP,1.0,2026-09-17 15:26:57,a,1,24.0
A000775,S009,Q0015,Python,2.0,2026-09-17 15:51:57,d,0,44.0
A000520,S006,Q0010,Math_Basics,2.0,2026-09-17 16:07:57,b,1,26.0
A000867,S010,Q0051,AI_Basics,3.0,2026-09-17 16:24:57,a,0,53.0
A001039,S012,Q0107,RNN,1.0,2026-09-17 16:24:57,a,1,18.0
A001217,S014,Q0021,Python,5.0,2026-09-17 16:28:57,d,0,56.0
A002854,S034,Q0018,Python,1.0,2026-09-17 16:32:57,b,1,27.0
A002526,S030,Q0072,ML,5.0,2026-09-17 16:35:57,c,0,65.0
A001624,S019,Q0070,ML,5.0,2026-09-17 16:49:57,b,1,34.0
A000172,S002,Q0103,RNN,3.0,2026-09-17 16:52:57,a,0,21.0
A001374,S016,Q0013,Python,2.0,2026-09-17 16:54:57,b,1,39.0
A001216,S014,Q0065,ML,1.0,2026-09-17 17:00:57,a,0,32.0
A003100,S037,Q0111,LSTM,1.0,2026-09-17 17:29:57,c,0,24.0
A003020,S036,Q0045,Statistics,1.0,2026-09-17 17:48:57,b,1,30.0
A000092,S001,Q0116,LSTM,1.0,2026-09-17 18:42:57,b,1,30.0
A002452,S029,Q0034,Data_Structures,3.0,2026-09-17 19:23:57,a,0,35.0
A000774,S009,Q0058,AI_Basics,5.0,2026-09-17 19:25:57,a,0,71.0
A001529,S018,Q0064,ML,1.0,2026-09-17 19:43:57,a,1,24.0
A000776,S009,Q0076,Neural_Networks,2.0,2026-09-17 19:46:57,c,0,36.0
A002197,S026,Q0060,AI_Basics,1.0,2026-09-17 20:20:57,b,1,20.0
A000518,S006,Q0051,AI_Basics,3.0,2026-09-17 20:32:57,b,1,38.0
A000519,S006,Q0057,AI_Basics,1.0,2026-09-17 21:07:57,a,1,25.0
A003186,S038,Q0100,RNN,3.0,2026-09-17 21:09:57,c,0,50.0
A000963,S011,Q0051,AI_Basics,3.0,2026-09-17 21:11:57,a,0,46.0
A002275,S027,Q0127,NLP,3.0,2026-09-17 21:19:57,d,0,41.0
A000866,S010,Q0023,Python,4.0,2026-09-17 22:04:57,d,0,69.0
A001948,S023,Q0095,CNN,5.0,2026-09-17 22:28:57,c,0,79.0
A003185,S038,Q0128,NLP,1.0,2026-09-17 22:42:57,b,1,24.0
A002775,S033,Q0064,ML,1.0,2026-09-17 22:58:57,a,1,23.0
A000086,S001,Q0012,Math_Basics,4.0,2026-09-17 23:54:57,d,0,50.0
A001375,S016,Q0004,Math_Basics,2.0,2026-09-18 00:28:57,b,1,27.0
A003283,S039,Q0023,Python,4.0,2026-09-18 00:29:57,c,0,55.0
A000604,S007,Q0111,LSTM,1.0,2026-09-18 00:33:57,a,1,28.0
A000690,S008,Q0013,Python,2.0,2026-09-18 00:37:57,b,1,45.0
A002365,S028,Q0091,CNN,2.0,2026-09-18 00:41:57,b,1,25.0
A000090,S001,Q0121,NLP,3.0,2026-09-18 01:17:57,b,0,51.0
A001446,S017,Q0079,Neural_Networks,5.0,2026-09-18 01:37:57,b,1,38.0
A001373,S016,Q0045,Statistics,1.0,2026-09-18 02:00:57,b,1,28.0
A001859,S022,Q0023,Python,4.0,2026-09-18 02:06:57,b,1,30.0
A002453,S029,Q0068,ML,2.0,2026-09-18 02:11:57,a,0,46.0
A001704,S020,Q0043,Statistics,4.0,2026-09-18 02:31:57,d,0,31.0
A001860,S022,Q0005,Math_Basics,3.0,2026-09-18 02:35:57,a,1,-5.0
A001527,S018,Q0067,ML,3.0,2026-09-18 02:41:57,b,1,53.0
A003370,S001,Q0001,Math_Basics,5.0,2026-09-18 09:36:26,c,1,25.0
A003371,S001,Q0001,Math_Basics,5.0,2026-09-18 10:25:06,c,1,25.0
A003372,S001,Q0001,Math_Basics,5.0,2026-09-18 10:50:06,c,1,25.0
A003373,S001,Q0001,Math_Basics,5.0,2026-09-18 11:28:45,c,1,20.0
A003374,S001,Q0112,LSTM,3.0,2026-09-18 11:46:14,a,1,2.0
A003375,S001,Q0132,NLP,3.0,2026-09-18 11:46:17,c,0,2.0
A003376,S001,Q0014,Python,3.0,2026-09-18 11:46:25,a,1,7.0
A003377,S001,Q0067,ML,3.0,2026-09-18 11:46:28,a,0,3.0
A003378,S001,Q0100,RNN,3.0,2026-09-18 11:46:31,b,1,2.0
A003379,S001,Q0016,Python,3.0,2026-09-18 11:46:34,b,0,2.0
A003380,S001,Q0031,Data_Structures,3.0,2026-09-18 12:20:13,b,0,3.0
A003381,S001,Q0034,Data_Structures,3.0,2026-09-18 12:21:26,a,0,3.0
A003382,S001,Q0062,ML,2.0,2026-09-18 12:29:49,a,1,2.0
A003383,S001,Q0064,ML,1.0,2026-09-18 12:30:10,a,1,3.0
A003384,S001,Q0065,ML,1.0,2026-09-18 12:30:15,c,0,1.0
A003385,S001,Q0025,Data_Structures,4.0,2026-09-18 12:30:23,a,0,1.0
A003386,S001,Q0029,Data_Structures,1.0,2026-09-18 12:30:27,c,0,1.0
A003387,S001,Q0030,Data_Structures,2.0,2026-09-18 12:31:03,c,1,2.0
A003388,S002,Q0050,AI_Basics,3.0,2026-09-18 12:32:11,b,1,3.0
A003389,S002,Q0052,AI_Basics,3.0,2026-09-18 12:32:16,c,0,3.0
A003390,S002,Q0055,AI_Basics,3.0,2026-09-18 12:32:21,c,0,2.0
A003391,S002,Q0049,AI_Basics,4.0,2026-09-18 12:32:25,b,0,1.0
A003392,S002,Q0054,AI_Basics,4.0,2026-09-18 12:32:29,b,1,1.0
,S025,Q0082,Neural_Networks,,,c,0,3.0
,S025,Q0076,Neural_Networks,,,b,1,3.0
,S025,Q0075,Neural_Networks,,,d,0,2.0
,S025,Q0078,Neural_Networks,,,c,0,2.0
,S013,Q0018,Python,,,b,1,4.0
,S013,Q0021,Python,,,a,0,3.0
,S013,Q0016,Python,,,d,0,2.0
,S013,Q0019,Python,,,a,0,2.0
,S013,Q0015,Python,,,b,1,3.0
,S013,Q0022,Python,,,a,1,3.0
,S013,Q0024,Python,,,c,1,1.0
,S013,Q0014,Python,,,b,0,2.0
,S013,Q0017,Python,,,b,1,2.0
,S013,Q0014,Python,,,c,0,3.0
,S013,Q0014,Python,,,a,1,2.0
A003393,S013,Q0021,Python,5,2026-09-18 16:08:00,a,0,2
A003394,S013,Q0013,Python,2,2026-09-18 16:08:04,d,0,3
A003395,S013,Q0045,Statistics,1,2026-09-18 16:10:53,a,0,3
A003396,S013,Q0046,Statistics,3,2026-09-18 16:11:12,b,0,1
A003397,S013,Q0040,Statistics,3,2026-09-18 16:11:18,c,0,2
A003398,S013,Q0048,Statistics,4,2026-09-18 16:11:26,a,0,2
A003399,S013,Q0039,Statistics,3,2026-09-18 16:11:31,c,0,1
A003400,S013,Q0040,Statistics,3,2026-09-18 16:11:38,c,0,2
A003401,S013,Q0039,Statistics,3,2026-09-18 16:11:45,c,0,2
A003402,S013,Q0047,Statistics,5,2026-09-18 16:11:51,b,1,2
A003403,S013,Q0014,Python,3,2026-09-18 16:12:44,a,1,3
A003404,S013,Q0016,Python,3,2026-09-18 16:12:50,d,0,2
A003405,S013,Q0021,Python,5,2026-09-18 16:12:57,b,1,3
A003406,S013,Q0021,Python,5,2026-09-18 16:13:03,b,1,2
A003407,S013,Q0021,Python,5,2026-09-18 16:13:09,b,1,2
A003408,S013,Q0014,Python,3,2026-09-18 16:13:16,a,1,2
A003409,S013,Q0016,Python,3,2026-09-18 16:13:22,d,0,2
