attempt_id,student_id,question_id,topic,difficulty,timestamp,selected_option,is_correct,time_taken_seconds,prerequisite_topics,correct_option,grade,exam_goal,available_minutes_per_day,days_since_attempt,recency_weight,time_taken_bucket,attempt_order_in_topic
A000013,S001,Q0051,AI_Basics,3,2026-08-31 02:11:57,a,0,33.0,Python;Math_Basics,b,9,General_Practice,45,18.43092930665509,0.2787236002264235,fast,1
A000020,S001,Q0052,AI_Basics,3,2026-08-31 03:29:57,b,1,25.0,Python;Math_Basics,b,9,General_Practice,45,18.376762639988424,0.27977204813901185,fast,2
A000022,S001,Q0049,AI_Basics,4,2026-09-01 09:16:57,c,0,45.0,Python;Math_Basics,a,9,General_Practice,45,17.135790417766202,0.30490272688956715,normal,3
A000056,S001,Q0057,AI_Basics,1,2026-09-08 09:38:57,a,1,23.0,Python;Math_Basics,a,9,General_Practice,45,10.120512639988426,0.49584074610081325,normal,4
A000069,S001,Q0060,AI_Basics,1,2026-09-11 13:19:57,b,1,21.0,Python;Math_Basics,b,9,General_Practice,45,6.967040417766204,0.6169801408385343,normal,5
A000070,S001,Q0053,AI_Basics,4,2026-09-11 19:56:57,a,0,45.0,Python;Math_Basics,b,9,General_Practice,45,6.691345973321759,0.6288838109870697,normal,6
A000078,S001,Q0057,AI_Basics,1,2026-09-13 20:07:57,a,1,23.0,Python;Math_Basics,a,9,General_Practice,45,4.6837070844328705,0.7227804010014305,normal,7
A000087,S001,Q0056,AI_Basics,1,2026-09-17 09:33:57,b,1,13.0,Python;Math_Basics,b,9,General_Practice,45,1.123984862210648,0.9250488853646237,fast,8
A000017,S001,Q0096,CNN,3,2026-08-30 05:24:57,b,1,38.0,Neural_Networks,b,9,General_Practice,45,19.296901528877314,0.2624855387803865,normal,1
A000058,S001,Q0085,CNN,5,2026-09-08 19:38:57,a,0,58.0,Neural_Networks,b,9,General_Practice,45,9.70384597332176,0.5103699889805449,normal,2
A000067,S001,Q0092,CNN,3,2026-09-10 10:10:57,a,1,35.0,Neural_Networks,a,9,General_Practice,45,8.098290417766204,0.5704494517389043,normal,3
A000018,S001,Q0026,Data_Structures,2,2026-08-30 22:55:57,a,1,32.0,Python,a,9,General_Practice,45,18.567040417766204,0.27610634715757976,normal,1
A000019,S001,Q0035,Data_Structures,4,2026-08-31 21:17:57,c,1,44.0,Python,c,9,General_Practice,45,17.635095973321757,0.29453079765467366,normal,2
A000027,S001,Q0027,Data_Structures,2,2026-09-01 06:38:57,b,1,32.0,Python,b,9,General_Practice,45,17.245512639988426,0.3025926261079103,normal,3
A000029,S001,Q0028,Data_Structures,5,2026-09-02 08:46:57,d,0,68.0,Python,b,9,General_Practice,45,16.156623751099538,0.3263150934660634,slow,4
A000046,S001,Q0036,Data_Structures,4,2026-09-05 01:35:57,b,1,58.0,Python,b,9,General_Practice,45,13.455929306655092,0.39349223437478115,slow,5
A000051,S001,Q0033,Data_Structures,2,2026-09-06 15:59:57,b,1,32.0,Python,b,9,General_Practice,45,11.855929306655094,0.43964381239824246,normal,6
A000065,S001,Q0035,Data_Structures,4,2026-09-10 05:42:57,a,0,43.0,Python,c,9,General_Practice,45,8.284401528877316,0.5631377799193037,fast,7
A000083,S001,Q0032,Data_Structures,5,2026-09-17 01:05:57,b,0,49.0,Python,c,9,General_Practice,45,1.476762639988426,0.9027032683681196,fast,8
A000088,S001,Q0035,Data_Structures,4,2026-09-17 14:49:57,c,1,48.0,Python,c,9,General_Practice,45,0.9045404177662036,0.9392271112263422,normal,9
A003380,S001,Q0031,Data_Structures,3,2026-09-18 12:20:13,b,0,3.0,Python,c,9,General_Practice,45,0.008521899247685186,0.9994094813811355,fast,10
A003381,S001,Q0034,Data_Structures,3,2026-09-18 12:21:26,a,0,3.0,Python,b,9,General_Practice,45,0.007676991840277778,0.9994680130303468,fast,11
A003385,S001,Q0025,Data_Structures,4,2026-09-18 12:30:23,a,0,1.0,Python,c,9,General_Practice,45,0.0014617140625,0.9998986868344047,fast,12
A003386,S001,Q0029,Data_Structures,1,2026-09-18 12:30:27,c,0,1.0,Python,b,9,General_Practice,45,0.0014154177662037038,0.9999018955291625,fast,13
A003387,S001,Q0030,Data_Structures,2,2026-09-18 12:31:03,c,1,2.0,Python,c,9,General_Practice,45,0.000998751099537037,0.9999307742453406,fast,14
A000009,S001,Q0119,LSTM,4,2026-08-29 17:21:57,c,0,65.0,RNN,b,9,General_Practice,45,19.79898486221065,0.2535077071336348,slow,1
A000014,S001,Q0119,LSTM,4,2026-08-30 18:03:57,d,0,54.0,RNN,b,9,General_Practice,45,18.76981819554398,0.27225268466576596,slow,2
A000015,S001,Q0119,LSTM,4,2026-08-31 02:25:57,a,0,42.0,RNN,b,9,General_Practice,45,18.42120708443287,0.27891149343811034,fast,3
A000049,S001,Q0113,LSTM,5,2026-09-05 21:06:57,b,1,55.0,RNN,b,9,General_Practice,45,12.642734862210647,0.4163089598508828,normal,4
A000060,S001,Q0114,LSTM,2,2026-09-08 19:57:57,c,1,36.0,RNN,c,9,General_Practice,45,9.690651528877316,0.5108369711625308,normal,5
A000066,S001,Q0115,LSTM,4,2026-09-11 00:06:57,d,0,51.0,RNN,a,9,General_Practice,45,7.517734862210649,0.5938730681759895,normal,6
A000085,S001,Q0110,LSTM,2,2026-09-16 12:18:57,b,0,44.0,RNN,a,9,General_Practice,45,2.009401528877315,0.8699834413589219,slow,7
A000091,S001,Q0111,LSTM,1,2026-09-17 10:05:57,d,0,33.0,RNN,a,9,General_Practice,45,1.101762639988426,0.9264748611545053,slow,8
A000092,S001,Q0116,LSTM,1,2026-09-17 18:42:57,b,1,30.0,RNN,b,9,General_Practice,45,0.7427348622106481,0.9498203119776228,slow,9
A003374,S001,Q0112,LSTM,3,2026-09-18 11:46:14,a,1,2.0,RNN,a,9,General_Practice,45,0.03212143628472222,0.9977759884869253,fast,10
A000053,S001,Q0071,ML,3,2026-09-06 16:18:57,b,1,39.0,AI_Basics;Statistics,b,9,General_Practice,45,11.842734862210648,0.4400460810097265,normal,1
A000055,S001,Q0063,ML,2,2026-09-07 13:20:57,b,1,30.0,AI_Basics;Statistics,b,9,General_Practice,45,10.96634597332176,0.4676060181156929,normal,2
A000063,S001,Q0070,ML,5,2026-09-10 11:04:57,c,0,53.0,AI_Basics;Statistics,b,9,General_Practice,45,8.060790417766205,0.5719341508528248,normal,3
A000071,S001,Q0066,ML,2,2026-09-12 10:30:57,a,1,32.0,AI_Basics;Statistics,a,9,General_Practice,45,6.084401528877315,0.6559054860812946,normal,4
A000075,S001,Q0061,ML,3,2026-09-12 22:04:57,d,0,38.0,AI_Basics;Statistics,b,9,General_Practice,45,5.60245708443287,0.6781866504848549,normal,5
A000080,S001,Q0072,ML,5,2026-09-15 14:12:57,b,0,56.0,AI_Basics;Statistics,a,9,General_Practice,45,2.930234862210648,0.8161897589567275,normal,6
A003377,S001,Q0067,ML,3,2026-09-18 11:46:28,a,0,3.0,AI_Basics;Statistics,b,9,General_Practice,45,0.031959399247685184,0.9977871951222961,fast,7
A003382,S001,Q0062,ML,2,2026-09-18 12:29:49,a,1,2.0,AI_Basics;Statistics,a,9,General_Practice,45,0.0018552325810185183,0.9998714133446911,fast,8
A003383,S001,Q0064,ML,1,2026-09-18 12:30:10,a,1,3.0,AI_Basics;Statistics,a,9,General_Practice,45,0.001612177025462963,0.9998882586475537,fast,9
A003384,S001,Q0065,ML,1,2026-09-18 12:30:15,c,0,1.0,AI_Basics;Statistics,b,9,General_Practice,45,0.0015543066550925925,0.9998922694757795,fast,10
A000004,S001,Q0003,Math_Basics,1,2026-08-28 07:02:57,b,1,17.0,,b,9,General_Practice,45,21.228845973321757,0.2295874047745981,fast,1
A000016,S001,Q0006,Math_Basics,5,2026-08-30 21:47:57,b,1,57.0,,b,9,General_Practice,45,18.614262639988425,0.2752040746996853,normal,2
A000035,S001,Q0011,Math_Basics,1,2026-09-03 22:18:57,c,1,19.0,,c,9,General_Practice,45,14.592734862210648,0.36367622365300245,fast,3
A000041,S001,Q0005,Math_Basics,3,2026-09-03 23:27:57,a,1,46.0,,a,9,General_Practice,45,14.54481819554398,0.3648861206137171,slow,4
A000042,S001,Q0007,Math_Basics,5,2026-09-04 01:55:57,b,0,61.0,,c,9,General_Practice,45,14.442040417766203,0.3674948552633118,normal,5
A000044,S001,Q0004,Math_Basics,2,2026-09-04 04:00:57,b,1,10.0,,b,9,General_Practice,45,14.355234862210647,0.3697127016084047,fast,6
A000045,S001,Q0008,Math_Basics,5,2026-09-04 15:42:57,b,0,60.0,,a,9,General_Practice,45,13.867734862210646,0.3824191073822466,normal,7
A000073,S001,Q0010,Math_Basics,2,2026-09-12 06:40:57,b,1,38.0,,b,9,General_Practice,45,6.244123751099537,0.6486839393267373,slow,8
A000076,S001,Q0010,Math_Basics,2,2026-09-13 03:37:57,d,0,25.0,,b,9,General_Practice,45,5.3712070844328705,0.6891449142046933,fast,9
A000086,S001,Q0012,Math_Basics,4,2026-09-17 23:54:57,d,0,50.0,,a,9,General_Practice,45,0.5260681955439814,0.9641925451798516,normal,10
A003370,S001,Q0001,Math_Basics,5,2026-09-18 09:36:26,c,1,25.0,,c,9,General_Practice,45,0.12226032517361111,0.9915613668784998,fast,11
A003371,S001,Q0001,Math_Basics,5,2026-09-18 10:25:06,c,1,25.0,,c,9,General_Practice,45,0.08846402887731482,0.9938869022618417,fast,12
A003372,S001,Q0001,Math_Basics,5,2026-09-18 10:50:06,c,1,25.0,,c,9,General_Practice,45,0.0711029177662037,0.9950836463257298,fast,13
A003373,S001,Q0001,Math_Basics,5,2026-09-18 11:28:45,c,1,20.0,,c,9,General_Practice,45,0.044262639988425924,0.9969366492520417,fast,14
A000005,S001,Q0122,NLP,5,2026-08-28 15:44:57,d,0,62.0,LSTM,b,9,General_Practice,45,20.86634597332176,0.23542923759075982,normal,1
A000007,S001,Q0121,NLP,3,2026-08-29 08:36:57,b,0,37.0,LSTM,a,9,General_Practice,45,20.16356819554398,0.24718158649126193,normal,2
A000006,S001,Q0122,NLP,5,2026-08-29 11:39:57,a,0,70.0,LSTM,b,9,General_Practice,45,20.036484862210646,0.2493685642830395,slow,3
A000021,S001,Q0124,NLP,2,2026-09-01 01:04:57,a,1,34.0,LSTM,a,9,General_Practice,45,17.47745708443287,0.2977666925125896,normal,4
A000024,S001,Q0122,NLP,5,2026-09-01 23:57:57,c,0,60.0,LSTM,b,9,General_Practice,45,16.523984862210646,0.3181108564106495,normal,5
A000030,S001,Q0121,NLP,3,2026-09-02 10:16:57,a,1,43.0,LSTM,a,9,General_Practice,45,16.094123751099538,0.32773181240271687,normal,6
A000031,S001,Q0123,NLP,3,2026-09-02 13:12:57,a,1,39.0,LSTM,a,9,General_Practice,45,15.971901528877314,0.33052008456583815,normal,7
A000032,S001,Q0130,NLP,2,2026-09-02 23:08:57,a,1,38.0,LSTM,a,9,General_Practice,45,15.558012639988425,0.34013956522158584,slow,8
A000037,S001,Q0129,NLP,1,2026-09-03 07:56:57,b,1,28.0,LSTM,b,9,General_Practice,45,15.191345973321758,0.34889513907446873,slow,9
A000040,S001,Q0131,NLP,1,2026-09-04 00:07:57,a,1,19.0,LSTM,a,9,General_Practice,45,14.517040417766204,0.3655893523611331,fast,10
A000057,S001,Q0128,NLP,1,2026-09-08 08:43:57,a,0,24.0,LSTM,b,9,General_Practice,45,10.158707084432871,0.4945297750125951,normal,11
A000059,S001,Q0130,NLP,2,2026-09-08 23:39:57,a,1,37.0,LSTM,a,9,General_Practice,45,9.53648486221065,0.5163250554218289,slow,12
A000077,S001,Q0127,NLP,3,2026-09-13 08:41:57,a,0,36.0,LSTM,b,9,General_Practice,45,5.160095973321759,0.6993033893332478,normal,13
A000082,S001,Q0123,NLP,3,2026-09-16 06:46:57,a,1,43.0,LSTM,a,9,General_Practice,45,2.2399570844328704,0.8561908314367843,normal,14
A000090,S001,Q0121,NLP,3,2026-09-18 01:17:57,b,0,51.0,LSTM,a,9,General_Practice,45,0.4684293066550926,0.96805241512029,slow,15
A003375,S001,Q0132,NLP,3,2026-09-18 11:46:17,c,0,2.0,LSTM,a,9,General_Practice,45,0.0320867140625,0.9977783898981945,fast,16
A000002,S001,Q0078,Neural_Networks,3,2026-08-28 18:01:57,b,1,38.0,ML,b,9,General_Practice,45,20.77120708443287,0.2369869120617204,normal,1
A000034,S001,Q0084,Neural_Networks,1,2026-09-03 19:03:57,b,1,29.0,ML,b,9,General_Practice,45,14.728151528877314,0.36027859539945756,slow,2
A000050,S001,Q0082,Neural_Networks,2,2026-09-05 08:15:57,b,1,34.0,ML,b,9,General_Practice,45,13.178151528877313,0.4011419767028222,normal,3
A000062,S001,Q0080,Neural_Networks,2,2026-09-09 17:03:57,a,1,31.0,ML,a,9,General_Practice,45,8.811484862210648,0.5429350448873499,normal,4
A000064,S001,Q0082,Neural_Networks,2,2026-09-10 23:36:57,b,1,37.0,ML,b,9,General_Practice,45,7.538568195543982,0.5930161007404594,slow,5
A000011,S001,Q0017,Python,2,2026-08-29 18:46:57,b,1,38.0,,b,9,General_Practice,45,19.73995708443287,0.2545470571361798,slow,1
A000028,S001,Q0013,Python,2,2026-09-01 20:16:57,b,1,38.0,,b,9,General_Practice,45,16.67745708443287,0.3147447658641005,slow,2
A000047,S001,Q0023,Python,4,2026-09-04 11:35:57,d,0,55.0,,b,9,General_Practice,45,14.039262639988426,0.3778992959812086,slow,3
A000054,S001,Q0022,Python,4,2026-09-07 15:49:57,c,0,45.0,,a,9,General_Practice,45,10.862873751099537,0.47097181320336134,normal,4
A000061,S001,Q0022,Python,4,2026-09-09 10:58:57,b,0,50.0,,a,9,General_Practice,45,9.064957084432871,0.5334793346072361,normal,5
A000068,S001,Q0023,Python,4,2026-09-10 08:25:57,d,0,42.0,,b,9,General_Practice,45,8.17120708443287,0.5675735609346177,fast,6
A000081,S001,Q0017,Python,2,2026-09-16 03:14:57,b,1,39.0,,b,9,General_Practice,45,2.3871793066550926,0.847498117821231,slow,7
A000084,S001,Q0018,Python,1,2026-09-16 17:45:57,b,1,34.0,,b,9,General_Practice,45,1.7823181955439815,0.8837855085167561,slow,8
A003376,S001,Q0014,Python,3,2026-09-18 11:46:25,a,1,7.0,,a,9,General_Practice,45,0.031994121469907405,0.9977847936898349,fast,9
A003379,S001,Q0016,Python,3,2026-09-18 11:46:34,b,0,2.0,,a,9,General_Practice,45,0.031889954803240736,0.9977919980045575,fast,10
A000003,S001,Q0104,RNN,2,2026-08-28 03:27:57,b,1,42.0,Neural_Networks,b,9,General_Practice,45,21.378151528877314,0.22722364056116492,slow,1
A000010,S001,Q0108,RNN,5,2026-08-29 03:27:57,c,0,71.0,Neural_Networks,b,9,General_Practice,45,20.378151528877314,0.24353226801434186,slow,2
A000012,S001,Q0101,RNN,1,2026-08-31 02:46:57,b,1,21.0,Neural_Networks,b,9,General_Practice,45,18.406623751099538,0.27919357077471724,normal,3
A000023,S001,Q0105,RNN,4,2026-09-01 13:18:57,a,0,44.0,Neural_Networks,b,9,General_Practice,45,16.967734862210648,0.30847522153897056,normal,4
A000043,S001,Q0104,RNN,2,2026-09-03 17:32:57,b,1,36.0,Neural_Networks,b,9,General_Practice,45,14.791345973321759,0.3587039165355525,normal,5
A000039,S001,Q0104,RNN,2,2026-09-04 00:13:57,b,1,44.0,Neural_Networks,b,9,General_Practice,45,14.512873751099535,0.36569495395521384,slow,6
A000072,S001,Q0108,RNN,5,2026-09-12 22:26:57,a,0,57.0,Neural_Networks,b,9,General_Practice,45,5.587179306655092,0.6789052135004886,normal,7
A000079,S001,Q0107,RNN,1,2026-09-13 21:09:57,a,1,24.0,Neural_Networks,a,9,General_Practice,45,4.6406515288773145,0.7249406769874087,normal,8
A003378,S001,Q0100,RNN,3,2026-09-18 11:46:31,b,1,2.0,Neural_Networks,b,9,General_Practice,45,0.031924677025462964,0.9977895965605369,fast,9
A000001,S001,Q0043,Statistics,4,2026-08-28 20:43:57,c,1,49.0,Math_Basics,c,9,General_Practice,45,20.65870708443287,0.238842137709848,normal,1
A000008,S001,Q0038,Statistics,2,2026-08-29 15:17:57,b,1,26.0,Math_Basics,b,9,General_Practice,45,19.885095973321757,0.25199908538366783,fast,2
A000025,S001,Q0041,Statistics,4,2026-09-01 17:50:57,c,0,42.0,Math_Basics,b,9,General_Practice,45,16.778845973321758,0.312540575090139,fast,3
A000026,S001,Q0044,Statistics,3,2026-09-02 00:16:57,c,1,37.0,Math_Basics,c,9,General_Practice,45,16.510790417766202,0.318401923881401,normal,4
A000033,S001,Q0044,Statistics,3,2026-09-02 13:30:57,d,0,46.0,Math_Basics,c,9,General_Practice,45,15.959401528877313,0.330806582494604,slow,5
A000036,S001,Q0046,Statistics,3,2026-09-03 06:06:57,d,0,38.0,Math_Basics,c,9,General_Practice,45,15.267734862210647,0.347052665308679,normal,6
A000038,S001,Q0048,Statistics,4,2026-09-03 22:25:57,b,1,47.0,Math_Basics,b,9,General_Practice,45,14.587873751099536,0.36379878374740376,normal,7
A000048,S001,Q0044,Statistics,3,2026-09-05 22:05:57,d,0,33.0,Math_Basics,c,9,General_Practice,45,12.601762639988426,0.41749294860640135,fast,8
A000074,S001,Q0045,Statistics,1,2026-09-12 15:34:57,b,1,18.0,Math_Basics,b,9,General_Practice,45,5.873290417766204,0.6655739889312774,fast,9
A000089,S001,Q0040,Statistics,3,2026-09-17 07:43:57,b,1,44.0,Math_Basics,b,9,General_Practice,45,1.200373751099537,0.9201638121363793,normal,10
A000101,S002,Q0053,AI_Basics,4,2026-08-30 11:17:57,a,0,49.0,Python;Math_Basics,b,12,Entrance_Exam,45,19.051762639988425,0.26698373077629295,normal,1
A000116,S002,Q0057,AI_Basics,1,2026-08-31 09:36:57,a,1,30.0,Python;Math_Basics,a,12,Entrance_Exam,45,18.121901528877313,0.28475830956538906,slow,2
A000110,S002,Q0060,AI_Basics,1,2026-08-31 10:58:57,b,1,36.0,Python;Math_Basics,b,12,Entrance_Exam,45,18.06495708443287,0.28588449682177763,slow,3
A000113,S002,Q0053,AI_Basics,4,2026-08-31 17:05:57,d,0,48.0,Python;Math_Basics,b,12,Entrance_Exam,45,17.810095973321758,0.2909796978913047,normal,4
A000127,S002,Q0059,AI_Basics,4,2026-09-05 01:25:57,d,0,58.0,Python;Math_Basics,a,12,Entrance_Exam,45,13.462873751099536,0.39330287159740174,slow,5
A000134,S002,Q0053,AI_Basics,4,2026-09-05 04:51:57,d,0,52.0,Python;Math_Basics,b,12,Entrance_Exam,45,13.31981819554398,0.39722220570135774,normal,6
A000154,S002,Q0051,AI_Basics,3,2026-09-12 03:55:57,d,0,27.0,Python;Math_Basics,b,12,Entrance_Exam,45,6.358707084432871,0.6435522949861725,fast,7
A000160,S002,Q0056,AI_Basics,1,2026-09-13 04:49:57,d,0,33.0,Python;Math_Basics,b,12,Entrance_Exam,45,5.32120708443287,0.691537452033415,slow,8
A003388,S002,Q0050,AI_Basics,3,2026-09-18 12:32:11,b,1,3.0,Python;Math_Basics,b,12,Entrance_Exam,45,0.0002117140625,0.9999853252071251,fast,9
A003389,S002,Q0052,AI_Basics,3,2026-09-18 12:32:16,c,0,3.0,Python;Math_Basics,b,12,Entrance_Exam,45,0.00015384369212962962,0.9999893364247117,fast,10
A003390,S002,Q0055,AI_Basics,3,2026-09-18 12:32:21,c,0,2.0,Python;Math_Basics,a,12,Entrance_Exam,45,9.597332175925926e-05,0.9999933476583883,fast,11
A003391,S002,Q0049,AI_Basics,4,2026-09-18 12:32:25,b,0,1.0,Python;Math_Basics,a,12,Entrance_Exam,45,4.967702546296296e-05,0.9999965566569144,fast,12
A003392,S002,Q0054,AI_Basics,4,2026-09-18 12:32:29,b,1,1.0,Python;Math_Basics,b,12,Entrance_Exam,45,3.3807291666666664e-06,0.9999997656657384,fast,13
A000097,S002,Q0088,CNN,2,2026-08-29 15:12:57,b,1,21.0,Neural_Networks,b,12,Entrance_Exam,45,19.888568195543982,0.25193844252343145,fast,1
A000098,S002,Q0092,CNN,3,2026-08-29 23:03:57,a,1,26.0,Neural_Networks,a,12,Entrance_Exam,45,19.561484862210648,0.25771555352586106,fast,2
A000108,S002,Q0095,CNN,5,2026-08-30 12:03:57,b,1,43.0,Neural_Networks,b,12,Entrance_Exam,45,19.01981819554398,0.2675755464987596,fast,3
A000117,S002,Q0088,CNN,2,2026-09-01 13:51:57,b,1,23.0,Neural_Networks,b,12,Entrance_Exam,45,16.94481819554398,0.3089656121758127,fast,4
A000119,S002,Q0090,CNN,1,2026-09-02 10:32:57,a,1,26.0,Neural_Networks,a,12,Entrance_Exam,45,16.083012639988425,0.3279843167158726,normal,5
A000120,S002,Q0087,CNN,1,2026-09-02 17:24:57,b,1,14.0,Neural_Networks,b,12,Entrance_Exam,45,15.796901528877314,0.3345537329701639,fast,6
A000141,S002,Q0090,CNN,1,2026-09-07 05:44:57,a,1,34.0,Neural_Networks,a,12,Entrance_Exam,45,11.283012639988426,0.4574540484017287,slow,7
A000142,S002,Q0086,CNN,2,2026-09-07 19:20:57,b,1,27.0,Neural_Networks,b,12,Entrance_Exam,45,10.71634597332176,0.47577962733771845,fast,8
A000148,S002,Q0087,CNN,1,2026-09-09 04:19:57,b,1,15.0,Neural_Networks,b,12,Entrance_Exam,45,9.342040417766205,0.5233311205186367,fast,9
A000155,S002,Q0090,CNN,1,2026-09-12 22:59:57,a,1,7.0,Neural_Networks,a,12,Entrance_Exam,45,5.564262639988426,0.6799844857945255,fast,10
A000169,S002,Q0085,CNN,5,2026-09-16 06:12:57,b,1,47.0,Neural_Networks,b,12,Entrance_Exam,45,2.2635681955439817,0.8547907376617647,fast,11
A000102,S002,Q0035,Data_Structures,4,2026-08-31 00:58:57,c,1,33.0,Python,c,12,Entrance_Exam,45,18.481623751099537,0.27774592014298344,fast,1
A000121,S002,Q0034,Data_Structures,3,2026-09-03 02:28:57,b,1,48.0,Python,b,12,Entrance_Exam,45,15.419123751099535,0.3434299166080881,slow,2
A000122,S002,Q0032,Data_Structures,5,2026-09-03 14:13:57,c,1,62.0,Python,c,12,Entrance_Exam,45,14.929540417766203,0.3552843284861874,normal,3
A000138,S002,Q0031,Data_Structures,3,2026-09-06 16:02:57,c,1,43.0,Python,c,12,Entrance_Exam,45,11.853845973321759,0.439707304038453,normal,4
A000144,S002,Q0032,Data_Structures,5,2026-09-08 14:04:57,c,1,50.0,Python,c,12,Entrance_Exam,45,9.935790417766205,0.5022302940132711,fast,5
A000150,S002,Q0031,Data_Structures,3,2026-09-10 20:42:57,b,0,47.0,Python,c,12,Entrance_Exam,45,7.659401528877315,0.5880700194641079,slow,6
A000156,S002,Q0027,Data_Structures,2,2026-09-12 13:36:57,b,1,24.0,Python,b,12,Entrance_Exam,45,5.955234862210648,0.6618042739600694,fast,7
A000161,S002,Q0034,Data_Structures,3,2026-09-14 00:11:57,b,1,36.0,Python,b,12,Entrance_Exam,45,4.514262639988425,0.7313195000700571,normal,8
A000167,S002,Q0035,Data_Structures,4,2026-09-15 08:46:57,d,0,49.0,Python,c,12,Entrance_Exam,45,3.156623751099537,0.8034820086217364,normal,9
A000104,S002,Q0112,LSTM,3,2026-08-30 07:56:57,a,1,36.0,RNN,a,12,Entrance_Exam,45,19.19134597332176,0.26441307113506074,normal,1
A000128,S002,Q0116,LSTM,1,2026-09-04 06:25:57,b,1,13.0,RNN,b,12,Entrance_Exam,45,14.254540417766203,0.3723021772272737,fast,2
A000133,S002,Q0110,LSTM,2,2026-09-05 11:04:57,a,1,27.0,RNN,a,12,Entrance_Exam,45,13.060790417766203,0.4044185164602023,fast,3
A000146,S002,Q0118,LSTM,4,2026-09-10 02:32:57,c,0,40.0,RNN,b,12,Entrance_Exam,45,8.416345973321759,0.5580109750741952,fast,4
A000163,S002,Q0114,LSTM,2,2026-09-14 14:34:57,c,1,28.0,RNN,c,12,Entrance_Exam,45,3.9149570844328703,0.762338842826718,fast,5
A000162,S002,Q0112,LSTM,3,2026-09-14 20:50:57,a,1,33.0,RNN,a,12,Entrance_Exam,45,3.653845973321759,0.7762619095312568,fast,6
A000094,S002,Q0062,ML,2,2026-08-28 16:19:57,a,1,31.0,AI_Basics;Statistics,a,12,Entrance_Exam,45,20.842040417766203,0.2358262072330328,normal,1
A000096,S002,Q0062,ML,2,2026-08-29 06:17:57,a,1,42.0,AI_Basics;Statistics,a,12,Entrance_Exam,45,20.260095973321757,0.24553326543382334,slow,2
A000103,S002,Q0064,ML,1,2026-08-31 01:16:57,a,1,24.0,AI_Basics;Statistics,a,12,Entrance_Exam,45,18.469123751099538,0.2779866729279424,normal,3
A000114,S002,Q0061,ML,3,2026-08-31 04:02:57,b,1,37.0,AI_Basics;Statistics,b,12,Entrance_Exam,45,18.353845973321757,0.28021680863605614,normal,4
A000131,S002,Q0065,ML,1,2026-09-05 05:00:57,b,1,31.0,AI_Basics;Statistics,b,12,Entrance_Exam,45,13.313568195543981,0.39739432638892974,slow,5
A000139,S002,Q0070,ML,5,2026-09-06 22:58:57,b,1,64.0,AI_Basics;Statistics,b,12,Entrance_Exam,45,11.564957084432871,0.4486008600831617,slow,6
A000149,S002,Q0061,ML,3,2026-09-10 09:11:57,a,0,46.0,AI_Basics;Statistics,b,12,Entrance_Exam,45,8.139262639988427,0.5688316861246464,slow,7
A000107,S002,Q0001,Math_Basics,5,2026-08-30 03:34:57,d,0,68.0,,c,12,Entrance_Exam,45,19.373290417766203,0.26109938384459414,slow,1
A000112,S002,Q0006,Math_Basics,5,2026-08-31 09:03:57,c,0,66.0,,b,12,Entrance_Exam,45,18.14481819554398,0.2843063407919374,slow,2
A000125,S002,Q0003,Math_Basics,1,2026-09-04 02:06:57,b,1,33.0,,b,12,Entrance_Exam,45,14.434401528877315,0.36768949069357393,slow,3
A000153,S002,Q0010,Math_Basics,2,2026-09-11 03:29:57,d,0,39.0,,b,12,Entrance_Exam,45,7.376762639988426,0.5997045135096385,slow,4
A000159,S002,Q0012,Math_Basics,4,2026-09-12 17:52:57,b,0,61.0,,a,12,Entrance_Exam,45,5.7774570844328705,0.6700098877380253,slow,5
A000165,S002,Q0009,Math_Basics,2,2026-09-15 18:58:57,a,1,51.0,,a,12,Entrance_Exam,45,2.731623751099537,0.8275036754225604,slow,6
A000093,S002,Q0122,NLP,5,2026-08-28 08:17:57,a,0,58.0,LSTM,b,12,Entrance_Exam,45,21.176762639988425,0.2304177457298412,normal,1
A000106,S002,Q0123,NLP,3,2026-08-30 05:12:57,b,0,45.0,LSTM,a,12,Entrance_Exam,45,19.305234862210646,0.26233396496821487,normal,2
A000126,S002,Q0130,NLP,2,2026-09-03 23:53:57,a,1,31.0,LSTM,a,12,Entrance_Exam,45,14.526762639988425,0.3653430672162405,normal,3
A000129,S002,Q0123,NLP,3,2026-09-04 05:59:57,a,1,27.0,LSTM,a,12,Entrance_Exam,45,14.272595973321758,0.3718365266367416,fast,4
A000143,S002,Q0126,NLP,2,2026-09-08 15:25:57,b,1,27.0,LSTM,b,12,Entrance_Exam,45,9.879540417766204,0.5041922886467174,fast,5
A000147,S002,Q0122,NLP,5,2026-09-09 23:30:57,d,0,56.0,LSTM,b,12,Entrance_Exam,45,8.542734862210649,0.5531438092351421,normal,6
A000151,S002,Q0122,NLP,5,2026-09-11 23:24:57,a,0,50.0,LSTM,b,12,Entrance_Exam,45,6.546901528877315,0.635211900859618,fast,7
A000157,S002,Q0129,NLP,1,2026-09-12 06:46:57,b,1,20.0,LSTM,b,12,Entrance_Exam,45,6.239957084432871,0.6488713136515228,fast,8
A000170,S002,Q0128,NLP,1,2026-09-16 08:16:57,d,0,19.0,LSTM,b,12,Entrance_Exam,45,2.1774570844328704,0.8599080415461958,fast,9
A000171,S002,Q0131,NLP,1,2026-09-17 15:26:57,a,1,24.0,LSTM,a,12,Entrance_Exam,45,0.8788459733217592,0.9409013681768322,normal,10
A000130,S002,Q0081,Neural_Networks,5,2026-09-04 07:44:57,a,0,49.0,ML,b,12,Entrance_Exam,45,14.199679306655092,0.3737206194156433,fast,1
A000168,S002,Q0080,Neural_Networks,2,2026-09-16 23:56:57,a,1,23.0,ML,a,12,Entrance_Exam,45,1.5246793066550928,0.8997100661630351,fast,2
A000095,S002,Q0022,Python,4,2026-08-29 16:11:57,a,1,55.0,,a,12,Entrance_Exam,45,19.84759597332176,0.2526549591296017,slow,1
A000105,S002,Q0021,Python,5,2026-08-31 01:54:57,a,0,55.0,,b,12,Entrance_Exam,45,18.442734862210646,0.27849561434442066,normal,2
A000111,S002,Q0024,Python,1,2026-08-31 17:27:57,c,1,21.0,,c,12,Entrance_Exam,45,17.794818195543982,0.29128800128986826,normal,3
A000115,S002,Q0019,Python,5,2026-08-31 20:13:57,d,0,61.0,,b,12,Entrance_Exam,45,17.6795404177662,0.2936248463126151,normal,4
A000118,S002,Q0024,Python,1,2026-09-01 08:16:57,c,1,25.0,,c,12,Entrance_Exam,45,17.17745708443287,0.30402340368707925,normal,5
A000136,S002,Q0021,Python,5,2026-09-06 11:14:57,a,0,41.0,,b,12,Entrance_Exam,45,12.05384597332176,0.43365372364732724,fast,6
A000152,S002,Q0021,Python,5,2026-09-11 06:27:57,d,0,50.0,,b,12,Entrance_Exam,45,7.253151528877315,0.6048648990511678,fast,7
A000158,S002,Q0017,Python,2,2026-09-12 07:10:57,b,1,31.0,,b,12,Entrance_Exam,45,6.223290417766204,0.6496213523434501,normal,8
A000166,S002,Q0018,Python,1,2026-09-15 17:03:57,b,1,21.0,,b,12,Entrance_Exam,45,2.8114848622106483,0.8229356420748228,normal,9
A000099,S002,Q0100,RNN,3,2026-08-29 15:01:57,b,1,23.0,Neural_Networks,b,12,Entrance_Exam,45,19.89620708443287,0.25180507959519655,fast,1
A000109,S002,Q0100,RNN,3,2026-08-31 07:31:57,b,1,37.0,Neural_Networks,b,12,Entrance_Exam,45,18.20870708443287,0.2830500907961747,normal,2
A000124,S002,Q0103,RNN,3,2026-09-03 05:30:57,b,1,20.0,Neural_Networks,b,12,Entrance_Exam,45,15.292734862210647,0.34645178963697554,fast,3
A000132,S002,Q0105,RNN,4,2026-09-05 05:35:57,b,1,27.0,Neural_Networks,b,12,Entrance_Exam,45,13.289262639988426,0.398064393901369,fast,4
A000137,S002,Q0102,RNN,2,2026-09-06 05:10:57,a,1,24.0,Neural_Networks,a,12,Entrance_Exam,45,12.306623751099536,0.42612175847749384,fast,5
A000135,S002,Q0099,RNN,2,2026-09-06 15:45:57,a,1,18.0,Neural_Networks,a,12,Entrance_Exam,45,11.865651528877315,0.4393476392757531,fast,6
A000145,S002,Q0102,RNN,2,2026-09-09 19:26:57,a,1,32.0,Neural_Networks,a,12,Entrance_Exam,45,8.712179306655093,0.5466851413262406,normal,7
A000172,S002,Q0103,RNN,3,2026-09-17 16:52:57,a,0,21.0,Neural_Networks,b,12,Entrance_Exam,45,0.8191237510995371,0.94480442378934,fast,8
A000100,S002,Q0045,Statistics,1,2026-08-29 17:10:57,b,1,33.0,Math_Basics,b,12,Entrance_Exam,45,19.806623751099536,0.25337351351945336,slow,1
A000123,S002,Q0047,Statistics,5,2026-09-03 06:55:57,d,0,72.0,Math_Basics,b,12,Entrance_Exam,45,15.23370708443287,0.34787219879341624,slow,2
A000164,S002,Q0038,Statistics,2,2026-09-14 12:26:57,d,0,28.0,Math_Basics,b,12,Entrance_Exam,45,4.003845973321759,0.757656278383307,fast,3
A000182,S003,Q0053,AI_Basics,4,2026-08-29 11:09:57,b,1,57.0,Python;Math_Basics,b,11,Board_Exam,45,20.05731819554398,0.24900872183439665,slow,1
A000179,S003,Q0052,AI_Basics,3,2026-08-29 13:05:57,b,1,38.0,Python;Math_Basics,b,11,Board_Exam,45,19.976762639988426,0.2504029972292832,normal,2
A000188,S003,Q0052,AI_Basics,3,2026-08-30 11:22:57,d,0,36.0,Python;Math_Basics,b,11,Board_Exam,45,19.048290417766204,0.26704799511367894,normal,3
A000190,S003,Q0057,AI_Basics,1,2026-08-31 09:17:57,a,1,29.0,Python;Math_Basics,a,11,Board_Exam,45,18.135095973321757,0.284497997441862,slow,4
A000194,S003,Q0058,AI_Basics,5,2026-08-31 23:58:57,c,0,63.0,Python;Math_Basics,b,11,Board_Exam,45,17.5232904177662,0.2968222112559997,normal,5
A000199,S003,Q0054,AI_Basics,4,2026-09-01 21:06:57,c,0,52.0,Python;Math_Basics,b,11,Board_Exam,45,16.64273486221065,0.3155031936163476,normal,6
A000209,S003,Q0055,AI_Basics,3,2026-09-02 04:08:57,a,1,47.0,Python;Math_Basics,a,11,Board_Exam,45,16.34967930665509,0.3219775644627438,slow,7
A000208,S003,Q0057,AI_Basics,1,2026-09-02 23:38:57,a,1,28.0,Python;Math_Basics,a,11,Board_Exam,45,15.537179306655093,0.3406311008317763,slow,8
A000206,S003,Q0059,AI_Basics,4,2026-09-03 00:16:57,b,0,59.0,Python;Math_Basics,a,11,Board_Exam,45,15.510790417766202,0.3412547324365864,slow,9
A000210,S003,Q0055,AI_Basics,3,2026-09-03 14:48:57,d,0,43.0,Python;Math_Basics,a,11,Board_Exam,45,14.905234862210648,0.35588339211238623,normal,10
A000222,S003,Q0057,AI_Basics,1,2026-09-06 18:32:57,a,1,27.0,Python;Math_Basics,a,11,Board_Exam,45,11.749679306655093,0.4428936044212891,slow,11
A000238,S003,Q0056,AI_Basics,1,2026-09-10 09:07:57,b,1,20.0,Python;Math_Basics,b,11,Board_Exam,45,8.142040417766204,0.5687221733124287,fast,12
A000250,S003,Q0049,AI_Basics,4,2026-09-13 04:53:57,b,0,54.0,Python;Math_Basics,a,11,Board_Exam,45,5.3184293066550925,0.6916706140845532,slow,13
A000252,S003,Q0055,AI_Basics,3,2026-09-15 14:27:57,c,0,29.0,Python;Math_Basics,a,11,Board_Exam,45,2.9198181955439817,0.8167792838727721,fast,14
A000177,S003,Q0093,CNN,4,2026-08-28 07:15:57,c,0,56.0,Neural_Networks,b,11,Board_Exam,45,21.21981819554398,0.22973111585977798,slow,1
A000175,S003,Q0088,CNN,2,2026-08-28 13:40:57,c,0,46.0,Neural_Networks,b,11,Board_Exam,45,20.95245708443287,0.23402820062654495,slow,2
A000218,S003,Q0094,CNN,5,2026-09-05 23:02:57,c,0,58.0,Neural_Networks,a,11,Board_Exam,45,12.562179306655091,0.41864000004543844,normal,3
A000220,S003,Q0092,CNN,3,2026-09-06 03:03:57,a,1,36.0,Neural_Networks,a,11,Board_Exam,45,12.39481819554398,0.4235247485006317,normal,4
A000240,S003,Q0093,CNN,4,2026-09-10 11:31:57,c,0,55.0,Neural_Networks,b,11,Board_Exam,45,8.042040417766204,0.5726779488572691,slow,5
A000185,S003,Q0026,Data_Structures,2,2026-08-30 21:49:57,a,1,32.0,Python,a,11,Board_Exam,45,18.612873751099535,0.27523056999286283,normal,1
A000200,S003,Q0033,Data_Structures,2,2026-09-01 05:09:57,c,0,39.0,Python,b,11,Board_Exam,45,17.30731819554398,0.30129908158367097,slow,2
A000211,S003,Q0033,Data_Structures,2,2026-09-04 17:35:57,c,0,33.0,Python,b,11,Board_Exam,45,13.789262639988426,0.38450485932078204,normal,3
A000235,S003,Q0028,Data_Structures,5,2026-09-09 08:20:57,d,0,65.0,Python,b,11,Board_Exam,45,9.174679306655094,0.5294374192054094,slow,4
A000248,S003,Q0034,Data_Structures,3,2026-09-13 09:55:57,b,1,44.0,Python,b,11,Board_Exam,45,5.10870708443287,0.7017987540568941,normal,5
A000253,S003,Q0036,Data_Structures,4,2026-09-15 15:52:57,c,0,62.0,Python,b,11,Board_Exam,45,2.860790417766204,0.8201279771348842,slow,6
A000173,S003,Q0118,LSTM,4,2026-08-28 12:48:57,a,0,60.0,RNN,b,11,Board_Exam,45,20.98856819554398,0.23344315317346498,slow,1
A000181,S003,Q0116,LSTM,1,2026-08-30 01:32:57,d,0,27.0,RNN,b,11,Board_Exam,45,19.458012639988425,0.25957057187564303,slow,2
A000213,S003,Q0119,LSTM,4,2026-09-04 23:22:57,d,0,50.0,RNN,b,11,Board_Exam,45,13.548290417766204,0.3909811497768946,normal,3
A000236,S003,Q0114,LSTM,2,2026-09-09 16:51:57,d,0,40.0,RNN,c,11,Board_Exam,45,8.819818195543982,0.54262152386483,slow,4
A000234,S003,Q0111,LSTM,1,2026-09-10 03:15:57,b,0,36.0,RNN,a,11,Board_Exam,45,8.386484862210649,0.5591671504016308,slow,5
A000242,S003,Q0118,LSTM,4,2026-09-12 01:05:57,c,0,57.0,RNN,b,11,Board_Exam,45,6.476762639988427,0.6383076024623572,slow,6
A000249,S003,Q0117,LSTM,5,2026-09-13 13:50:57,d,0,64.0,RNN,b,11,Board_Exam,45,4.945512639988426,0.7097824145584238,slow,7
A000183,S003,Q0063,ML,2,2026-08-29 07:36:57,b,1,29.0,AI_Basics;Statistics,b,11,Board_Exam,45,20.20523486221065,0.24646872797914945,normal,1
A000187,S003,Q0069,ML,5,2026-08-30 20:48:57,c,0,58.0,AI_Basics;Statistics,a,11,Board_Exam,45,18.655234862210648,0.27442360994931053,normal,2
A000205,S003,Q0065,ML,1,2026-09-02 19:46:57,b,1,24.0,AI_Basics;Statistics,b,11,Board_Exam,45,15.698290417766202,0.33684830811007255,normal,3
A000219,S003,Q0068,ML,2,2026-09-05 12:26:57,b,1,27.0,AI_Basics;Statistics,b,11,Board_Exam,45,13.003845973321758,0.40601794644761935,fast,4
A000229,S003,Q0069,ML,5,2026-09-08 02:29:57,d,0,62.0,AI_Basics;Statistics,a,11,Board_Exam,45,10.418429306655094,0.48570662482480215,normal,5
A000231,S003,Q0067,ML,3,2026-09-08 23:42:57,d,0,40.0,AI_Basics;Statistics,b,11,Board_Exam,45,9.534401528877316,0.5163996210673037,normal,6
A000244,S003,Q0065,ML,1,2026-09-12 12:27:57,b,1,17.0,AI_Basics;Statistics,b,11,Board_Exam,45,6.003151528877314,0.659609849633089,fast,7
A000180,S003,Q0004,Math_Basics,2,2026-08-29 10:19:57,b,1,23.0,,b,11,Board_Exam,45,20.092040417766203,0.2484101379562872,fast,1
A000186,S003,Q0005,Math_Basics,3,2026-08-30 20:41:57,a,1,31.0,,a,11,Board_Exam,45,18.66009597332176,0.27433115943808317,fast,2
A000197,S003,Q0006,Math_Basics,5,2026-08-31 23:08:57,d,0,57.0,,b,11,Board_Exam,45,17.558012639988426,0.29610869010295027,normal,3
A000214,S003,Q0004,Math_Basics,2,2026-09-05 18:01:57,c,0,46.0,,b,11,Board_Exam,45,12.77120708443287,0.41261817957827945,slow,4
A000232,S003,Q0011,Math_Basics,1,2026-09-08 21:10:57,c,1,27.0,,c,11,Board_Exam,45,9.63995708443287,0.512635143867762,slow,5
A000195,S003,Q0132,NLP,3,2026-08-31 17:23:57,c,0,57.0,LSTM,a,11,Board_Exam,45,17.79759597332176,0.29123192183971697,slow,1
A000203,S003,Q0123,NLP,3,2026-09-02 21:32:57,d,0,55.0,LSTM,a,11,Board_Exam,45,15.624679306655091,0.33857141267622615,slow,2
A000215,S003,Q0130,NLP,2,2026-09-05 12:09:57,c,0,45.0,LSTM,a,11,Board_Exam,45,13.015651528877314,0.4056858383679495,slow,3
A000216,S003,Q0123,NLP,3,2026-09-06 01:05:57,d,0,48.0,LSTM,a,11,Board_Exam,45,12.476762639988426,0.4211259654777801,slow,4
A000225,S003,Q0131,NLP,1,2026-09-07 05:58:57,a,1,30.0,LSTM,a,11,Board_Exam,45,11.273290417766205,0.4577624274205255,slow,5
A000228,S003,Q0123,NLP,3,2026-09-07 10:15:57,d,0,59.0,LSTM,a,11,Board_Exam,45,11.094818195543981,0.4634604646122801,slow,6
A000227,S003,Q0129,NLP,1,2026-09-08 00:44:57,c,0,25.0,LSTM,b,11,Board_Exam,45,10.49134597332176,0.48325796050992437,normal,7
A000247,S003,Q0122,NLP,5,2026-09-12 19:56:57,d,0,73.0,LSTM,b,11,Board_Exam,45,5.691345973321759,0.6740209796346314,slow,8
A000251,S003,Q0122,NLP,5,2026-09-13 15:15:57,a,0,76.0,LSTM,b,11,Board_Exam,45,4.886484862210648,0.7126924339922268,slow,9
A000198,S003,Q0078,Neural_Networks,3,2026-08-31 14:34:57,c,0,38.0,ML,b,11,Board_Exam,45,17.91495708443287,0.2888724033417058,normal,1
A000191,S003,Q0082,Neural_Networks,2,2026-09-01 00:00:57,b,1,21.0,ML,b,11,Board_Exam,45,17.521901528877315,0.2968507878369148,fast,2
A000201,S003,Q0076,Neural_Networks,2,2026-09-01 07:17:57,b,1,26.0,ML,b,11,Board_Exam,45,17.218429306655093,0.30316120878634734,fast,3
A000224,S003,Q0079,Neural_Networks,5,2026-09-07 21:38:57,c,0,47.0,ML,b,11,Board_Exam,45,10.620512639988426,0.478950590019976,fast,4
A000178,S003,Q0020,Python,2,2026-08-29 11:26:57,c,1,45.0,,c,11,Board_Exam,45,20.045512639988424,0.24921256875388031,slow,1
A000192,S003,Q0014,Python,3,2026-08-31 13:58:57,a,1,41.0,,a,11,Board_Exam,45,17.93995708443287,0.28837225907904707,normal,2
A000189,S003,Q0024,Python,1,2026-08-31 14:10:57,a,0,30.0,,c,11,Board_Exam,45,17.931623751099536,0.28853887754432445,slow,3
A000196,S003,Q0023,Python,4,2026-08-31 17:54:57,a,0,63.0,,b,11,Board_Exam,45,17.77606819554398,0.29166682013423156,slow,4
A000207,S003,Q0018,Python,1,2026-09-02 22:51:57,b,1,27.0,,b,11,Board_Exam,45,15.56981819554398,0.33986134328875306,slow,5
A000245,S003,Q0018,Python,1,2026-09-12 23:49:57,b,1,23.0,,b,11,Board_Exam,45,5.529540417766204,0.681623016950741,normal,6
A000254,S003,Q0021,Python,5,2026-09-16 00:17:57,c,0,72.0,,b,11,Board_Exam,45,2.5100959733217594,0.8403081621791411,slow,7
A000174,S003,Q0103,RNN,3,2026-08-28 16:48:57,a,0,49.0,Neural_Networks,b,11,Board_Exam,45,20.821901528877316,0.2361556319556566,slow,1
A000184,S003,Q0101,RNN,1,2026-08-30 23:57:57,b,1,24.0,Neural_Networks,b,11,Board_Exam,45,18.523984862210646,0.2769315852389034,normal,2
A000204,S003,Q0100,RNN,3,2026-09-02 21:50:57,b,1,52.0,Neural_Networks,b,11,Board_Exam,45,15.612179306655092,0.3388648895721868,slow,3
A000212,S003,Q0102,RNN,2,2026-09-04 20:51:57,d,0,34.0,Neural_Networks,a,11,Board_Exam,45,13.653151528877315,0.38814963798452023,normal,4
A000217,S003,Q0108,RNN,5,2026-09-05 08:54:57,d,0,55.0,Neural_Networks,b,11,Board_Exam,45,13.151068195543981,0.4018957372371778,normal,5
A000226,S003,Q0106,RNN,5,2026-09-07 08:58:57,a,0,54.0,Neural_Networks,b,11,Board_Exam,45,11.148290417766205,0.4617458686437926,normal,6
A000233,S003,Q0100,RNN,3,2026-09-09 18:18:57,b,1,37.0,Neural_Networks,b,11,Board_Exam,45,8.759401528877316,0.5448986595910804,normal,7
A000237,S003,Q0108,RNN,5,2026-09-10 10:12:57,d,0,70.0,Neural_Networks,b,11,Board_Exam,45,8.096901528877316,0.570504371803163,slow,8
A000246,S003,Q0106,RNN,5,2026-09-12 11:19:57,c,0,58.0,Neural_Networks,b,11,Board_Exam,45,6.050373751099537,0.657454347572355,normal,9
A000176,S003,Q0046,Statistics,3,2026-08-28 08:23:57,a,0,33.0,Math_Basics,c,11,Board_Exam,45,21.17259597332176,0.2304843025950683,fast,1
A000202,S003,Q0037,Statistics,4,2026-09-03 00:13:57,a,0,57.0,Math_Basics,c,11,Board_Exam,45,15.512873751099535,0.3412054568787482,slow,2
A000221,S003,Q0038,Statistics,2,2026-09-06 13:55:57,b,1,31.0,Math_Basics,b,11,Board_Exam,45,11.942040417766204,0.4370274966060255,normal,3
A000223,S003,Q0044,Statistics,3,2026-09-06 18:01:57,d,0,40.0,Math_Basics,c,11,Board_Exam,45,11.77120708443287,0.44223321503203455,normal,4
A000230,S003,Q0040,Statistics,3,2026-09-08 08:15:57,b,1,47.0,Math_Basics,b,11,Board_Exam,45,10.178151528877315,0.49386370357581605,slow,5
A000243,S003,Q0039,Statistics,3,2026-09-11 14:05:57,b,1,47.0,Math_Basics,b,11,Board_Exam,45,6.93509597332176,0.6183477842778413,slow,6
A000241,S003,Q0041,Statistics,4,2026-09-12 01:37:57,a,0,50.0,Math_Basics,b,11,Board_Exam,45,6.4545404177662045,0.6392915625557203,normal,7
A000287,S004,Q0054,AI_Basics,4,2026-09-03 18:14:57,c,0,51.0,Python;Math_Basics,b,10,General_Practice,60,14.762179306655092,0.3594298343493131,normal,1
A000291,S004,Q0056,AI_Basics,1,2026-09-03 20:27:57,b,1,27.0,Python;Math_Basics,b,10,General_Practice,60,14.66981819554398,0.36173827996509406,slow,2
A000289,S004,Q0053,AI_Basics,4,2026-09-04 01:03:57,d,0,59.0,Python;Math_Basics,b,10,General_Practice,60,14.478151528877314,0.3665761543182284,slow,3
A000294,S004,Q0053,AI_Basics,4,2026-09-04 04:16:57,b,1,49.0,Python;Math_Basics,b,10,General_Practice,60,14.344123751099536,0.369997550525268,normal,4
A000299,S004,Q0053,AI_Basics,4,2026-09-05 21:13:57,d,0,49.0,Python;Math_Basics,b,10,General_Practice,60,12.637873751099535,0.4164492573520692,normal,5
A000325,S004,Q0051,AI_Basics,3,2026-09-12 11:56:57,d,0,49.0,Python;Math_Basics,b,10,General_Practice,60,6.024679306655092,0.658626319183796,slow,6
A000324,S004,Q0053,AI_Basics,4,2026-09-12 12:37:57,c,0,51.0,Python;Math_Basics,b,10,General_Practice,60,5.9962070844328705,0.6599274307191514,normal,7
A000326,S004,Q0057,AI_Basics,1,2026-09-12 21:20:57,a,1,26.0,Python;Math_Basics,a,10,General_Practice,60,5.633012639988426,0.6767518052608306,normal,8
A000335,S004,Q0057,AI_Basics,1,2026-09-17 14:02:57,a,1,23.0,Python;Math_Basics,a,10,General_Practice,60,0.9371793066550925,0.937104647506168,normal,9
A000261,S004,Q0091,CNN,2,2026-08-28 17:14:57,d,0,38.0,Neural_Networks,b,10,General_Practice,60,20.80384597332176,0.2364513694682465,slow,1
A000272,S004,Q0089,CNN,1,2026-08-30 04:26:57,a,0,22.0,Neural_Networks,b,10,General_Practice,60,19.33717930665509,0.2617537424215857,normal,2
A000288,S004,Q0091,CNN,2,2026-09-03 06:57:57,d,0,36.0,Neural_Networks,b,10,General_Practice,60,15.23231819554398,0.34790569021575585,normal,3
A000297,S004,Q0086,CNN,2,2026-09-04 20:50:57,c,0,37.0,Neural_Networks,b,10,General_Practice,60,13.653845973321758,0.3881309547656284,slow,4
A000314,S004,Q0094,CNN,5,2026-09-09 21:11:57,d,0,74.0,Neural_Networks,a,10,General_Practice,60,8.639262639988427,0.5494551906713709,slow,5
A000331,S004,Q0088,CNN,2,2026-09-15 08:22:57,d,0,55.0,Neural_Networks,b,10,General_Practice,60,3.1732904177662036,0.8025543257606977,slow,6
A000332,S004,Q0096,CNN,3,2026-09-16 00:14:57,a,0,47.0,Neural_Networks,b,10,General_Practice,60,2.5121793066550926,0.8401868256832288,slow,7
A000256,S004,Q0034,Data_Structures,3,2026-08-29 02:01:57,b,1,40.0,Python,b,10,General_Practice,60,20.437873751099538,0.24252621854890022,normal,1
A000270,S004,Q0033,Data_Structures,2,2026-08-30 03:24:57,b,1,39.0,Python,b,10,General_Practice,60,19.380234862210646,0.26097373332298873,slow,2
A000273,S004,Q0028,Data_Structures,5,2026-08-30 09:08:57,c,0,53.0,Python,b,10,General_Practice,60,19.14134597332176,0.26533104682066694,normal,3
A000271,S004,Q0025,Data_Structures,4,2026-08-30 22:47:57,c,1,49.0,Python,c,10,General_Practice,60,18.572595973321757,0.2760000441065396,normal,4
A000276,S004,Q0034,Data_Structures,3,2026-08-31 10:58:57,b,1,37.0,Python,b,10,General_Practice,60,18.06495708443287,0.28588449682177763,normal,5
A000274,S004,Q0028,Data_Structures,5,2026-08-31 13:17:57,d,0,61.0,Python,b,10,General_Practice,60,17.968429306655093,0.28780370493915414,normal,6
A000275,S004,Q0035,Data_Structures,4,2026-08-31 17:17:57,a,0,49.0,Python,c,10,General_Practice,60,17.801762639988425,0.2911478229073668,normal,7
A000295,S004,Q0035,Data_Structures,4,2026-09-04 07:13:57,d,0,44.0,Python,c,10,General_Practice,60,14.22120708443287,0.37316337241739367,normal,8
A000293,S004,Q0026,Data_Structures,2,2026-09-04 14:17:57,a,1,25.0,Python,a,10,General_Practice,60,13.926762639988425,0.38085763853360705,fast,9
A000306,S004,Q0034,Data_Structures,3,2026-09-09 01:28:57,d,0,45.0,Python,b,10,General_Practice,60,9.460790417766205,0.5190411974789932,normal,10
A000327,S004,Q0025,Data_Structures,4,2026-09-12 05:27:57,b,0,52.0,Python,c,10,General_Practice,60,6.294818195543982,0.6464085476217938,normal,11
A000278,S004,Q0114,LSTM,2,2026-08-31 19:03:57,b,0,37.0,RNN,c,10,General_Practice,60,17.728151528877316,0.29263715246906796,slow,1
A000305,S004,Q0119,LSTM,4,2026-09-06 10:16:57,a,0,46.0,RNN,b,10,General_Practice,60,12.094123751099538,0.4324447190773231,normal,2
A000317,S004,Q0118,LSTM,4,2026-09-10 18:27:57,c,0,60.0,RNN,b,10,General_Practice,60,7.753151528877315,0.5842609800849823,slow,3
A000334,S004,Q0117,LSTM,5,2026-09-17 05:16:57,c,0,61.0,RNN,b,10,General_Practice,60,1.3024570844328702,0.9136758269152728,normal,4
A000267,S004,Q0062,ML,2,2026-08-29 16:43:57,b,0,38.0,AI_Basics;Statistics,a,10,General_Practice,60,19.825373751099537,0.25304443028146445,slow,1
A000268,S004,Q0062,ML,2,2026-08-30 22:32:57,a,1,46.0,AI_Basics;Statistics,a,10,General_Practice,60,18.583012639988425,0.27580083618581624,slow,2
A000284,S004,Q0069,ML,5,2026-09-03 03:03:57,c,0,63.0,AI_Basics;Statistics,a,10,General_Practice,60,15.39481819554398,0.3440089918858101,normal,3
A000300,S004,Q0065,ML,1,2026-09-05 06:59:57,b,1,24.0,AI_Basics;Statistics,b,10,General_Practice,60,13.230929306655092,0.3996771692905454,normal,4
A000304,S004,Q0069,ML,5,2026-09-06 18:02:57,d,0,77.0,AI_Basics;Statistics,a,10,General_Practice,60,11.770512639988427,0.4422545025378524,slow,5
A000315,S004,Q0071,ML,3,2026-09-09 18:02:57,a,0,39.0,AI_Basics;Statistics,b,10,General_Practice,60,8.770512639988427,0.5444791600761121,normal,6
A000313,S004,Q0069,ML,5,2026-09-09 20:37:57,c,0,63.0,AI_Basics;Statistics,a,10,General_Practice,60,8.662873751099538,0.5485566891179027,normal,7
A000319,S004,Q0063,ML,2,2026-09-10 08:54:57,c,0,44.0,AI_Basics;Statistics,b,10,General_Practice,60,8.151068195543981,0.5683664022607506,slow,8
A000321,S004,Q0064,ML,1,2026-09-11 19:27:57,c,0,19.0,AI_Basics;Statistics,a,10,General_Practice,60,6.711484862210648,0.6280065510492845,fast,9
A000330,S004,Q0069,ML,5,2026-09-15 13:58:57,c,0,68.0,AI_Basics;Statistics,a,10,General_Practice,60,2.9399570844328706,0.8156399196035125,slow,10
A000266,S004,Q0003,Math_Basics,1,2026-08-29 06:54:57,b,1,8.0,,b,10,General_Practice,60,20.234401528877314,0.24597095060210214,fast,1
A000285,S004,Q0005,Math_Basics,3,2026-09-02 17:08:57,a,1,47.0,,a,10,General_Practice,60,15.808012639988425,0.3342961710800004,slow,2
A000283,S004,Q0010,Math_Basics,2,2026-09-02 17:57:57,b,1,34.0,,b,10,General_Practice,60,15.773984862210646,0.3350855812572018,normal,3
A000298,S004,Q0004,Math_Basics,2,2026-09-04 03:24:57,d,0,36.0,,b,10,General_Practice,60,14.380234862210648,0.3690725930885099,normal,4
A000258,S004,Q0129,NLP,1,2026-08-28 13:09:57,c,0,23.0,LSTM,b,10,General_Practice,60,20.973984862210646,0.2336792460719132,normal,1
A000269,S004,Q0130,NLP,2,2026-08-30 14:04:57,d,0,44.0,LSTM,a,10,General_Practice,60,18.935790417766203,0.2691385506026121,slow,2
A000279,S004,Q0129,NLP,1,2026-09-01 20:43:57,a,0,25.0,LSTM,b,10,General_Practice,60,16.65870708443287,0.31515409013405343,normal,3
A000282,S004,Q0130,NLP,2,2026-09-02 21:56:57,d,0,43.0,LSTM,a,10,General_Practice,60,15.608012639988425,0.33896277172407585,slow,4
A000301,S004,Q0128,NLP,1,2026-09-05 22:11:57,d,0,40.0,LSTM,b,10,General_Practice,60,12.597595973321758,0.41761354271179735,slow,5
A000303,S004,Q0124,NLP,2,2026-09-06 22:52:57,b,0,50.0,LSTM,a,10,General_Practice,60,11.569123751099538,0.4484713177818026,slow,6
A000260,S004,Q0083,Neural_Networks,4,2026-08-28 07:09:57,d,0,63.0,ML,b,10,General_Practice,60,21.223984862210646,0.22966477649200068,slow,1
A000264,S004,Q0080,Neural_Networks,2,2026-08-29 22:28:57,b,0,39.0,ML,a,10,General_Practice,60,19.5857904177662,0.2572817372325335,slow,2
A000296,S004,Q0074,Neural_Networks,3,2026-09-04 09:26:57,c,0,53.0,ML,b,10,General_Practice,60,14.128845973321758,0.3755600219681647,slow,3
A000311,S004,Q0077,Neural_Networks,2,2026-09-08 09:12:57,c,0,40.0,ML,a,10,General_Practice,60,10.138568195543982,0.49522058175487454,slow,4
A000310,S004,Q0078,Neural_Networks,3,2026-09-08 09:51:57,a,0,63.0,ML,b,10,General_Practice,60,10.111484862210649,0.4961511194497716,slow,5
A000307,S004,Q0078,Neural_Networks,3,2026-09-08 18:49:57,b,1,46.0,ML,b,10,General_Practice,60,9.737873751099537,0.5091676356535896,slow,6
A000308,S004,Q0079,Neural_Networks,5,2026-09-09 01:05:57,a,0,77.0,ML,b,10,General_Practice,60,9.476762639988426,0.5184668797124531,slow,7
A000320,S004,Q0078,Neural_Networks,3,2026-09-11 09:34:57,d,0,54.0,ML,b,10,General_Practice,60,7.123290417766204,0.6103340389018425,slow,8
A000323,S004,Q0081,Neural_Networks,5,2026-09-11 09:35:57,d,0,73.0,ML,b,10,General_Practice,60,7.12259597332176,0.610363418172694,slow,9
A000262,S004,Q0019,Python,5,2026-08-28 12:27:57,d,0,58.0,,b,10,General_Practice,60,21.003151528877314,0.23320729880649807,normal,1
A000257,S004,Q0024,Python,1,2026-08-29 03:08:57,c,1,23.0,,c,10,General_Practice,60,20.39134597332176,0.2433096427222795,normal,2
A000265,S004,Q0017,Python,2,2026-08-29 04:18:57,b,1,32.0,,b,10,General_Practice,60,20.342734862210648,0.24413084889574316,normal,3
A000281,S004,Q0017,Python,2,2026-09-03 00:20:57,b,1,25.0,,b,10,General_Practice,60,15.508012639988426,0.3413204442501668,fast,4
A000309,S004,Q0020,Python,2,2026-09-08 23:40:57,b,0,18.0,,c,10,General_Practice,60,9.535790417766204,0.5163499094405856,fast,5
A000312,S004,Q0022,Python,4,2026-09-09 12:46:57,a,1,47.0,,a,10,General_Practice,60,8.98995708443287,0.5362599036084424,normal,6
A000318,S004,Q0017,Python,2,2026-09-10 15:21:57,b,1,25.0,,b,10,General_Practice,60,7.882318195543982,0.5790533503929832,fast,7
A000336,S004,Q0021,Python,5,2026-09-17 12:52:57,a,0,50.0,,b,10,General_Practice,60,0.9857904177662037,0.933952419407202,fast,8
A000259,S004,Q0103,RNN,3,2026-08-28 12:46:57,b,1,37.0,Neural_Networks,b,10,General_Practice,60,20.98995708443287,0.23342068057972737,normal,1
A000255,S004,Q0103,RNN,3,2026-08-28 15:38:57,b,1,32.0,Neural_Networks,b,10,General_Practice,60,20.870512639988426,0.23536125277851697,fast,2
A000277,S004,Q0102,RNN,2,2026-08-31 15:52:57,a,1,35.0,Neural_Networks,a,10,General_Practice,60,17.860790417766204,0.2899590270364412,normal,3
A000286,S004,Q0105,RNN,4,2026-09-03 08:34:57,a,0,51.0,Neural_Networks,b,10,General_Practice,60,15.164957084432869,0.3495339005820355,normal,4
A000292,S004,Q0097,RNN,2,2026-09-03 18:56:57,d,0,32.0,Neural_Networks,b,10,General_Practice,60,14.733012639988425,0.36015722122055543,normal,5
A000328,S004,Q0104,RNN,2,2026-09-13 01:57:57,b,1,33.0,Neural_Networks,b,10,General_Practice,60,5.440651528877314,0.6858356708863683,normal,6
A000329,S004,Q0105,RNN,4,2026-09-14 02:13:57,b,1,50.0,Neural_Networks,b,10,General_Practice,60,4.429540417766203,0.7356268065445756,normal,7
A000333,S004,Q0106,RNN,5,2026-09-16 15:04:57,a,0,61.0,Neural_Networks,b,10,General_Practice,60,1.8941237510995372,0.8769628447871756,normal,8
A000263,S004,Q0039,Statistics,3,2026-08-30 02:52:57,d,0,36.0,Math_Basics,b,10,General_Practice,60,19.402457084432868,0.2605720578527554,normal,1
A000280,S004,Q0042,Statistics,5,2026-09-03 01:06:57,d,0,57.0,Math_Basics,b,10,General_Practice,60,15.47606819554398,0.342077040184755,normal,2
A000290,S004,Q0038,Statistics,2,2026-09-03 06:05:57,b,1,34.0,Math_Basics,b,10,General_Practice,60,15.268429306655092,0.34703596025403405,normal,3
A000302,S004,Q0041,Statistics,4,2026-09-06 19:49:57,b,1,52.0,Math_Basics,b,10,General_Practice,60,11.69620708443287,0.44453819647977366,normal,4
A000316,S004,Q0045,Statistics,1,2026-09-10 22:10:57,b,1,24.0,Math_Basics,b,10,General_Practice,60,7.598290417766204,0.5905663082098322,normal,5
A000343,S005,Q0052,AI_Basics,3,2026-08-28 10:10:57,a,0,46.0,Python;Math_Basics,b,9,Coding_Interview,45,21.098290417766204,0.23167446708751288,slow,1
A000339,S005,Q0057,AI_Basics,1,2026-08-29 01:18:57,d,0,27.0,Python;Math_Basics,a,9,Coding_Interview,45,20.467734862210648,0.24202475341465357,slow,2
A000358,S005,Q0055,AI_Basics,3,2026-09-01 06:29:57,a,1,45.0,Python;Math_Basics,a,9,Coding_Interview,45,17.251762639988424,0.3024615662326143,normal,3
A000372,S005,Q0050,AI_Basics,3,2026-09-04 22:23:57,b,1,52.0,Python;Math_Basics,b,9,Coding_Interview,45,13.589262639988425,0.38987234713363855,slow,4
A000376,S005,Q0049,AI_Basics,4,2026-09-05 13:50:57,c,0,64.0,Python;Math_Basics,a,9,Coding_Interview,45,12.945512639988426,0.4076629460045425,slow,5
A000378,S005,Q0058,AI_Basics,5,2026-09-05 19:16:57,c,0,81.0,Python;Math_Basics,b,9,Coding_Interview,45,12.719123751099536,0.41411048170921766,slow,6
A000388,S005,Q0052,AI_Basics,3,2026-09-08 01:37:57,a,0,43.0,Python;Math_Basics,b,9,Coding_Interview,45,10.454540417766204,0.4844924060980119,normal,7
A000391,S005,Q0059,AI_Basics,4,2026-09-08 06:51:57,c,0,58.0,Python;Math_Basics,a,9,Coding_Interview,45,10.236484862210649,0.49187086713697614,slow,8
A000390,S005,Q0058,AI_Basics,5,2026-09-08 09:21:57,a,0,70.0,Python;Math_Basics,b,9,Coding_Interview,45,10.132318195543982,0.4954351662010813,slow,9
A000402,S005,Q0057,AI_Basics,1,2026-09-13 12:10:57,a,1,22.0,Python;Math_Basics,a,9,Coding_Interview,45,5.01495708443287,0.7063740708785567,normal,10
A000409,S005,Q0052,AI_Basics,3,2026-09-15 04:10:57,b,1,43.0,Python;Math_Basics,b,9,Coding_Interview,45,3.3482904177662034,0.792878086470975,normal,11
A000338,S005,Q0091,CNN,2,2026-08-28 20:10:57,d,0,50.0,Neural_Networks,b,9,Coding_Interview,45,20.681623751099536,0.23846304714636607,slow,1
A000353,S005,Q0090,CNN,1,2026-08-30 17:38:57,c,0,32.0,Neural_Networks,a,9,Coding_Interview,45,18.78717930665509,0.2719252581368964,slow,2
A000355,S005,Q0085,CNN,5,2026-08-31 20:12:57,d,0,63.0,Neural_Networks,b,9,Coding_Interview,45,17.680234862210646,0.2936107129559431,normal,3
A000374,S005,Q0096,CNN,3,2026-09-04 13:41:57,d,0,55.0,Neural_Networks,b,9,Coding_Interview,45,13.951762639988425,0.3801982340332159,slow,4
A000373,S005,Q0094,CNN,5,2026-09-04 15:15:57,d,0,69.0,Neural_Networks,a,9,Coding_Interview,45,13.886484862210647,0.3819224188516338,slow,5
A000393,S005,Q0093,CNN,4,2026-09-09 05:33:57,a,0,53.0,Neural_Networks,b,9,Coding_Interview,45,9.290651528877316,0.5251985532193042,normal,6
A000397,S005,Q0089,CNN,1,2026-09-11 04:26:57,b,1,43.0,Neural_Networks,b,9,Coding_Interview,45,7.337179306655093,0.6013521866679863,slow,7
A000351,S005,Q0033,Data_Structures,2,2026-08-29 04:15:57,b,1,48.0,Python,b,9,Coding_Interview,45,20.34481819554398,0.24409559756405044,slow,1
A000345,S005,Q0034,Data_Structures,3,2026-08-29 19:47:57,c,0,47.0,Python,b,9,Coding_Interview,45,19.697595973321757,0.25529556891456023,slow,2
A000365,S005,Q0033,Data_Structures,2,2026-09-02 15:37:57,b,1,43.0,Python,b,9,Coding_Interview,45,15.87120708443287,0.33283505426205456,slow,3
A000362,S005,Q0036,Data_Structures,4,2026-09-03 00:29:57,b,1,63.0,Python,b,9,Coding_Interview,45,15.501762639988424,0.3414683420985336,slow,4
A000381,S005,Q0025,Data_Structures,4,2026-09-06 04:39:57,c,1,53.0,Python,c,9,Coding_Interview,45,12.328151528877314,0.42548637723689836,normal,5
A000385,S005,Q0035,Data_Structures,4,2026-09-07 17:56:57,d,0,59.0,Python,c,9,Coding_Interview,45,10.774679306655093,0.4738597636762442,slow,6
A000407,S005,Q0034,Data_Structures,3,2026-09-14 16:07:57,c,0,35.0,Python,b,9,Coding_Interview,45,3.850373751099537,0.7657591601872278,normal,7
A000408,S005,Q0031,Data_Structures,3,2026-09-14 19:14:57,c,1,38.0,Python,c,9,Coding_Interview,45,3.7205126399884256,0.7726830930283776,normal,8
A000340,S005,Q0117,LSTM,5,2026-08-28 23:40:57,a,0,76.0,RNN,b,9,Coding_Interview,45,20.535790417766204,0.24088575034255458,slow,1
A000366,S005,Q0116,LSTM,1,2026-09-02 20:34:57,b,1,31.0,RNN,b,9,Coding_Interview,45,15.664957084432869,0.33762749276299325,slow,2
A000375,S005,Q0109,LSTM,4,2026-09-05 23:08:57,b,0,51.0,RNN,a,9,Coding_Interview,45,12.558012639988425,0.41876092548012417,normal,3
A000382,S005,Q0116,LSTM,1,2026-09-07 06:45:57,b,1,24.0,RNN,b,9,Coding_Interview,45,11.240651528877315,0.4587992210670457,normal,4
A000387,S005,Q0117,LSTM,5,2026-09-07 06:48:57,c,0,63.0,RNN,b,9,Coding_Interview,45,11.238568195543982,0.4588654790564712,normal,5
A000394,S005,Q0118,LSTM,4,2026-09-09 12:39:57,a,0,55.0,RNN,b,9,Coding_Interview,45,8.994818195543981,0.536079243124279,slow,6
A000396,S005,Q0116,LSTM,1,2026-09-10 09:14:57,b,1,26.0,RNN,b,9,Coding_Interview,45,8.137179306655094,0.5689138345724063,normal,7
A000359,S005,Q0070,ML,5,2026-09-02 01:54:57,c,0,48.0,AI_Basics;Statistics,b,9,Coding_Interview,45,16.442734862210646,0.3199074540713247,fast,1
A000368,S005,Q0071,ML,3,2026-09-03 10:56:57,d,0,36.0,AI_Basics;Statistics,b,9,Coding_Interview,45,15.066345973321758,0.3519312189192437,normal,2
A000370,S005,Q0064,ML,1,2026-09-03 18:38:57,c,0,32.0,AI_Basics;Statistics,a,9,Coding_Interview,45,14.745512639988425,0.3598453039148851,slow,3
A000400,S005,Q0070,ML,5,2026-09-11 09:11:57,c,0,58.0,AI_Basics;Statistics,b,9,Coding_Interview,45,7.139262639988426,0.6096587058381702,normal,4
A000403,S005,Q0065,ML,1,2026-09-13 23:20:57,b,1,42.0,AI_Basics;Statistics,b,9,Coding_Interview,45,4.549679306655093,0.7295263884132632,slow,5
A000342,S005,Q0012,Math_Basics,4,2026-08-28 06:22:57,d,0,45.0,,a,9,Coding_Interview,45,21.256623751099536,0.22914578044718922,normal,1
A000337,S005,Q0007,Math_Basics,5,2026-08-29 01:21:57,d,0,60.0,,c,9,Coding_Interview,45,20.465651528877313,0.2420597056831321,normal,2
A000349,S005,Q0009,Math_Basics,2,2026-08-29 05:21:57,a,1,26.0,,a,9,Coding_Interview,45,20.29898486221065,0.2448723039828181,fast,3
A000346,S005,Q0007,Math_Basics,5,2026-08-29 05:59:57,a,0,53.0,,c,9,Coding_Interview,45,20.27259597332176,0.2453206192057482,normal,4
A000348,S005,Q0001,Math_Basics,5,2026-08-29 07:53:57,b,0,56.0,,c,9,Coding_Interview,45,20.19342930665509,0.24667049557418588,normal,5
A000344,S005,Q0004,Math_Basics,2,2026-08-30 01:03:57,b,1,38.0,,b,9,Coding_Interview,45,19.478151528877316,0.2592084845397056,slow,6
A000352,S005,Q0004,Math_Basics,2,2026-08-30 14:13:57,b,1,40.0,,b,9,Coding_Interview,45,18.9295404177662,0.2692551712540182,slow,7
A000356,S005,Q0011,Math_Basics,1,2026-09-01 02:22:57,c,1,21.0,,c,9,Coding_Interview,45,17.423290417766204,0.29888677300433675,normal,8
A000367,S005,Q0004,Math_Basics,2,2026-09-03 06:55:57,b,1,33.0,,b,9,Coding_Interview,45,15.23370708443287,0.34787219879341624,normal,9
A000369,S005,Q0001,Math_Basics,5,2026-09-03 19:37:57,c,1,55.0,,c,9,Coding_Interview,45,14.704540417766204,0.3608687092091502,normal,10
A000371,S005,Q0012,Math_Basics,4,2026-09-05 01:32:57,d,0,48.0,,a,9,Coding_Interview,45,13.458012639988425,0.39343541597049014,normal,11
A000395,S005,Q0125,NLP,1,2026-09-10 18:51:57,a,1,12.0,LSTM,a,9,Coding_Interview,45,7.736484862210649,0.5849363348618501,fast,1
A000399,S005,Q0131,NLP,1,2026-09-11 18:32:57,a,1,24.0,LSTM,a,9,Coding_Interview,45,6.749679306655093,0.6263461420608917,normal,2
A000379,S005,Q0083,Neural_Networks,4,2026-09-06 21:31:57,a,0,51.0,ML,b,9,Coding_Interview,45,11.625373751099538,0.4467261536082208,normal,1
A000392,S005,Q0073,Neural_Networks,5,2026-09-08 06:59:57,c,0,61.0,ML,a,9,Coding_Interview,45,10.230929306655094,0.49206031411356527,normal,2
A000404,S005,Q0074,Neural_Networks,3,2026-09-13 15:33:57,c,0,51.0,ML,b,9,Coding_Interview,45,4.873984862210648,0.713310202520436,slow,3
A000354,S005,Q0013,Python,2,2026-08-31 08:00:57,b,1,39.0,,b,9,Coding_Interview,45,18.18856819554398,0.28344548238027056,slow,1
A000364,S005,Q0020,Python,2,2026-09-02 17:07:57,c,1,33.0,,c,9,Coding_Interview,45,15.80870708443287,0.3342800800472446,normal,2
A000377,S005,Q0015,Python,2,2026-09-05 15:57:57,b,1,29.0,,b,9,Coding_Interview,45,12.85731819554398,0.41016269304817776,normal,3
A000406,S005,Q0018,Python,1,2026-09-14 04:30:57,b,1,26.0,,b,9,Coding_Interview,45,4.334401528877315,0.740493946702845,normal,4
A000410,S005,Q0020,Python,2,2026-09-15 08:00:57,c,1,43.0,,c,9,Coding_Interview,45,3.188568195543981,0.8017048907511255,slow,5
A000412,S005,Q0021,Python,5,2026-09-16 06:07:57,c,0,57.0,,b,9,Coding_Interview,45,2.267040417766204,0.8545850347118656,normal,6
A000350,S005,Q0104,RNN,2,2026-08-29 17:59:57,b,1,42.0,Neural_Networks,b,9,Coding_Interview,45,19.77259597332176,0.2539718321587585,slow,1
A000357,S005,Q0103,RNN,3,2026-08-31 09:40:57,b,1,67.0,Neural_Networks,b,9,Coding_Interview,45,18.119123751099536,0.28481314246051115,slow,2
A000360,S005,Q0104,RNN,2,2026-09-01 05:53:57,a,0,38.0,Neural_Networks,b,9,Coding_Interview,45,17.276762639988426,0.30193789413629746,slow,3
A000380,S005,Q0099,RNN,2,2026-09-06 08:37:57,a,1,39.0,Neural_Networks,a,9,Coding_Interview,45,12.162873751099536,0.4303888550767981,slow,4
A000389,S005,Q0105,RNN,4,2026-09-08 22:44:57,c,0,68.0,Neural_Networks,b,9,Coding_Interview,45,9.574679306655094,0.5149599251353336,slow,5
A000398,S005,Q0099,RNN,2,2026-09-11 05:16:57,d,0,52.0,Neural_Networks,a,9,Coding_Interview,45,7.302457084432871,0.6028012407483341,slow,6
A000405,S005,Q0103,RNN,3,2026-09-14 20:43:57,b,1,55.0,Neural_Networks,b,9,Coding_Interview,45,3.65870708443287,0.7760003948226801,slow,7
A000413,S005,Q0105,RNN,4,2026-09-16 14:41:57,a,0,64.0,Neural_Networks,b,9,Coding_Interview,45,1.9100959733217593,0.8759924876270827,slow,8
A000341,S005,Q0037,Statistics,4,2026-08-28 12:41:57,d,0,56.0,Math_Basics,c,9,Coding_Interview,45,20.99342930665509,0.2333645085595508,slow,1
A000347,S005,Q0040,Statistics,3,2026-08-30 00:05:57,b,1,47.0,Math_Basics,b,9,Coding_Interview,45,19.51842930665509,0.25848582444179025,slow,2
A000361,S005,Q0037,Statistics,4,2026-09-01 14:48:57,a,0,55.0,Math_Basics,c,9,Coding_Interview,45,16.905234862210648,0.3098144874711733,slow,3
A000363,S005,Q0046,Statistics,3,2026-09-02 09:07:57,d,0,46.0,Math_Basics,c,9,Coding_Interview,45,16.142040417766204,0.3266451124671627,slow,4
A000383,S005,Q0039,Statistics,3,2026-09-07 05:39:57,d,0,42.0,Math_Basics,b,9,Coding_Interview,45,11.28648486221065,0.4573439633913822,normal,5
A000386,S005,Q0048,Statistics,4,2026-09-07 09:22:57,a,0,57.0,Math_Basics,b,9,Coding_Interview,45,11.131623751099538,0.4622796066285579,slow,6
A000384,S005,Q0043,Statistics,4,2026-09-07 13:11:57,a,0,57.0,Math_Basics,c,9,Coding_Interview,45,10.97259597332176,0.46740348711812624,slow,7
A000401,S005,Q0048,Statistics,4,2026-09-12 04:29:57,b,1,52.0,Math_Basics,b,9,Coding_Interview,45,6.33509597332176,0.6446063934016214,normal,8
A000416,S006,Q0057,AI_Basics,1,2026-08-28 03:59:57,a,1,23.0,Python;Math_Basics,a,12,Coding_Interview,45,21.355929306655092,0.2275739089798997,normal,1
A000425,S006,Q0051,AI_Basics,3,2026-08-29 11:34:57,b,1,29.0,Python;Math_Basics,b,12,Coding_Interview,45,20.03995708443287,0.24930855445019376,fast,2
A000433,S006,Q0050,AI_Basics,3,2026-08-31 02:54:57,b,1,27.0,Python;Math_Basics,b,12,Coding_Interview,45,18.40106819554398,0.27930110383146095,fast,3
A000435,S006,Q0059,AI_Basics,4,2026-09-01 02:08:57,a,1,54.0,Python;Math_Basics,a,12,Coding_Interview,45,17.433012639988426,0.2986854231244224,slow,4
A000444,S006,Q0060,AI_Basics,1,2026-09-01 20:40:57,b,1,21.0,Python;Math_Basics,b,12,Coding_Interview,45,16.660790417766204,0.3151085833846365,normal,5
A000463,S006,Q0056,AI_Basics,1,2026-09-04 14:45:57,b,1,16.0,Python;Math_Basics,b,12,Coding_Interview,45,13.907318195543981,0.38137129927172086,fast,6
A000494,S006,Q0053,AI_Basics,4,2026-09-10 00:29:57,b,1,39.0,Python;Math_Basics,b,12,Coding_Interview,45,8.501762639988426,0.5547169582986494,fast,7
A000496,S006,Q0055,AI_Basics,3,2026-09-10 03:58:57,a,1,39.0,Python;Math_Basics,a,12,Coding_Interview,45,8.356623751099537,0.5603257212758342,normal,8
A000518,S006,Q0051,AI_Basics,3,2026-09-17 20:32:57,b,1,38.0,Python;Math_Basics,b,12,Coding_Interview,45,0.6663459733217593,0.9548628290995599,normal,9
A000519,S006,Q0057,AI_Basics,1,2026-09-17 21:07:57,a,1,25.0,Python;Math_Basics,a,12,Coding_Interview,45,0.6420404177662037,0.956472873627446,normal,10
A000460,S006,Q0091,CNN,2,2026-09-04 09:50:57,b,1,17.0,Neural_Networks,b,12,Coding_Interview,45,14.112179306655092,0.3759941366249399,fast,1
A000475,S006,Q0089,CNN,1,2026-09-05 16:37:57,b,1,21.0,Neural_Networks,b,12,Coding_Interview,45,12.829540417766204,0.4109531846866977,normal,2
A000478,S006,Q0085,CNN,5,2026-09-06 08:37:57,b,1,31.0,Neural_Networks,b,12,Coding_Interview,45,12.162873751099536,0.4303888550767981,fast,3
A000492,S006,Q0094,CNN,5,2026-09-09 14:03:57,a,1,42.0,Neural_Networks,a,12,Coding_Interview,45,8.936484862210648,0.5382511917416511,fast,4
A000497,S006,Q0093,CNN,4,2026-09-10 23:15:57,b,1,34.0,Neural_Networks,b,12,Coding_Interview,45,7.553151528877315,0.5924169594285812,fast,5
A000502,S006,Q0089,CNN,1,2026-09-11 10:33:57,b,1,14.0,Neural_Networks,b,12,Coding_Interview,45,7.082318195543982,0.6120698378128936,fast,6
A000503,S006,Q0090,CNN,1,2026-09-11 22:06:57,a,1,16.0,Neural_Networks,a,12,Coding_Interview,45,6.601068195543982,0.6328314393519815,fast,7
A000420,S006,Q0028,Data_Structures,5,2026-08-28 17:49:57,b,1,32.0,Python,b,12,Coding_Interview,45,20.779540417766203,0.23685006258093425,fast,1
A000419,S006,Q0026,Data_Structures,2,2026-08-28 21:28:57,a,1,20.0,Python,a,12,Coding_Interview,45,20.62745708443287,0.2393600507865565,fast,2
A000427,S006,Q0034,Data_Structures,3,2026-08-29 20:38:57,b,1,35.0,Python,b,12,Coding_Interview,45,19.66217930665509,0.25592306295428124,normal,3
A000426,S006,Q0028,Data_Structures,5,2026-08-30 00:48:57,d,0,39.0,Python,b,12,Coding_Interview,45,19.48856819554398,0.25902139622453463,fast,4
A000437,S006,Q0034,Data_Structures,3,2026-08-31 14:23:57,b,1,26.0,Python,b,12,Coding_Interview,45,17.92259597332176,0.2887194895219249,fast,5
A000442,S006,Q0034,Data_Structures,3,2026-09-01 22:49:57,b,1,22.0,Python,b,12,Coding_Interview,45,16.57120708443287,0.3170713197710489,fast,6
A000458,S006,Q0027,Data_Structures,2,2026-09-03 09:16:57,b,1,27.0,Python,b,12,Coding_Interview,45,15.135790417766202,0.350241260812156,fast,7
A000476,S006,Q0033,Data_Structures,2,2026-09-06 10:53:57,b,1,20.0,Python,b,12,Coding_Interview,45,12.068429306655093,0.4332155907525163,fast,8
A000488,S006,Q0034,Data_Structures,3,2026-09-08 12:57:57,b,1,28.0,Python,b,12,Coding_Interview,45,9.982318195543982,0.5006131803282928,fast,9
A000495,S006,Q0036,Data_Structures,4,2026-09-09 03:50:57,b,1,22.0,Python,b,12,Coding_Interview,45,9.362179306655094,0.5226011010488929,fast,10
A000491,S006,Q0036,Data_Structures,4,2026-09-10 03:04:57,b,1,23.0,Python,b,12,Coding_Interview,45,8.394123751099537,0.5588711567938136,fast,11
A000507,S006,Q0033,Data_Structures,2,2026-09-13 14:10:57,b,1,13.0,Python,b,12,Coding_Interview,45,4.931623751099536,0.710466054243016,fast,12
A000441,S006,Q0110,LSTM,2,2026-08-31 14:29:57,a,1,26.0,RNN,a,12,Coding_Interview,45,17.918429306655092,0.28880288702280604,fast,1
A000438,S006,Q0118,LSTM,4,2026-08-31 14:52:57,b,1,37.0,RNN,b,12,Coding_Interview,45,17.902457084432868,0.2891228006673137,fast,2
A000445,S006,Q0112,LSTM,3,2026-09-01 19:32:57,a,1,25.0,RNN,a,12,Coding_Interview,45,16.708012639988425,0.3140788577047996,fast,3
A000448,S006,Q0113,LSTM,5,2026-09-02 05:09:57,c,0,49.0,RNN,b,12,Coding_Interview,45,16.30731819554398,0.3229243599279361,fast,4
A000456,S006,Q0117,LSTM,5,2026-09-03 13:01:57,b,1,50.0,RNN,b,12,Coding_Interview,45,14.979540417766202,0.3540551380882478,fast,5
A000455,S006,Q0111,LSTM,1,2026-09-03 21:29:57,a,1,20.0,RNN,a,12,Coding_Interview,45,14.626762639988424,0.362819458312397,fast,6
A000489,S006,Q0112,LSTM,3,2026-09-08 22:15:57,a,1,32.0,RNN,a,12,Coding_Interview,45,9.594818195543981,0.5142415830441658,fast,7
A000490,S006,Q0119,LSTM,4,2026-09-09 20:50:57,b,1,40.0,RNN,b,12,Coding_Interview,45,8.65384597332176,0.5489000602063699,fast,8
A000493,S006,Q0118,LSTM,4,2026-09-09 21:59:57,b,1,47.0,RNN,b,12,Coding_Interview,45,8.605929306655094,0.5507261694524157,normal,9
A000501,S006,Q0118,LSTM,4,2026-09-11 14:50:57,c,0,39.0,RNN,b,12,Coding_Interview,45,6.90384597332176,0.619688629768934,fast,10
A000500,S006,Q0115,LSTM,4,2026-09-11 17:48:57,a,1,47.0,RNN,a,12,Coding_Interview,45,6.780234862210649,0.6250209762383564,normal,11
A000508,S006,Q0120,LSTM,5,2026-09-13 04:42:57,c,0,50.0,RNN,b,12,Coding_Interview,45,5.326068195543981,0.691304480129193,fast,12
A000509,S006,Q0117,LSTM,5,2026-09-14 15:28:57,b,1,44.0,RNN,b,12,Coding_Interview,45,3.87745708443287,0.7643229692046152,fast,13
A000417,S006,Q0061,ML,3,2026-08-28 10:10:57,b,1,35.0,AI_Basics;Statistics,b,12,Coding_Interview,45,21.098290417766204,0.23167446708751288,normal,1
A000423,S006,Q0068,ML,2,2026-08-29 19:48:57,b,1,11.0,AI_Basics;Statistics,b,12,Coding_Interview,45,19.696901528877316,0.2553078579189222,fast,2
A000461,S006,Q0061,ML,3,2026-09-04 14:32:57,b,1,27.0,AI_Basics;Statistics,b,12,Coding_Interview,45,13.916345973321759,0.3811327278310621,fast,3
A000485,S006,Q0071,ML,3,2026-09-07 14:58:57,b,1,24.0,AI_Basics;Statistics,b,12,Coding_Interview,45,10.898290417766205,0.46981704425737353,fast,4
A000428,S006,Q0003,Math_Basics,1,2026-08-29 11:13:57,b,1,19.0,,b,12,Coding_Interview,45,20.0545404177662,0.249056670809616,fast,1
A000434,S006,Q0009,Math_Basics,2,2026-08-30 19:12:57,a,1,35.0,,a,12,Coding_Interview,45,18.721901528877314,0.2731584290457939,normal,2
A000439,S006,Q0010,Math_Basics,2,2026-08-31 10:58:57,b,1,19.0,,b,12,Coding_Interview,45,18.06495708443287,0.28588449682177763,fast,3
A000499,S006,Q0007,Math_Basics,5,2026-09-10 19:24:57,c,1,45.0,,c,12,Coding_Interview,45,7.713568195543982,0.5858662225213318,fast,4
A000516,S006,Q0009,Math_Basics,2,2026-09-16 23:43:57,a,1,22.0,,a,12,Coding_Interview,45,1.5337070844328704,0.8991472416215198,fast,5
A000514,S006,Q0004,Math_Basics,2,2026-09-16 23:54:57,b,1,26.0,,b,12,Coding_Interview,45,1.5260681955439817,0.8996234548466453,fast,6
A000520,S006,Q0010,Math_Basics,2,2026-09-17 16:07:57,b,1,26.0,,b,12,Coding_Interview,45,0.8503737510995371,0.9427601120322003,fast,7
A000432,S006,Q0131,NLP,1,2026-08-31 02:59:57,a,1,26.0,LSTM,a,12,Coding_Interview,45,18.39759597332176,0.27936833302298025,normal,1
A000436,S006,Q0130,NLP,2,2026-09-01 02:31:57,a,1,32.0,LSTM,a,12,Coding_Interview,45,17.417040417766202,0.29901628388297674,normal,2
A000451,S006,Q0124,NLP,2,2026-09-02 10:56:57,a,1,32.0,LSTM,a,12,Coding_Interview,45,16.06634597332176,0.32836343800341705,normal,3
A000459,S006,Q0129,NLP,1,2026-09-03 20:10:57,b,1,31.0,LSTM,b,12,Coding_Interview,45,14.681623751099536,0.3614423910602972,slow,4
A000466,S006,Q0131,NLP,1,2026-09-04 12:44:57,a,1,12.0,LSTM,a,12,Coding_Interview,45,13.991345973321758,0.37915651099810266,fast,5
A000473,S006,Q0121,NLP,3,2026-09-05 09:33:57,a,1,36.0,LSTM,a,12,Coding_Interview,45,13.123984862210648,0.40265091411531245,normal,6
A000472,S006,Q0128,NLP,1,2026-09-06 01:27:57,b,1,13.0,LSTM,b,12,Coding_Interview,45,12.461484862210646,0.42157216350231963,fast,7
A000480,S006,Q0126,NLP,2,2026-09-06 21:39:57,b,1,32.0,LSTM,b,12,Coding_Interview,45,11.619818195543981,0.4468982128311161,normal,8
A000484,S006,Q0131,NLP,1,2026-09-07 09:41:57,a,1,26.0,LSTM,a,12,Coding_Interview,45,11.118429306655093,0.4627025867097774,normal,9
A000506,S006,Q0132,NLP,3,2026-09-12 16:01:57,a,1,34.0,LSTM,a,12,Coding_Interview,45,5.854540417766204,0.6664395651589583,fast,10
A000513,S006,Q0125,NLP,1,2026-09-16 07:27:57,a,1,23.0,LSTM,a,12,Coding_Interview,45,2.211484862210648,0.8578822302388069,normal,11
A000418,S006,Q0081,Neural_Networks,5,2026-08-28 17:37:57,b,1,45.0,ML,b,12,Coding_Interview,45,20.787873751099536,0.23671329212468262,fast,1
A000429,S006,Q0084,Neural_Networks,1,2026-08-30 05:08:57,b,1,16.0,ML,b,12,Coding_Interview,45,19.308012639988426,0.26228345981713996,fast,2
A000450,S006,Q0079,Neural_Networks,5,2026-09-02 05:52:57,b,1,47.0,ML,b,12,Coding_Interview,45,16.277457084432868,0.3235934456525081,fast,3
A000467,S006,Q0078,Neural_Networks,3,2026-09-04 19:28:57,b,1,34.0,ML,b,12,Coding_Interview,45,13.710790417766203,0.38660198715833816,fast,4
A000469,S006,Q0082,Neural_Networks,2,2026-09-06 02:51:57,b,1,12.0,ML,b,12,Coding_Interview,45,12.403151528877315,0.42328018165333975,fast,5
A000483,S006,Q0079,Neural_Networks,5,2026-09-07 05:11:57,b,1,45.0,ML,b,12,Coding_Interview,45,11.305929306655093,0.45672797671840465,fast,6
A000487,S006,Q0082,Neural_Networks,2,2026-09-08 13:37:57,b,1,22.0,ML,b,12,Coding_Interview,45,9.954540417766204,0.501577993900784,fast,7
A000504,S006,Q0075,Neural_Networks,5,2026-09-12 09:30:57,d,0,39.0,ML,b,12,Coding_Interview,45,6.126068195543982,0.6540138896418858,fast,8
A000414,S006,Q0024,Python,1,2026-08-28 18:39:57,c,1,18.0,,c,12,Coding_Interview,45,20.74481819554398,0.2374207906122319,fast,1
A000415,S006,Q0021,Python,5,2026-08-28 22:32:57,d,0,46.0,,b,12,Coding_Interview,45,20.583012639988425,0.2400985732991044,fast,2
A000421,S006,Q0022,Python,4,2026-08-29 07:38:57,b,0,41.0,,a,12,Coding_Interview,45,20.20384597332176,0.24649245677464077,fast,3
A000431,S006,Q0019,Python,5,2026-08-30 04:30:57,b,1,41.0,,b,12,Coding_Interview,45,19.334401528877315,0.2618041455705858,fast,4
A000457,S006,Q0021,Python,5,2026-09-04 01:07:57,b,1,43.0,,b,12,Coding_Interview,45,14.475373751099536,0.366646742010137,fast,5
A000462,S006,Q0019,Python,5,2026-09-04 21:23:57,b,1,35.0,,b,12,Coding_Interview,45,13.630929306655093,0.38874797607818656,fast,6
A000468,S006,Q0015,Python,2,2026-09-04 23:57:57,b,1,28.0,,b,12,Coding_Interview,45,13.523984862210646,0.39164040369433795,fast,7
A000474,S006,Q0013,Python,2,2026-09-05 07:31:57,b,1,34.0,,b,12,Coding_Interview,45,13.20870708443287,0.4002932772348862,normal,8
A000477,S006,Q0013,Python,2,2026-09-06 21:11:57,b,1,27.0,,b,12,Coding_Interview,45,11.639262639988427,0.4462962953131933,fast,9
A000424,S006,Q0103,RNN,3,2026-08-29 08:33:57,b,1,39.0,Neural_Networks,b,12,Coding_Interview,45,20.165651528877316,0.24714589464759215,normal,1
A000422,S006,Q0102,RNN,2,2026-08-29 13:56:57,a,1,29.0,Neural_Networks,a,12,Coding_Interview,45,19.94134597332176,0.25101846575839903,normal,2
A000440,S006,Q0107,RNN,1,2026-08-31 06:35:57,a,1,9.0,Neural_Networks,a,12,Coding_Interview,45,18.247595973321758,0.2822881362056664,fast,3
A000443,S006,Q0100,RNN,3,2026-09-01 12:55:57,b,1,27.0,Neural_Networks,b,12,Coding_Interview,45,16.98370708443287,0.30813389448992756,fast,4
A000449,S006,Q0107,RNN,1,2026-09-02 09:48:57,a,1,11.0,Neural_Networks,a,12,Coding_Interview,45,16.11356819554398,0.32729039752702066,fast,5
A000452,S006,Q0108,RNN,5,2026-09-02 11:47:57,a,0,47.0,Neural_Networks,b,12,Coding_Interview,45,16.030929306655093,0.3291705264346243,fast,6
A000453,S006,Q0100,RNN,3,2026-09-02 14:56:57,b,1,37.0,Neural_Networks,b,12,Coding_Interview,45,15.899679306655091,0.33217883736863174,normal,7
A000471,S006,Q0099,RNN,2,2026-09-05 04:46:57,a,1,28.0,Neural_Networks,a,12,Coding_Interview,45,13.323290417766202,0.3971266153119465,fast,8
A000470,S006,Q0097,RNN,2,2026-09-05 21:16:57,b,1,16.0,Neural_Networks,b,12,Coding_Interview,45,12.635790417766202,0.4165093993253396,fast,9
A000482,S006,Q0100,RNN,3,2026-09-06 08:06:57,b,1,29.0,Neural_Networks,b,12,Coding_Interview,45,12.184401528877315,0.42974711125772097,fast,10
A000481,S006,Q0108,RNN,5,2026-09-06 18:04:57,b,1,39.0,Neural_Networks,b,12,Coding_Interview,45,11.769123751099537,0.4422970806236479,fast,11
A000498,S006,Q0098,RNN,4,2026-09-10 17:57:57,b,0,37.0,Neural_Networks,a,12,Coding_Interview,45,7.773984862210648,0.5834178830317324,fast,12
A000505,S006,Q0101,RNN,1,2026-09-12 22:47:57,b,1,12.0,Neural_Networks,b,12,Coding_Interview,45,5.572595973321759,0.6795918247694334,fast,13
A000511,S006,Q0103,RNN,3,2026-09-14 21:43:57,b,1,25.0,Neural_Networks,b,12,Coding_Interview,45,3.6170404177662037,0.7782448113512498,fast,14
A000517,S006,Q0106,RNN,5,2026-09-16 04:16:57,b,1,48.0,Neural_Networks,b,12,Coding_Interview,45,2.344123751099537,0.8500311552826153,fast,15
A000515,S006,Q0105,RNN,4,2026-09-16 05:41:57,b,1,31.0,Neural_Networks,b,12,Coding_Interview,45,2.2850959733217593,0.8535161770730597,fast,16
A000430,S006,Q0037,Statistics,4,2026-08-30 03:34:57,b,0,42.0,Math_Basics,c,12,Coding_Interview,45,19.373290417766203,0.26109938384459414,fast,1
A000446,S006,Q0040,Statistics,3,2026-09-01 07:01:57,b,1,30.0,Math_Basics,b,12,Coding_Interview,45,17.229540417766202,0.3029278149656716,fast,2
A000454,S006,Q0044,Statistics,3,2026-09-02 07:23:57,c,1,33.0,Math_Basics,c,12,Coding_Interview,45,16.214262639988426,0.3250139926158326,fast,3
A000447,S006,Q0038,Statistics,2,2026-09-02 09:11:57,b,1,16.0,Math_Basics,b,12,Coding_Interview,45,16.139262639988424,0.3267080110607856,fast,4
A000464,S006,Q0047,Statistics,5,2026-09-04 08:36:57,b,1,38.0,Math_Basics,b,12,Coding_Interview,45,14.16356819554398,0.3746572255811285,fast,5
A000465,S006,Q0038,Statistics,2,2026-09-04 13:19:57,a,0,33.0,Math_Basics,b,12,Coding_Interview,45,13.967040417766203,0.3797958267690606,normal,6
A000486,S006,Q0047,Statistics,5,2026-09-08 17:43:57,b,1,49.0,Math_Basics,b,12,Coding_Interview,45,9.783707084432871,0.5075526152351568,fast,7
A000510,S006,Q0040,Statistics,3,2026-09-14 21:32:57,b,1,18.0,Math_Basics,b,12,Coding_Interview,45,3.6246793066550924,0.7778328495804065,fast,8
A000512,S006,Q0037,Statistics,4,2026-09-15 20:50:57,c,1,43.0,Math_Basics,c,12,Coding_Interview,45,2.653845973321759,0.8319769146133499,fast,9
A000544,S007,Q0060,AI_Basics,1,2026-09-02 02:19:57,b,1,44.0,Python;Math_Basics,b,10,Board_Exam,45,16.425373751099535,0.3202926561962165,slow,1
A000560,S007,Q0050,AI_Basics,3,2026-09-03 11:07:57,a,0,54.0,Python;Math_Basics,b,10,Board_Exam,45,15.05870708443287,0.352117611417631,slow,2
A000569,S007,Q0059,AI_Basics,4,2026-09-05 23:55:57,b,0,59.0,Python;Math_Basics,a,10,Board_Exam,45,12.525373751099536,0.4197093839837966,slow,3
A000572,S007,Q0049,AI_Basics,4,2026-09-07 22:05:57,d,0,67.0,Python;Math_Basics,a,10,Board_Exam,45,10.601762639988426,0.4795734632870349,slow,4
A000574,S007,Q0060,AI_Basics,1,2026-09-08 14:15:57,c,0,26.0,Python;Math_Basics,b,10,Board_Exam,45,9.928151528877315,0.5024962890550136,normal,5
A000577,S007,Q0049,AI_Basics,4,2026-09-09 13:42:57,d,0,68.0,Python;Math_Basics,a,10,Board_Exam,45,8.951068195543982,0.5377073810006991,slow,6
A000582,S007,Q0050,AI_Basics,3,2026-09-10 04:25:57,a,0,52.0,Python;Math_Basics,b,10,Board_Exam,45,8.337873751099538,0.5610544225654884,slow,7
A000603,S007,Q0055,AI_Basics,3,2026-09-15 19:13:57,d,0,39.0,Python;Math_Basics,a,10,Board_Exam,45,2.7212070844328706,0.8281013722564482,normal,8
A000601,S007,Q0060,AI_Basics,1,2026-09-15 22:02:57,b,1,26.0,Python;Math_Basics,b,10,Board_Exam,45,2.6038459733217594,0.8348653292265995,normal,9
A000525,S007,Q0096,CNN,3,2026-08-29 07:22:57,a,0,48.0,Neural_Networks,b,10,Board_Exam,45,20.214957084432868,0.24630269035800487,slow,1
A000529,S007,Q0094,CNN,5,2026-08-29 13:59:57,b,0,60.0,Neural_Networks,a,10,Board_Exam,45,19.939262639988424,0.2510547168636454,normal,2
A000538,S007,Q0087,CNN,1,2026-08-31 23:35:57,b,1,35.0,Neural_Networks,b,10,Board_Exam,45,17.539262639988426,0.29649377823323375,slow,3
A000554,S007,Q0091,CNN,2,2026-09-02 10:38:57,b,1,45.0,Neural_Networks,b,10,Board_Exam,45,16.07884597332176,0.3280790559812669,slow,4
A000584,S007,Q0088,CNN,2,2026-09-10 17:50:57,d,0,47.0,Neural_Networks,b,10,Board_Exam,45,7.77884597332176,0.5832213355059731,slow,5
A000585,S007,Q0095,CNN,5,2026-09-10 19:54:57,d,0,70.0,Neural_Networks,b,10,Board_Exam,45,7.692734862210648,0.5867128576694347,slow,6
A000541,S007,Q0030,Data_Structures,2,2026-08-31 16:41:57,d,0,38.0,Python,c,10,Board_Exam,45,17.826762639988424,0.2906437390574449,slow,1
A000547,S007,Q0026,Data_Structures,2,2026-09-01 08:15:57,d,0,34.0,Python,a,10,Board_Exam,45,17.178151528877315,0.3040087698055978,normal,2
A000561,S007,Q0028,Data_Structures,5,2026-09-03 13:27:57,c,0,76.0,Python,b,10,Board_Exam,45,14.961484862210646,0.3544985210598534,slow,3
A000558,S007,Q0035,Data_Structures,4,2026-09-03 14:05:57,d,0,65.0,Python,c,10,Board_Exam,45,14.935095973321758,0.35514754130800896,slow,4
A000521,S007,Q0116,LSTM,1,2026-08-28 23:30:57,b,1,40.0,RNN,b,10,Board_Exam,45,20.542734862210647,0.24076982735670846,slow,1
A000556,S007,Q0117,LSTM,5,2026-09-02 04:33:57,a,0,65.0,RNN,b,10,Board_Exam,45,16.33231819554398,0.322365259217649,slow,2
A000571,S007,Q0112,LSTM,3,2026-09-07 00:52:57,d,0,43.0,RNN,a,10,Board_Exam,45,11.485790417766204,0.45106928569633514,normal,3
A000596,S007,Q0115,LSTM,4,2026-09-14 09:35:57,d,0,57.0,RNN,a,10,Board_Exam,45,4.122595973321759,0.7514455123934192,slow,4
A000598,S007,Q0117,LSTM,5,2026-09-14 22:32:57,c,0,65.0,RNN,b,10,Board_Exam,45,3.583012639988426,0.7800825660956432,slow,5
A000604,S007,Q0111,LSTM,1,2026-09-18 00:33:57,a,1,28.0,RNN,a,10,Board_Exam,45,0.49898486221064814,0.9660042984499787,slow,6
A000546,S007,Q0066,ML,2,2026-09-01 10:02:57,d,0,37.0,AI_Basics;Statistics,a,10,Board_Exam,45,17.103845973321757,0.3055785966404,slow,1
A000562,S007,Q0061,ML,3,2026-09-03 08:38:57,d,0,49.0,AI_Basics;Statistics,b,10,Board_Exam,45,15.162179306655093,0.3496012066274376,slow,2
A000559,S007,Q0069,ML,5,2026-09-03 22:53:57,a,1,71.0,AI_Basics;Statistics,a,10,Board_Exam,45,14.568429306655093,0.3642894372958112,slow,3
A000563,S007,Q0069,ML,5,2026-09-04 01:22:57,c,0,72.0,AI_Basics;Statistics,a,10,Board_Exam,45,14.46495708443287,0.36691156693280913,slow,4
A000564,S007,Q0068,ML,2,2026-09-05 01:45:57,b,1,36.0,AI_Basics;Statistics,b,10,Board_Exam,45,13.448984862210647,0.393681688324293,normal,5
A000570,S007,Q0069,ML,5,2026-09-05 22:56:57,b,0,72.0,AI_Basics;Statistics,a,10,Board_Exam,45,12.566345973321758,0.4185191095303449,slow,6
A000527,S007,Q0002,Math_Basics,4,2026-08-30 00:33:57,a,0,47.0,,c,10,Board_Exam,45,19.498984862210648,0.2588344429436691,normal,1
A000533,S007,Q0004,Math_Basics,2,2026-08-31 08:48:57,b,1,36.0,,b,10,Board_Exam,45,18.155234862210648,0.2841011376544489,normal,2
A000539,S007,Q0006,Math_Basics,5,2026-08-31 17:06:57,a,0,52.0,,b,10,Board_Exam,45,17.809401528877313,0.29099370460043733,normal,3
A000550,S007,Q0009,Math_Basics,2,2026-09-02 04:18:57,a,1,38.0,,a,10,Board_Exam,45,16.342734862210648,0.3221325863816352,slow,4
A000557,S007,Q0010,Math_Basics,2,2026-09-02 04:39:57,b,1,40.0,,b,10,Board_Exam,45,16.328151528877314,0.3224583754012298,slow,5
A000553,S007,Q0011,Math_Basics,1,2026-09-02 10:54:57,c,1,27.0,,c,10,Board_Exam,45,16.067734862210646,0.3283318278317748,slow,6
A000575,S007,Q0009,Math_Basics,2,2026-09-08 20:34:57,a,1,37.0,,a,10,Board_Exam,45,9.66495708443287,0.5117475840902383,slow,7
A000592,S007,Q0010,Math_Basics,2,2026-09-12 19:27:57,b,1,36.0,,b,10,Board_Exam,45,5.711484862210648,0.673080755713567,normal,8
A000599,S007,Q0009,Math_Basics,2,2026-09-14 17:48:57,b,0,32.0,,a,10,Board_Exam,45,3.780234862210648,0.7694910831192382,normal,9
A000524,S007,Q0129,NLP,1,2026-08-28 14:39:57,a,0,34.0,LSTM,b,10,Board_Exam,45,20.911484862210646,0.2346937802434605,slow,1
A000528,S007,Q0123,NLP,3,2026-08-29 15:55:57,d,0,47.0,LSTM,a,10,Board_Exam,45,19.85870708443287,0.2524604484055549,slow,2
A000531,S007,Q0128,NLP,1,2026-08-30 17:26:57,b,1,26.0,LSTM,b,10,Board_Exam,45,18.795512639988424,0.2717682333034787,normal,3
A000542,S007,Q0125,NLP,1,2026-08-31 13:32:57,d,0,31.0,LSTM,a,10,Board_Exam,45,17.958012639988425,0.28801158240040586,slow,4
A000534,S007,Q0121,NLP,3,2026-08-31 20:21:57,c,0,57.0,LSTM,a,10,Board_Exam,45,17.67398486221065,0.2937379376605722,slow,5
A000549,S007,Q0130,NLP,2,2026-09-02 08:24:57,b,0,44.0,LSTM,a,10,Board_Exam,45,16.171901528877314,0.3259697168907404,slow,6
A000552,S007,Q0122,NLP,5,2026-09-02 19:23:57,d,0,64.0,LSTM,b,10,Board_Exam,45,15.714262639988425,0.336475586312812,slow,7
A000566,S007,Q0128,NLP,1,2026-09-04 13:22:57,b,1,48.0,LSTM,b,10,Board_Exam,45,13.96495708443287,0.3798506753972151,slow,8
A000579,S007,Q0127,NLP,3,2026-09-09 14:13:57,b,1,42.0,LSTM,b,10,Board_Exam,45,8.929540417766205,0.5385103425080363,normal,9
A000589,S007,Q0123,NLP,3,2026-09-11 13:53:57,c,0,57.0,LSTM,a,10,Board_Exam,45,6.943429306655093,0.6179907157271458,slow,10
A000600,S007,Q0129,NLP,1,2026-09-14 11:21:57,a,0,27.0,LSTM,b,10,Board_Exam,45,4.048984862210648,0.7552894360897723,slow,11
A000595,S007,Q0126,NLP,2,2026-09-14 16:19:57,c,0,44.0,LSTM,b,10,Board_Exam,45,3.8420404177662033,0.7662016077945323,slow,12
A000522,S007,Q0076,Neural_Networks,2,2026-08-28 05:58:57,c,0,37.0,ML,b,10,Board_Exam,45,21.2732904177662,0.2288812137102628,slow,1
A000526,S007,Q0074,Neural_Networks,3,2026-08-29 22:09:57,c,0,49.0,ML,b,10,Board_Exam,45,19.598984862210646,0.25704654284798345,slow,2
A000537,S007,Q0077,Neural_Networks,2,2026-08-31 04:06:57,b,0,42.0,ML,a,10,Board_Exam,45,18.35106819554398,0.28027076702239034,slow,3
A000535,S007,Q0082,Neural_Networks,2,2026-08-31 17:40:57,c,0,40.0,ML,b,10,Board_Exam,45,17.785790417766204,0.2914703340916452,slow,4
A000545,S007,Q0074,Neural_Networks,3,2026-09-02 02:38:57,c,0,52.0,ML,b,10,Board_Exam,45,16.41217930665509,0.320585719986592,slow,5
A000548,S007,Q0082,Neural_Networks,2,2026-09-02 22:31:57,c,0,42.0,ML,b,10,Board_Exam,45,15.58370708443287,0.3395343147134349,slow,6
A000578,S007,Q0083,Neural_Networks,4,2026-09-09 08:04:57,d,0,52.0,ML,b,10,Board_Exam,45,9.185790417766205,0.5290298227897211,normal,7
A000580,S007,Q0080,Neural_Networks,2,2026-09-09 10:32:57,a,1,38.0,ML,a,10,Board_Exam,45,9.083012639988427,0.53281209443946,slow,8
A000591,S007,Q0080,Neural_Networks,2,2026-09-12 23:26:57,c,0,42.0,ML,a,10,Board_Exam,45,5.545512639988425,0.6808688028139461,slow,9
A000597,S007,Q0084,Neural_Networks,1,2026-09-14 07:40:57,b,1,33.0,ML,b,10,Board_Exam,45,4.20245708443287,0.7472973396884846,slow,10
A000530,S007,Q0020,Python,2,2026-08-29 21:17:57,b,0,44.0,,c,10,Board_Exam,45,19.635095973321757,0.2564039518063329,slow,1
A000532,S007,Q0020,Python,2,2026-08-30 04:40:57,c,1,36.0,,c,10,Board_Exam,45,19.32745708443287,0.2619301959091795,normal,2
A000543,S007,Q0014,Python,3,2026-09-02 02:22:57,d,0,52.0,,a,10,Board_Exam,45,16.423290417766204,0.3203389116091571,slow,3
A000551,S007,Q0020,Python,2,2026-09-02 13:19:57,a,0,47.0,,c,10,Board_Exam,45,15.967040417766203,0.3306314709313229,slow,4
A000567,S007,Q0018,Python,1,2026-09-05 07:06:57,b,1,28.0,,b,10,Board_Exam,45,13.22606819554398,0.39981186182311257,slow,5
A000581,S007,Q0022,Python,4,2026-09-09 18:24:57,b,0,58.0,,a,10,Board_Exam,45,8.75523486221065,0.5450560552228011,slow,6
A000583,S007,Q0022,Python,4,2026-09-10 12:48:57,b,0,69.0,,a,10,Board_Exam,45,7.988568195543982,0.5748044677262659,slow,7
A000588,S007,Q0013,Python,2,2026-09-11 16:01:57,b,1,47.0,,b,10,Board_Exam,45,6.854540417766204,0.6218101011587519,slow,8
A000594,S007,Q0013,Python,2,2026-09-14 01:51:57,a,0,38.0,,b,10,Board_Exam,45,4.444818195543982,0.7348482085812955,slow,9
A000540,S007,Q0098,RNN,4,2026-08-31 09:26:57,c,0,57.0,Neural_Networks,a,10,Board_Exam,45,18.12884597332176,0.2846212735080781,slow,1
A000536,S007,Q0103,RNN,3,2026-08-31 12:13:57,a,0,49.0,Neural_Networks,b,10,Board_Exam,45,18.012873751099537,0.28691844555434526,slow,2
A000573,S007,Q0102,RNN,2,2026-09-07 18:26:57,a,1,41.0,Neural_Networks,a,10,Board_Exam,45,10.75384597332176,0.47454453831553567,slow,3
A000590,S007,Q0102,RNN,2,2026-09-11 15:25:57,b,0,40.0,Neural_Networks,a,10,Board_Exam,45,6.879540417766204,0.6207335194189936,slow,4
A000593,S007,Q0101,RNN,1,2026-09-14 02:03:57,b,1,38.0,Neural_Networks,b,10,Board_Exam,45,4.436484862210648,0.7352727961651244,slow,5
A000523,S007,Q0040,Statistics,3,2026-08-28 23:03:57,c,0,47.0,Math_Basics,b,10,Board_Exam,45,20.561484862210648,0.24045711387179838,slow,1
A000565,S007,Q0048,Statistics,4,2026-09-04 18:24:57,c,0,49.0,Math_Basics,b,10,Board_Exam,45,13.755234862210648,0.385412832774832,normal,2
A000576,S007,Q0046,Statistics,3,2026-09-09 00:24:57,b,0,46.0,Math_Basics,c,10,Board_Exam,45,9.50523486221065,0.5174446715021374,slow,3
A000587,S007,Q0038,Statistics,2,2026-09-10 23:57:57,b,1,33.0,Math_Basics,b,10,Board_Exam,45,7.523984862210648,0.5936158479943281,normal,4
A000586,S007,Q0040,Statistics,3,2026-09-11 00:11:57,b,1,48.0,Math_Basics,b,10,Board_Exam,45,7.514262639988426,0.594016016433948,slow,5
A000602,S007,Q0047,Statistics,5,2026-09-15 14:28:57,a,0,53.0,Math_Basics,b,10,Board_Exam,45,2.919123751099537,0.8168186006702589,normal,6
A000621,S008,Q0053,AI_Basics,4,2026-08-30 04:31:57,d,0,61.0,Python;Math_Basics,b,12,Entrance_Exam,30,19.33370708443287,0.261816747874263,slow,1
A000633,S008,Q0056,AI_Basics,1,2026-09-03 02:45:57,b,1,34.0,Python;Math_Basics,b,12,Entrance_Exam,30,15.407318195543981,0.3437110598951318,slow,2
A000643,S008,Q0050,AI_Basics,3,2026-09-05 02:54:57,a,0,56.0,Python;Math_Basics,b,12,Entrance_Exam,30,13.401068195543981,0.3949914090242281,slow,3
A000656,S008,Q0056,AI_Basics,1,2026-09-06 12:22:57,b,1,20.0,Python;Math_Basics,b,12,Entrance_Exam,30,12.006623751099538,0.43507548243319316,fast,4
A000660,S008,Q0056,AI_Basics,1,2026-09-08 08:29:57,c,0,32.0,Python;Math_Basics,b,12,Entrance_Exam,30,10.168429306655094,0.49419662707897477,slow,5
A000670,S008,Q0050,AI_Basics,3,2026-09-10 23:50:57,a,0,50.0,Python;Math_Basics,b,12,Entrance_Exam,30,7.52884597332176,0.5934158648783351,slow,6
A000685,S008,Q0057,AI_Basics,1,2026-09-15 09:25:57,b,0,29.0,Python;Math_Basics,a,12,Entrance_Exam,30,3.1295404177662034,0.8049917808802816,slow,7
A000686,S008,Q0049,AI_Basics,4,2026-09-16 05:33:57,b,0,55.0,Python;Math_Basics,a,12,Entrance_Exam,30,2.290651528877315,0.8531875668304155,slow,8
A000617,S008,Q0093,CNN,4,2026-08-29 08:05:57,d,0,65.0,Neural_Networks,b,12,Entrance_Exam,30,20.185095973321758,0.24681301919810536,slow,1
A000654,S008,Q0085,CNN,5,2026-09-06 21:52:57,d,0,73.0,Neural_Networks,b,12,Entrance_Exam,30,11.610790417766204,0.4471779504203534,slow,2
A000671,S008,Q0090,CNN,1,2026-09-11 15:29:57,a,1,32.0,Neural_Networks,a,12,Entrance_Exam,30,6.876762639988426,0.6208530475058862,slow,3
A000673,S008,Q0085,CNN,5,2026-09-12 22:16:57,c,0,72.0,Neural_Networks,b,12,Entrance_Exam,30,5.594123751099537,0.6785784996149907,slow,4
A000623,S008,Q0031,Data_Structures,3,2026-08-30 17:31:57,d,0,54.0,Python,c,12,Entrance_Exam,30,18.792040417766202,0.27183364929487647,slow,1
A000629,S008,Q0025,Data_Structures,4,2026-09-01 22:51:57,b,0,66.0,Python,c,12,Entrance_Exam,30,16.56981819554398,0.3171018458364231,slow,2
A000648,S008,Q0027,Data_Structures,2,2026-09-04 07:59:57,d,0,51.0,Python,b,12,Entrance_Exam,30,14.189262639988424,0.37399055372242357,slow,3
A000645,S008,Q0031,Data_Structures,3,2026-09-05 00:06:57,b,0,48.0,Python,c,12,Entrance_Exam,30,13.517734862210647,0.3918101057265943,slow,4
A000678,S008,Q0030,Data_Structures,2,2026-09-13 15:47:57,d,0,48.0,Python,c,12,Entrance_Exam,30,4.864262639988426,0.7137910593433661,slow,5
A000675,S008,Q0035,Data_Structures,4,2026-09-13 19:00:57,d,0,65.0,Python,c,12,Entrance_Exam,30,4.730234862210648,0.7204531457728508,slow,6
A000679,S008,Q0030,Data_Structures,2,2026-09-14 19:00:57,b,0,51.0,Python,c,12,Entrance_Exam,30,3.730234862210648,0.772162562640133,slow,7
A000613,S008,Q0115,LSTM,4,2026-08-30 03:17:57,b,0,61.0,RNN,a,12,Entrance_Exam,30,19.385095973321757,0.2608858139378196,slow,1
A000632,S008,Q0111,LSTM,1,2026-09-02 16:20:57,c,0,36.0,RNN,a,12,Entrance_Exam,30,15.841345973321758,0.3335246745294558,slow,2
A000638,S008,Q0119,LSTM,4,2026-09-03 03:55:57,a,0,50.0,RNN,b,12,Entrance_Exam,30,15.35870708443287,0.344871135760254,normal,3
A000642,S008,Q0119,LSTM,4,2026-09-03 15:05:57,c,0,67.0,RNN,b,12,Entrance_Exam,30,14.893429306655092,0.3561747302335696,slow,4
A000680,S008,Q0113,LSTM,5,2026-09-15 02:35:57,a,0,81.0,RNN,b,12,Entrance_Exam,30,3.4142626399884257,0.789260654381907,slow,5
A000681,S008,Q0114,LSTM,2,2026-09-15 21:05:57,b,0,44.0,RNN,c,12,Entrance_Exam,30,2.6434293066550927,0.8325778424188707,slow,6
A000687,S008,Q0119,LSTM,4,2026-09-16 09:47:57,c,0,68.0,RNN,b,12,Entrance_Exam,30,2.114262639988426,0.8636829627430502,slow,7
A000628,S008,Q0067,ML,3,2026-09-01 05:46:57,c,0,54.0,AI_Basics;Statistics,b,12,Entrance_Exam,30,17.281623751099538,0.3018361743437586,slow,1
A000626,S008,Q0068,ML,2,2026-09-01 16:06:57,c,0,45.0,AI_Basics;Statistics,b,12,Entrance_Exam,30,16.85106819554398,0.3109798870010836,slow,2
A000635,S008,Q0066,ML,2,2026-09-02 18:29:57,a,1,37.0,AI_Basics;Statistics,a,12,Entrance_Exam,30,15.751762639988424,0.33560212036553533,slow,3
A000658,S008,Q0062,ML,2,2026-09-07 20:25:57,c,0,45.0,AI_Basics;Statistics,a,12,Entrance_Exam,30,10.67120708443287,0.47727057278270585,slow,4
A000668,S008,Q0072,ML,5,2026-09-10 06:04:57,b,0,69.0,AI_Basics;Statistics,a,12,Entrance_Exam,30,8.269123751099537,0.563734444541155,slow,5
A000674,S008,Q0067,ML,3,2026-09-13 10:05:57,a,0,47.0,AI_Basics;Statistics,b,12,Entrance_Exam,30,5.101762639988426,0.7021366477536523,slow,6
A000605,S008,Q0008,Math_Basics,5,2026-08-28 17:22:57,b,0,69.0,,a,12,Entrance_Exam,30,20.798290417766204,0.2365424401131027,slow,1
A000608,S008,Q0005,Math_Basics,3,2026-08-28 19:07:57,d,0,48.0,,a,12,Entrance_Exam,30,20.725373751099536,0.23774099881133487,slow,2
A000615,S008,Q0002,Math_Basics,4,2026-08-29 03:35:57,a,0,51.0,,c,12,Entrance_Exam,30,20.372595973321758,0.2436260659091954,normal,3
A000609,S008,Q0009,Math_Basics,2,2026-08-29 07:49:57,b,0,29.0,,a,12,Entrance_Exam,30,20.19620708443287,0.24662300599102724,normal,4
A000611,S008,Q0008,Math_Basics,5,2026-08-29 09:21:57,d,0,66.0,,a,12,Entrance_Exam,30,20.13231819554398,0.24771758310054073,slow,5
A000610,S008,Q0003,Math_Basics,1,2026-08-30 02:44:57,b,1,32.0,,b,12,Entrance_Exam,30,19.408012639988424,0.26047173562166315,slow,6
A000646,S008,Q0007,Math_Basics,5,2026-09-04 17:07:57,a,0,76.0,,c,12,Entrance_Exam,30,13.80870708443287,0.38398697805854703,slow,7
A000651,S008,Q0007,Math_Basics,5,2026-09-05 20:07:57,a,0,59.0,,c,12,Entrance_Exam,30,12.68370708443287,0.4151283288272203,normal,8
A000667,S008,Q0011,Math_Basics,1,2026-09-09 16:31:57,c,1,36.0,,c,12,Entrance_Exam,30,8.83370708443287,0.5420993910968921,slow,9
A000676,S008,Q0010,Math_Basics,2,2026-09-13 06:19:57,a,0,41.0,,b,12,Entrance_Exam,30,5.25870708443287,0.6945398084163039,slow,10
A000683,S008,Q0004,Math_Basics,2,2026-09-15 14:18:57,a,0,34.0,,b,12,Entrance_Exam,30,2.926068195543982,0.8164255178459335,normal,11
A000689,S008,Q0004,Math_Basics,2,2026-09-16 16:31:57,a,0,39.0,,b,12,Entrance_Exam,30,1.8337070844328704,0.8806430589634133,slow,12
A000607,S008,Q0131,NLP,1,2026-08-29 03:14:57,a,1,30.0,LSTM,a,12,Entrance_Exam,30,20.387179306655092,0.24337992345108286,slow,1
A000627,S008,Q0121,NLP,3,2026-09-01 04:08:57,d,0,42.0,LSTM,a,12,Entrance_Exam,30,17.34967930665509,0.30041569017840913,normal,2
A000636,S008,Q0125,NLP,1,2026-09-02 17:09:57,d,0,31.0,LSTM,a,12,Entrance_Exam,30,15.807318195543981,0.3343122628873203,slow,3
A000655,S008,Q0122,NLP,5,2026-09-06 21:09:57,a,0,67.0,LSTM,b,12,Entrance_Exam,30,11.640651528877315,0.4462533322397649,slow,4
A000663,S008,Q0127,NLP,3,2026-09-08 13:18:57,b,1,57.0,LSTM,b,12,Entrance_Exam,30,9.967734862210648,0.501119475823099,slow,5
A000664,S008,Q0131,NLP,1,2026-09-08 21:44:57,b,0,29.0,LSTM,a,12,Entrance_Exam,30,9.61634597332176,0.5134748081764194,slow,6
A000666,S008,Q0121,NLP,3,2026-09-09 21:01:57,a,1,52.0,LSTM,a,12,Entrance_Exam,30,8.64620708443287,0.5491907728459051,slow,7
A000672,S008,Q0128,NLP,1,2026-09-12 20:57:57,d,0,22.0,LSTM,b,12,Entrance_Exam,30,5.648984862210648,0.6760029811073966,normal,8
A000684,S008,Q0121,NLP,3,2026-09-15 07:56:57,d,0,53.0,LSTM,a,12,Entrance_Exam,30,3.191345973321759,0.8015505446426078,slow,9
A000682,S008,Q0122,NLP,5,2026-09-16 01:57:57,b,1,61.0,LSTM,b,12,Entrance_Exam,30,2.4406515288773147,0.8443627546844149,normal,10
A000616,S008,Q0082,Neural_Networks,2,2026-08-29 10:57:57,d,0,38.0,ML,b,12,Entrance_Exam,30,20.065651528877314,0.24886493028912607,slow,1
A000639,S008,Q0082,Neural_Networks,2,2026-09-03 23:51:57,d,0,34.0,ML,b,12,Entrance_Exam,30,14.528151528877315,0.3653078971707163,normal,2
A000644,S008,Q0084,Neural_Networks,1,2026-09-04 06:23:57,b,1,32.0,ML,b,12,Entrance_Exam,30,14.255929306655093,0.3722663372574021,slow,3
A000649,S008,Q0075,Neural_Networks,5,2026-09-05 00:53:57,c,0,78.0,ML,b,12,Entrance_Exam,30,13.485095973321759,0.39269752287559184,slow,4
A000653,S008,Q0076,Neural_Networks,2,2026-09-06 20:23:57,b,1,43.0,ML,b,12,Entrance_Exam,30,11.67259597332176,0.44526632224696705,slow,5
A000657,S008,Q0082,Neural_Networks,2,2026-09-07 05:56:57,a,0,42.0,ML,b,12,Entrance_Exam,30,11.274679306655093,0.4577183605506262,slow,6
A000606,S008,Q0016,Python,3,2026-08-28 13:20:57,a,1,39.0,,a,12,Entrance_Exam,30,20.966345973321758,0.2338030090578465,normal,1
A000614,S008,Q0014,Python,3,2026-08-29 16:04:57,b,0,41.0,,a,12,Entrance_Exam,30,19.85245708443287,0.25256984225449036,normal,2
A000618,S008,Q0013,Python,2,2026-08-30 01:32:57,b,1,42.0,,b,12,Entrance_Exam,30,19.458012639988425,0.25957057187564303,slow,3
A000634,S008,Q0016,Python,3,2026-09-02 10:40:57,c,0,53.0,,a,12,Entrance_Exam,30,16.07745708443287,0.3281106418172801,slow,4
A000637,S008,Q0017,Python,2,2026-09-03 19:24:57,b,1,38.0,,b,12,Entrance_Exam,30,14.713568195543981,0.3606429634123136,slow,5
A000650,S008,Q0013,Python,2,2026-09-04 09:19:57,b,1,39.0,,b,12,Entrance_Exam,30,14.133707084432869,0.37543349963273615,slow,6
A000659,S008,Q0021,Python,5,2026-09-07 13:14:57,a,0,68.0,,b,12,Entrance_Exam,30,10.970512639988426,0.46747098770200884,slow,7
A000665,S008,Q0017,Python,2,2026-09-09 12:12:57,b,1,39.0,,b,12,Entrance_Exam,30,9.013568195543982,0.5353829797670894,slow,8
A000669,S008,Q0020,Python,2,2026-09-10 22:52:57,c,1,40.0,,c,12,Entrance_Exam,30,7.5691237510995375,0.5917614515678331,slow,9
A000688,S008,Q0021,Python,5,2026-09-16 10:31:57,a,0,62.0,,b,12,Entrance_Exam,30,2.0837070844328704,0.8655141383151428,normal,10
A000690,S008,Q0013,Python,2,2026-09-18 00:37:57,b,1,45.0,,b,12,Entrance_Exam,30,0.4962070844328703,0.9661903116780572,slow,11
A000620,S008,Q0098,RNN,4,2026-08-30 10:45:57,b,0,60.0,Neural_Networks,a,12,Entrance_Exam,30,19.073984862210647,0.2665728050703274,slow,1
A000625,S008,Q0099,RNN,2,2026-08-31 11:38:57,c,0,31.0,Neural_Networks,a,12,Entrance_Exam,30,18.03717930665509,0.2864354716133673,normal,2
A000630,S008,Q0103,RNN,3,2026-09-01 13:00:57,d,0,59.0,Neural_Networks,b,12,Entrance_Exam,30,16.980234862210647,0.3082080638803169,slow,3
A000641,S008,Q0108,RNN,5,2026-09-03 14:40:57,d,0,65.0,Neural_Networks,b,12,Entrance_Exam,30,14.910790417766203,0.35574637429013933,slow,4
A000640,S008,Q0100,RNN,3,2026-09-03 19:50:57,c,0,39.0,Neural_Networks,b,12,Entrance_Exam,30,14.695512639988426,0.3610945963124032,normal,5
A000647,S008,Q0097,RNN,2,2026-09-04 09:45:57,b,1,36.0,Neural_Networks,b,12,Entrance_Exam,30,14.115651528877313,0.37590365470972864,normal,6
A000612,S008,Q0045,Statistics,1,2026-08-29 15:35:57,c,0,40.0,Math_Basics,b,12,Entrance_Exam,30,19.872595973321758,0.25221752056925756,slow,1
A000622,S008,Q0041,Statistics,4,2026-08-30 13:09:57,a,0,56.0,Math_Basics,b,12,Entrance_Exam,30,18.973984862210646,0.268426965559754,slow,2
A000619,S008,Q0043,Statistics,4,2026-08-30 22:38:57,a,0,62.0,Math_Basics,c,12,Entrance_Exam,30,18.57884597332176,0.27588050209447007,slow,3
A000624,S008,Q0045,Statistics,1,2026-08-31 17:46:57,b,1,28.0,Math_Basics,b,12,Entrance_Exam,30,17.781623751099538,0.29155452618232985,slow,4
A000631,S008,Q0048,Statistics,4,2026-09-01 14:27:57,a,0,65.0,Math_Basics,b,12,Entrance_Exam,30,16.919818195543982,0.30950147293711494,slow,5
A000652,S008,Q0044,Statistics,3,2026-09-05 21:56:57,a,0,50.0,Math_Basics,c,12,Entrance_Exam,30,12.608012639988425,0.41731212274000407,slow,6
A000662,S008,Q0042,Statistics,5,2026-09-08 08:58:57,d,0,64.0,Math_Basics,b,12,Entrance_Exam,30,10.148290417766205,0.4948869684481859,slow,7
A000661,S008,Q0043,Statistics,4,2026-09-08 11:10:57,b,0,54.0,Math_Basics,c,12,Entrance_Exam,30,10.056623751099538,0.4980414164254048,slow,8
A000677,S008,Q0045,Statistics,1,2026-09-13 09:39:57,b,1,25.0,Math_Basics,b,12,Entrance_Exam,30,5.119818195543981,0.7012584623315425,normal,9
A000699,S009,Q0058,AI_Basics,5,2026-08-29 16:32:57,a,0,73.0,Python;Math_Basics,b,11,General_Practice,15,19.833012639988425,0.2529104819016227,slow,1
A000701,S009,Q0056,AI_Basics,1,2026-08-29 17:22:57,d,0,26.0,Python;Math_Basics,b,11,General_Practice,15,19.798290417766204,0.25351991007680386,normal,2
A000723,S009,Q0049,AI_Basics,4,2026-09-02 15:18:57,a,1,70.0,Python;Math_Basics,a,11,General_Practice,15,15.884401528877314,0.3325307927292079,slow,3
A000727,S009,Q0049,AI_Basics,4,2026-09-03 10:17:57,c,0,48.0,Python;Math_Basics,a,11,General_Practice,15,15.093429306655091,0.351271167470446,normal,4
A000739,S009,Q0053,AI_Basics,4,2026-09-06 21:54:57,c,0,51.0,Python;Math_Basics,b,11,General_Practice,15,11.609401528877315,0.4472210025114674,normal,5
A000738,S009,Q0049,AI_Basics,4,2026-09-06 22:18:57,b,0,45.0,Python;Math_Basics,a,11,General_Practice,15,11.592734862210648,0.44773795101677033,normal,6
A000760,S009,Q0052,AI_Basics,3,2026-09-11 15:24:57,c,0,44.0,Python;Math_Basics,b,11,General_Practice,15,6.880234862210648,0.6207036409930416,normal,7
A000765,S009,Q0050,AI_Basics,3,2026-09-14 02:56:57,c,0,47.0,Python;Math_Basics,b,11,General_Practice,15,4.399679306655092,0.7371509944224466,slow,8
A000768,S009,Q0056,AI_Basics,1,2026-09-14 19:50:57,b,1,23.0,Python;Math_Basics,b,11,General_Practice,15,3.6955126399884257,0.7740232115857788,normal,9
A000774,S009,Q0058,AI_Basics,5,2026-09-17 19:25:57,a,0,71.0,Python;Math_Basics,b,11,General_Practice,15,0.712873751099537,0.9517882998116608,slow,10
A000711,S009,Q0090,CNN,1,2026-08-31 09:51:57,d,0,30.0,Neural_Networks,a,11,General_Practice,15,18.11148486221065,0.284963987370945,slow,1
A000713,S009,Q0085,CNN,5,2026-08-31 17:14:57,d,0,78.0,Neural_Networks,b,11,General_Practice,15,17.80384597332176,0.29110578254858643,slow,2
A000726,S009,Q0088,CNN,2,2026-09-03 22:33:57,d,0,35.0,Neural_Networks,b,11,General_Practice,15,14.58231819554398,0.36393890300282733,normal,3
A000733,S009,Q0094,CNN,5,2026-09-05 22:57:57,c,0,74.0,Neural_Networks,a,11,General_Practice,15,12.565651528877314,0.4185392555249834,slow,4
A000741,S009,Q0093,CNN,4,2026-09-07 19:42:57,c,0,64.0,Neural_Networks,b,11,General_Practice,15,10.701068195543982,0.4762837328720171,slow,5
A000750,S009,Q0093,CNN,4,2026-09-09 16:43:57,d,0,71.0,Neural_Networks,b,11,General_Practice,15,8.825373751099537,0.5424126104365776,slow,6
A000756,S009,Q0096,CNN,3,2026-09-10 12:08:57,d,0,53.0,Neural_Networks,b,11,General_Practice,15,8.01634597332176,0.5736987988996137,slow,7
A000695,S009,Q0033,Data_Structures,2,2026-08-28 16:37:57,d,0,41.0,Python,b,11,General_Practice,15,20.829540417766204,0.2360306236152012,slow,1
A000728,S009,Q0032,Data_Structures,5,2026-09-03 06:02:57,d,0,78.0,Python,c,11,General_Practice,15,15.270512639988425,0.34698584991443726,slow,2
A000737,S009,Q0028,Data_Structures,5,2026-09-06 12:19:57,c,0,71.0,Python,b,11,General_Practice,15,12.00870708443287,0.4350126596059593,slow,3
A000746,S009,Q0031,Data_Structures,3,2026-09-08 20:49:57,d,0,55.0,Python,c,11,General_Practice,15,9.654540417766205,0.512117213760589,slow,4
A000766,S009,Q0033,Data_Structures,2,2026-09-13 23:00:57,b,1,38.0,Python,b,11,General_Practice,15,4.563568195543981,0.7288244080904908,slow,5
A000773,S009,Q0035,Data_Structures,4,2026-09-15 16:49:57,b,0,67.0,Python,c,11,General_Practice,15,2.8212070844328707,0.8223812582489899,slow,6
A000694,S009,Q0110,LSTM,2,2026-08-28 21:05:57,d,0,30.0,RNN,a,11,General_Practice,15,20.64342930665509,0.2390951994983844,normal,1
A000707,S009,Q0113,LSTM,5,2026-08-30 18:39:57,b,1,69.0,RNN,b,11,General_Practice,15,18.74481819554398,0.2727248716183663,slow,2
A000710,S009,Q0115,LSTM,4,2026-08-31 06:52:57,c,0,61.0,RNN,a,11,General_Practice,15,18.235790417766204,0.282519226773693,slow,3
A000732,S009,Q0119,LSTM,4,2026-09-04 11:02:57,d,0,54.0,RNN,b,11,General_Practice,15,14.062179306655091,0.37729949370834936,slow,4
A000759,S009,Q0120,LSTM,5,2026-09-11 08:04:57,d,0,75.0,RNN,b,11,General_Practice,15,7.185790417766204,0.6076956871829255,slow,5
A000763,S009,Q0110,LSTM,2,2026-09-12 10:36:57,d,0,42.0,RNN,a,11,General_Practice,15,6.080234862210649,0.6560949463717795,slow,6
A000761,S009,Q0111,LSTM,1,2026-09-12 11:10:57,a,1,23.0,RNN,a,11,General_Practice,15,6.056623751099536,0.657169588865859,normal,7
A000731,S009,Q0061,ML,3,2026-09-04 15:15:57,d,0,48.0,AI_Basics;Statistics,b,11,General_Practice,15,13.886484862210647,0.3819224188516338,slow,1
A000735,S009,Q0065,ML,1,2026-09-05 12:10:57,b,1,24.0,AI_Basics;Statistics,b,11,General_Practice,15,13.01495708443287,0.4057053666153786,normal,2
A000752,S009,Q0066,ML,2,2026-09-10 21:50:57,a,1,36.0,AI_Basics;Statistics,a,11,General_Practice,15,7.612179306655093,0.5899980409966923,normal,3
A000762,S009,Q0065,ML,1,2026-09-13 00:38:57,b,1,27.0,AI_Basics;Statistics,b,11,General_Practice,15,5.4955126399884255,0.6832326080652824,slow,4
A000769,S009,Q0066,ML,2,2026-09-14 11:12:57,a,1,39.0,AI_Basics;Statistics,a,11,General_Practice,15,4.055234862210648,0.754962302740293,slow,5
A000767,S009,Q0066,ML,2,2026-09-15 01:04:57,a,1,42.0,AI_Basics;Statistics,a,11,General_Practice,15,3.4774570844328703,0.7858110126700838,slow,6
A000693,S009,Q0001,Math_Basics,5,2026-08-28 04:57:57,a,0,72.0,,c,11,General_Practice,15,21.315651528877314,0.22821014728697725,slow,1
A000705,S009,Q0007,Math_Basics,5,2026-08-30 08:15:57,a,0,76.0,,c,11,General_Practice,15,19.178151528877315,0.2646550058012249,slow,2
A000719,S009,Q0011,Math_Basics,1,2026-09-01 06:30:57,c,1,21.0,,c,11,General_Practice,15,17.25106819554398,0.3024761256373175,normal,3
A000718,S009,Q0001,Math_Basics,5,2026-09-01 19:59:57,a,0,73.0,,c,11,General_Practice,15,16.689262639988424,0.3144873159639377,slow,4
A000720,S009,Q0005,Math_Basics,3,2026-09-03 02:10:57,b,0,47.0,,a,11,General_Practice,15,15.431623751099536,0.34313248613060954,slow,5
A000753,S009,Q0009,Math_Basics,2,2026-09-10 12:04:57,a,1,39.0,,a,11,General_Practice,15,8.019123751099537,0.5735883490594132,slow,6
A000696,S009,Q0129,NLP,1,2026-08-28 06:44:57,b,1,34.0,LSTM,b,11,General_Practice,15,21.24134597332176,0.22938856859835693,slow,1
A000717,S009,Q0121,NLP,3,2026-09-01 13:59:57,b,0,49.0,LSTM,a,11,General_Practice,15,16.939262639988424,0.30908461211056676,slow,2
A000716,S009,Q0121,NLP,3,2026-09-01 14:21:57,d,0,48.0,LSTM,a,11,General_Practice,15,16.92398486221065,0.30941209831337735,slow,3
A000745,S009,Q0130,NLP,2,2026-09-09 00:05:57,a,1,36.0,LSTM,a,11,General_Practice,15,9.518429306655094,0.5169716488835803,normal,4
A000751,S009,Q0127,NLP,3,2026-09-09 11:59:57,a,0,53.0,LSTM,b,11,General_Practice,15,9.02259597332176,0.5350480644521951,slow,5
A000749,S009,Q0123,NLP,3,2026-09-09 21:57:57,b,0,43.0,LSTM,a,11,General_Practice,15,8.607318195543982,0.550673153352785,normal,6
A000772,S009,Q0127,NLP,3,2026-09-15 12:52:57,a,0,58.0,LSTM,b,11,General_Practice,15,2.985790417766204,0.8130528048067176,slow,7
A000697,S009,Q0079,Neural_Networks,5,2026-08-28 18:39:57,a,0,67.0,ML,b,11,General_Practice,15,20.74481819554398,0.2374207906122319,slow,1
A000692,S009,Q0079,Neural_Networks,5,2026-08-29 00:03:57,c,0,66.0,ML,b,11,General_Practice,15,20.51981819554398,0.24115258506535275,slow,2
A000708,S009,Q0082,Neural_Networks,2,2026-08-31 05:55:57,d,0,43.0,ML,b,11,General_Practice,15,18.275373751099536,0.2817451390477442,slow,3
A000715,S009,Q0076,Neural_Networks,2,2026-09-01 15:30:57,c,0,34.0,ML,b,11,General_Practice,15,16.87606819554398,0.3104414665618634,normal,4
A000724,S009,Q0077,Neural_Networks,2,2026-09-02 20:58:57,a,1,38.0,ML,a,11,General_Practice,15,15.648290417766203,0.3380177607216822,slow,5
A000758,S009,Q0081,Neural_Networks,5,2026-09-11 15:56:57,c,0,65.0,ML,b,11,General_Practice,15,6.858012639988426,0.621660464333679,slow,6
A000757,S009,Q0075,Neural_Networks,5,2026-09-11 20:56:57,a,0,56.0,ML,b,11,General_Practice,15,6.649679306655093,0.6307027240048289,normal,7
A000770,S009,Q0075,Neural_Networks,5,2026-09-14 13:32:57,c,0,67.0,ML,b,11,General_Practice,15,3.958012639988426,0.7600671227431096,slow,8
A000776,S009,Q0076,Neural_Networks,2,2026-09-17 19:46:57,c,0,36.0,ML,b,11,General_Practice,15,0.6982904177662037,0.9527508915833912,normal,9
A000691,S009,Q0019,Python,5,2026-08-28 22:50:57,d,0,73.0,,b,11,General_Practice,15,20.570512639988426,0.24030669300850163,slow,1
A000706,S009,Q0017,Python,2,2026-08-30 04:13:57,d,0,43.0,,b,11,General_Practice,15,19.34620708443287,0.2615899991940629,slow,2
A000703,S009,Q0020,Python,2,2026-08-30 20:49:57,b,0,37.0,,c,11,General_Practice,15,18.654540417766203,0.2744368197083128,slow,3
A000704,S009,Q0018,Python,1,2026-08-30 21:14:57,d,0,34.0,,b,11,General_Practice,15,18.637179306655092,0.2747672704207135,slow,4
A000709,S009,Q0014,Python,3,2026-08-31 04:17:57,a,1,44.0,,a,11,General_Practice,15,18.343429306655093,0.28041920616527355,normal,5
A000714,S009,Q0023,Python,4,2026-09-01 08:16:57,d,0,63.0,,b,11,General_Practice,15,17.17745708443287,0.30402340368707925,slow,6
A000721,S009,Q0019,Python,5,2026-09-02 14:17:57,a,0,80.0,,b,11,General_Practice,15,15.926762639988425,0.33155583176106324,slow,7
A000730,S009,Q0014,Python,3,2026-09-04 12:42:57,d,0,56.0,,a,11,General_Practice,15,13.992734862210646,0.37912001119025307,slow,8
A000729,S009,Q0016,Python,3,2026-09-05 01:18:57,b,0,47.0,,a,11,General_Practice,15,13.467734862210648,0.3931703718771587,slow,9
A000736,S009,Q0016,Python,3,2026-09-06 10:53:57,d,0,54.0,,a,11,General_Practice,15,12.068429306655093,0.4332155907525163,slow,10
A000747,S009,Q0016,Python,3,2026-09-08 12:07:57,b,0,58.0,,a,11,General_Practice,15,10.017040417766204,0.49940977276607545,slow,11
A000742,S009,Q0018,Python,1,2026-09-09 00:12:57,d,0,22.0,,b,11,General_Practice,15,9.513568195543982,0.5171458700450672,normal,12
A000764,S009,Q0018,Python,1,2026-09-12 04:12:57,d,0,36.0,,b,11,General_Practice,15,6.346901528877315,0.6440791285520537,slow,13
A000775,S009,Q0015,Python,2,2026-09-17 15:51:57,d,0,44.0,,b,11,General_Practice,15,0.8614848622106481,0.9420343121008412,slow,14
A000702,S009,Q0107,RNN,1,2026-08-31 03:02:57,a,1,34.0,Neural_Networks,a,11,General_Practice,15,18.395512639988425,0.2794086783051981,slow,1
A000712,S009,Q0105,RNN,4,2026-08-31 05:20:57,a,0,58.0,Neural_Networks,b,11,General_Practice,15,18.29967930665509,0.2812708734079232,slow,2
A000722,S009,Q0104,RNN,2,2026-09-02 08:47:57,d,0,40.0,Neural_Networks,b,11,General_Practice,15,16.155929306655093,0.32633080109320334,slow,3
A000725,S009,Q0102,RNN,2,2026-09-02 15:27:57,a,1,36.0,Neural_Networks,a,11,General_Practice,15,15.878151528877314,0.33267488192629185,normal,4
A000734,S009,Q0103,RNN,3,2026-09-05 23:23:57,c,0,54.0,Neural_Networks,b,11,General_Practice,15,12.547595973321759,0.4190633919062552,slow,5
A000740,S009,Q0101,RNN,1,2026-09-07 10:18:57,c,0,32.0,Neural_Networks,b,11,General_Practice,15,11.092734862210648,0.46352739576027113,slow,6
A000755,S009,Q0097,RNN,2,2026-09-10 16:42:57,a,0,41.0,Neural_Networks,b,11,General_Practice,15,7.826068195543982,0.5813154591894711,slow,7
A000771,S009,Q0101,RNN,1,2026-09-15 23:10:57,b,1,36.0,Neural_Networks,b,11,General_Practice,15,2.5566237510995373,0.8376024834400108,slow,8
A000698,S009,Q0044,Statistics,3,2026-08-28 10:51:57,c,1,44.0,Math_Basics,c,11,General_Practice,15,21.06981819554398,0.23213213832353102,normal,1
A000700,S009,Q0043,Statistics,4,2026-08-29 17:34:57,d,0,61.0,Math_Basics,c,11,General_Practice,15,19.78995708443287,0.25366639122054896,slow,2
A000743,S009,Q0037,Statistics,4,2026-09-08 09:58:57,b,0,64.0,Math_Basics,c,11,General_Practice,15,10.106623751099537,0.4963183240237365,slow,3
A000744,S009,Q0047,Statistics,5,2026-09-09 01:53:57,c,0,58.0,Math_Basics,b,11,General_Practice,15,9.443429306655093,0.5196661775150343,normal,4
A000748,S009,Q0043,Statistics,4,2026-09-09 16:29:57,c,1,47.0,Math_Basics,c,11,General_Practice,15,8.83509597332176,0.5420472054610491,normal,5
A000754,S009,Q0045,Statistics,1,2026-09-11 01:33:57,c,0,27.0,Math_Basics,b,11,General_Practice,15,7.457318195543982,0.5963652833221369,slow,6
A000781,S010,Q0057,AI_Basics,1,2026-08-28 23:40:57,a,1,26.0,Python;Math_Basics,a,12,General_Practice,30,20.535790417766204,0.24088575034255458,normal,1
A000790,S010,Q0057,AI_Basics,1,2026-08-30 14:32:57,c,0,38.0,Python;Math_Basics,a,12,General_Practice,30,18.916345973321757,0.26950153638147084,slow,2
A000819,S010,Q0053,AI_Basics,4,2026-09-04 21:41:57,c,0,68.0,Python;Math_Basics,b,12,General_Practice,30,13.618429306655091,0.38908494649287284,slow,3
A000825,S010,Q0060,AI_Basics,1,2026-09-05 16:39:57,d,0,34.0,Python;Math_Basics,b,12,General_Practice,30,12.828151528877314,0.41099274923574153,slow,4
A000838,S010,Q0054,AI_Basics,4,2026-09-06 21:04:57,b,1,65.0,Python;Math_Basics,b,12,General_Practice,30,11.644123751099537,0.4461459426497757,slow,5
A000857,S010,Q0052,AI_Basics,3,2026-09-14 08:46:57,d,0,66.0,Python;Math_Basics,b,12,General_Practice,30,4.156623751099537,0.7496752221503415,slow,6
A000867,S010,Q0051,AI_Basics,3,2026-09-17 16:24:57,a,0,53.0,Python;Math_Basics,b,12,General_Practice,30,0.8385681955439814,0.9435318871862354,slow,7
A000778,S010,Q0094,CNN,5,2026-08-29 01:18:57,d,0,76.0,Neural_Networks,a,12,General_Practice,30,20.467734862210648,0.24202475341465357,slow,1
A000789,S010,Q0090,CNN,1,2026-08-30 00:11:57,b,0,29.0,Neural_Networks,a,12,General_Practice,30,19.514262639988424,0.2585604888567466,slow,2
A000804,S010,Q0088,CNN,2,2026-09-01 20:01:57,d,0,58.0,Neural_Networks,b,12,General_Practice,30,16.687873751099538,0.3145175932541492,slow,3
A000802,S010,Q0096,CNN,3,2026-09-01 22:56:57,c,0,59.0,Neural_Networks,b,12,General_Practice,30,16.56634597332176,0.31717817385816177,slow,4
A000805,S010,Q0092,CNN,3,2026-09-02 03:12:57,d,0,62.0,Neural_Networks,a,12,General_Practice,30,16.388568195543982,0.3211108193485027,slow,5
A000807,S010,Q0091,CNN,2,2026-09-02 07:56:57,a,0,44.0,Neural_Networks,b,12,General_Practice,30,16.19134597332176,0.32553067534330193,slow,6
A000813,S010,Q0095,CNN,5,2026-09-04 01:42:57,a,0,88.0,Neural_Networks,b,12,General_Practice,30,14.45106819554398,0.36726496440046436,slow,7
A000817,S010,Q0096,CNN,3,2026-09-04 09:51:57,d,0,57.0,Neural_Networks,b,12,General_Practice,30,14.111484862210647,0.37601223562134917,slow,8
A000830,S010,Q0096,CNN,3,2026-09-05 21:43:57,c,0,59.0,Neural_Networks,b,12,General_Practice,30,12.617040417766203,0.4170510680814167,slow,9
A000826,S010,Q0095,CNN,5,2026-09-05 22:25:57,c,0,85.0,Neural_Networks,b,12,General_Practice,30,12.587873751099536,0.4178950644405648,slow,10
A000848,S010,Q0087,CNN,1,2026-09-10 19:51:57,c,0,36.0,Neural_Networks,b,12,General_Practice,30,7.694818195543982,0.5866281391275231,slow,11
A000858,S010,Q0085,CNN,5,2026-09-14 09:05:57,c,0,57.0,Neural_Networks,b,12,General_Practice,30,4.143429306655093,0.7503611656395341,normal,12
A000861,S010,Q0091,CNN,2,2026-09-15 16:17:57,d,0,38.0,Neural_Networks,b,12,General_Practice,30,2.843429306655093,0.8211154972300087,slow,13
A000868,S010,Q0087,CNN,1,2026-09-17 03:36:57,b,1,35.0,Neural_Networks,b,12,General_Practice,30,1.3719015288773149,0.9092883961107897,slow,14
A000779,S010,Q0031,Data_Structures,3,2026-08-28 20:41:57,c,1,36.0,Python,c,12,General_Practice,30,20.66009597332176,0.23881914537850218,normal,1
A000782,S010,Q0026,Data_Structures,2,2026-08-29 12:58:57,a,1,35.0,Python,a,12,General_Practice,30,19.981623751099537,0.2503186390171345,normal,2
A000787,S010,Q0028,Data_Structures,5,2026-08-29 14:55:57,c,0,59.0,Python,b,12,General_Practice,30,19.900373751099536,0.2517323659372276,normal,3
A000792,S010,Q0026,Data_Structures,2,2026-08-30 03:52:57,b,0,35.0,Python,a,12,General_Practice,30,19.360790417766204,0.2613257072547789,normal,4
A000810,S010,Q0034,Data_Structures,3,2026-09-02 05:49:57,b,1,39.0,Python,b,12,General_Practice,30,16.279540417766203,0.3235467203003541,normal,5
A000818,S010,Q0032,Data_Structures,5,2026-09-04 07:41:57,d,0,68.0,Python,c,12,General_Practice,30,14.201762639988425,0.3736666559383727,slow,6
A000842,S010,Q0030,Data_Structures,2,2026-09-08 05:38:57,b,0,23.0,Python,c,12,General_Practice,30,10.287179306655093,0.4901455293828945,fast,7
A000859,S010,Q0028,Data_Structures,5,2026-09-14 15:10:57,a,0,63.0,Python,b,12,General_Practice,30,3.8899570844328704,0.7636610206244693,normal,8
A000863,S010,Q0036,Data_Structures,4,2026-09-15 15:59:57,d,0,49.0,Python,b,12,General_Practice,30,2.8559293066550926,0.8204043629851582,normal,9
A000784,S010,Q0113,LSTM,5,2026-08-29 14:12:57,c,0,60.0,RNN,b,12,General_Practice,30,19.930234862210646,0.25121186549222724,normal,1
A000809,S010,Q0109,LSTM,4,2026-09-02 18:20:57,d,0,59.0,RNN,a,12,General_Practice,30,15.758012639988426,0.3354567633136799,slow,2
A000808,S010,Q0111,LSTM,1,2026-09-03 02:31:57,b,0,30.0,RNN,a,12,General_Practice,30,15.417040417766202,0.34347951341370186,slow,3
A000829,S010,Q0116,LSTM,1,2026-09-05 15:10:57,b,1,23.0,RNN,b,12,General_Practice,30,12.88995708443287,0.40923580813934346,normal,4
A000847,S010,Q0119,LSTM,4,2026-09-10 13:24:57,b,1,51.0,RNN,b,12,General_Practice,30,7.963568195543982,0.5758013914858606,normal,5
A000846,S010,Q0113,LSTM,5,2026-09-10 17:05:57,a,0,63.0,RNN,b,12,General_Practice,30,7.81009597332176,0.5819593957826094,normal,6
A000864,S010,Q0112,LSTM,3,2026-09-16 18:15:57,a,1,46.0,RNN,a,12,General_Practice,30,1.7614848622106483,0.8850626667589127,slow,7
A000865,S010,Q0112,LSTM,3,2026-09-16 19:31:57,c,0,48.0,RNN,a,12,General_Practice,30,1.7087070844328704,0.8883064005876404,slow,8
A000788,S010,Q0066,ML,2,2026-08-29 12:34:57,a,1,49.0,AI_Basics;Statistics,a,12,General_Practice,30,19.998290417766203,0.2500296265579595,slow,1
A000833,S010,Q0069,ML,5,2026-09-06 07:47:57,d,0,71.0,AI_Basics;Statistics,a,12,General_Practice,30,12.197595973321759,0.4293542574608226,slow,2
A000839,S010,Q0070,ML,5,2026-09-07 22:09:57,a,0,67.0,AI_Basics;Statistics,b,12,General_Practice,30,10.59898486221065,0.4796658096752962,slow,3
A000856,S010,Q0065,ML,1,2026-09-13 03:30:57,b,1,29.0,AI_Basics;Statistics,b,12,General_Practice,30,5.376068195543981,0.6889127483220285,slow,4
A000855,S010,Q0065,ML,1,2026-09-13 11:33:57,c,0,41.0,AI_Basics;Statistics,b,12,General_Practice,30,5.040651528877315,0.7051171360522147,slow,5
A000860,S010,Q0067,ML,3,2026-09-15 03:01:57,a,0,52.0,AI_Basics;Statistics,b,12,General_Practice,30,3.39620708443287,0.7902490448800672,slow,6
A000785,S010,Q0007,Math_Basics,5,2026-08-29 17:45:57,d,0,71.0,,c,12,General_Practice,30,19.78231819554398,0.253800739950854,slow,1
A000783,S010,Q0001,Math_Basics,5,2026-08-29 20:54:57,a,0,68.0,,c,12,General_Practice,30,19.65106819554398,0.25612024148497736,slow,2
A000794,S010,Q0012,Math_Basics,4,2026-08-30 07:52:57,c,0,62.0,,a,12,General_Practice,30,19.194123751099536,0.26436216570958343,slow,3
A000798,S010,Q0003,Math_Basics,1,2026-09-01 02:36:57,b,1,44.0,,b,12,General_Practice,30,17.41356819554398,0.29908825861827426,slow,4
A000822,S010,Q0004,Math_Basics,2,2026-09-04 17:54:57,a,0,38.0,,b,12,General_Practice,30,13.776068195543981,0.3848566764770934,slow,5
A000828,S010,Q0008,Math_Basics,5,2026-09-05 06:52:57,b,0,69.0,,a,12,General_Practice,30,13.235790417766204,0.3995425221345167,slow,6
A000852,S010,Q0002,Math_Basics,4,2026-09-12 03:23:57,b,0,58.0,,c,12,General_Practice,30,6.380929306655093,0.6425617770232463,slow,7
A000853,S010,Q0005,Math_Basics,3,2026-09-12 22:21:57,c,0,50.0,,a,12,General_Practice,30,5.590651528877315,0.6787418368996835,slow,8
A000862,S010,Q0006,Math_Basics,5,2026-09-15 08:45:57,b,1,69.0,,b,12,General_Practice,30,3.157318195543981,0.8034433337686032,slow,9
A000806,S010,Q0124,NLP,2,2026-09-02 02:51:57,d,0,41.0,LSTM,a,12,General_Practice,30,16.403151528877313,0.3207863918037489,slow,1
A000814,S010,Q0125,NLP,1,2026-09-03 07:52:57,a,1,31.0,LSTM,a,12,General_Practice,30,15.194123751099536,0.3488279689628501,slow,2
A000823,S010,Q0128,NLP,1,2026-09-04 13:20:57,b,1,25.0,LSTM,b,12,General_Practice,30,13.966345973321758,0.3798141087650689,normal,3
A000832,S010,Q0126,NLP,2,2026-09-05 08:42:57,b,1,39.0,LSTM,b,12,General_Practice,30,13.159401528877314,0.40166366018915617,slow,4
A000845,S010,Q0123,NLP,3,2026-09-09 14:16:57,b,0,50.0,LSTM,a,12,General_Practice,30,8.92745708443287,0.5385881120659193,slow,5
A000844,S010,Q0122,NLP,5,2026-09-09 20:06:57,d,0,73.0,LSTM,b,12,General_Practice,30,8.684401528877315,0.5477387477132816,slow,6
A000849,S010,Q0122,NLP,5,2026-09-11 19:04:57,a,0,64.0,LSTM,b,12,General_Practice,30,6.727457084432871,0.6273116633958128,slow,7
A000786,S010,Q0084,Neural_Networks,1,2026-08-29 23:54:57,d,0,44.0,ML,b,12,General_Practice,30,19.52606819554398,0.2583489956747727,slow,1
A000800,S010,Q0076,Neural_Networks,2,2026-08-31 05:46:57,c,0,60.0,ML,b,12,General_Practice,30,18.281623751099538,0.2816231087019824,slow,2
A000803,S010,Q0083,Neural_Networks,4,2026-09-01 12:33:57,d,0,49.0,ML,b,12,General_Practice,30,16.998984862210648,0.30780776115637715,normal,3
A000801,S010,Q0080,Neural_Networks,2,2026-09-02 00:37:57,d,0,42.0,ML,a,12,General_Practice,30,16.496207084432868,0.31872393989283127,slow,4
A000811,S010,Q0073,Neural_Networks,5,2026-09-02 17:32:57,b,0,97.0,ML,a,12,General_Practice,30,15.791345973321759,0.3346825883211358,slow,5
A000820,S010,Q0077,Neural_Networks,2,2026-09-04 04:45:57,b,0,37.0,ML,a,12,General_Practice,30,14.323984862210647,0.3705143986817277,slow,6
A000816,S010,Q0074,Neural_Networks,3,2026-09-04 14:02:57,c,0,54.0,ML,b,12,General_Practice,30,13.937179306655091,0.3805827477867252,slow,7
A000824,S010,Q0081,Neural_Networks,5,2026-09-05 21:17:57,d,0,84.0,ML,b,12,General_Practice,30,12.635095973321759,0.41652944857980523,slow,8
A000835,S010,Q0076,Neural_Networks,2,2026-09-06 17:53:57,a,0,49.0,ML,b,12,General_Practice,30,11.776762639988426,0.4420629518688976,slow,9
A000843,S010,Q0077,Neural_Networks,2,2026-09-09 18:08:57,d,0,57.0,ML,a,12,General_Practice,30,8.76634597332176,0.5446364345341247,slow,10
A000777,S010,Q0024,Python,1,2026-08-29 01:56:57,b,0,26.0,,c,12,General_Practice,30,20.44134597332176,0.24246785530701503,normal,1
A000795,S010,Q0013,Python,2,2026-08-30 10:31:57,a,0,35.0,,b,12,General_Practice,30,19.08370708443287,0.2663932240144318,normal,2
A000796,S010,Q0015,Python,2,2026-08-30 21:26:57,b,1,42.0,,b,12,General_Practice,30,18.62884597332176,0.27492602806630734,slow,3
A000799,S010,Q0019,Python,5,2026-08-31 23:28:57,d,0,73.0,,b,12,General_Practice,30,17.544123751099537,0.2963938925077364,slow,4
A000821,S010,Q0018,Python,1,2026-09-04 04:43:57,b,1,27.0,,b,12,General_Practice,30,14.325373751099535,0.3704787308138022,slow,5
A000815,S010,Q0013,Python,2,2026-09-05 03:15:57,c,0,40.0,,b,12,General_Practice,30,13.386484862210647,0.3953908838657513,slow,6
A000831,S010,Q0024,Python,1,2026-09-05 18:56:57,c,1,37.0,,c,12,General_Practice,30,12.733012639988425,0.41371200755635523,slow,7
A000836,S010,Q0017,Python,2,2026-09-06 22:13:57,b,1,25.0,,b,12,General_Practice,30,11.596207084432871,0.44763020415751226,fast,8
A000840,S010,Q0019,Python,5,2026-09-07 12:48:57,c,0,62.0,,b,12,General_Practice,30,10.988568195543982,0.46688630634692996,normal,9
A000866,S010,Q0023,Python,4,2026-09-17 22:04:57,d,0,69.0,,b,12,General_Practice,30,0.6024570844328704,0.9591007589360638,slow,10
A000791,S010,Q0103,RNN,3,2026-08-30 05:06:57,c,0,39.0,Neural_Networks,b,12,General_Practice,30,19.309401528877313,0.26225821088798346,normal,1
A000793,S010,Q0097,RNN,2,2026-08-30 19:57:57,a,0,42.0,Neural_Networks,b,12,General_Practice,30,18.690651528877314,0.2737507546872091,slow,2
A000827,S010,Q0108,RNN,5,2026-09-05 21:54:57,a,0,70.0,Neural_Networks,b,12,General_Practice,30,12.609401528877314,0.41727194985136457,slow,3
A000837,S010,Q0101,RNN,1,2026-09-06 05:22:57,b,1,32.0,Neural_Networks,b,12,General_Practice,30,12.298290417766204,0.4263679671580568,slow,4
A000834,S010,Q0101,RNN,1,2026-09-06 13:27:57,c,0,27.0,Neural_Networks,b,12,General_Practice,30,11.961484862210648,0.4364388737418736,slow,5
A000851,S010,Q0104,RNN,2,2026-09-11 19:31:57,a,0,45.0,Neural_Networks,b,12,General_Practice,30,6.708707084432871,0.6281274796269343,slow,6
A000854,S010,Q0103,RNN,3,2026-09-14 00:43:57,b,1,44.0,Neural_Networks,b,12,General_Practice,30,4.492040417766203,0.73244683930398,normal,7
A000780,S010,Q0048,Statistics,4,2026-08-28 10:02:57,c,0,53.0,Math_Basics,b,12,General_Practice,30,21.103845973321757,0.23158527064942647,normal,1
A000797,S010,Q0039,Statistics,3,2026-08-31 06:24:57,b,1,52.0,Math_Basics,b,12,General_Practice,30,18.255234862210646,0.2821387077497575,slow,2
A000812,S010,Q0044,Statistics,3,2026-09-03 05:03:57,c,1,49.0,Math_Basics,c,12,General_Practice,30,15.311484862210648,0.34600181570261623,slow,3
A000841,S010,Q0043,Statistics,4,2026-09-07 04:04:57,a,0,51.0,Math_Basics,c,12,General_Practice,30,11.35245708443287,0.45525737434680774,normal,4
A000850,S010,Q0043,Statistics,4,2026-09-11 11:58:57,d,0,59.0,Math_Basics,c,12,General_Practice,30,7.023290417766204,0.6145792478607436,slow,5
A000881,S011,Q0052,AI_Basics,3,2026-08-29 07:28:57,b,1,36.0,Python;Math_Basics,b,12,Entrance_Exam,30,20.2107904177662,0.24637383563770243,normal,1
A000882,S011,Q0052,AI_Basics,3,2026-08-30 16:48:57,b,1,49.0,Python;Math_Basics,b,12,Entrance_Exam,30,18.821901528877316,0.27127158595074796,slow,2
A000885,S011,Q0054,AI_Basics,4,2026-08-30 20:20:57,b,1,47.0,Python;Math_Basics,b,12,Entrance_Exam,30,18.67467930665509,0.2740539947362319,normal,3
A000893,S011,Q0056,AI_Basics,1,2026-08-31 03:30:57,b,1,13.0,Python;Math_Basics,b,12,Entrance_Exam,30,18.37606819554398,0.279785515352464,fast,4
A000891,S011,Q0056,AI_Basics,1,2026-08-31 18:12:57,b,1,24.0,Python;Math_Basics,b,12,Entrance_Exam,30,17.763568195543982,0.29191963968668905,normal,5
A000901,S011,Q0049,AI_Basics,4,2026-09-01 07:36:57,a,1,60.0,Python;Math_Basics,a,12,Entrance_Exam,30,17.20523486221065,0.30343859751575775,slow,6
A000902,S011,Q0058,AI_Basics,5,2026-09-01 18:15:57,c,0,53.0,Python;Math_Basics,b,12,Entrance_Exam,30,16.761484862210647,0.3129169067201384,normal,7
A000894,S011,Q0056,AI_Basics,1,2026-09-01 18:34:57,b,1,28.0,Python;Math_Basics,b,12,Entrance_Exam,30,16.748290417766203,0.3132032217916267,slow,8
A000906,S011,Q0057,AI_Basics,1,2026-09-02 09:09:57,a,1,28.0,Python;Math_Basics,a,12,Entrance_Exam,30,16.140651528877314,0.3266765602501553,slow,9
A000905,S011,Q0052,AI_Basics,3,2026-09-02 11:55:57,b,1,51.0,Python;Math_Basics,b,12,Entrance_Exam,30,16.025373751099536,0.329297308411728,slow,10
A000920,S011,Q0053,AI_Basics,4,2026-09-05 07:14:57,b,1,33.0,Python;Math_Basics,b,12,Entrance_Exam,30,13.220512639988424,0.3999658517287717,fast,11
A000942,S011,Q0049,AI_Basics,4,2026-09-11 00:41:57,d,0,53.0,Python;Math_Basics,a,12,Entrance_Exam,30,7.493429306655093,0.5948744288474247,normal,12
A000945,S011,Q0049,AI_Basics,4,2026-09-11 11:59:57,a,1,42.0,Python;Math_Basics,a,12,Entrance_Exam,30,7.02259597332176,0.6146088314805841,fast,13
A000946,S011,Q0057,AI_Basics,1,2026-09-11 22:02:57,a,1,25.0,Python;Math_Basics,a,12,Entrance_Exam,30,6.60384597332176,0.6327096051569572,normal,14
A000959,S011,Q0060,AI_Basics,1,2026-09-16 11:09:57,b,1,5.0,Python;Math_Basics,b,12,Entrance_Exam,30,2.0573181955439814,0.8670987322343275,fast,15
A000963,S011,Q0051,AI_Basics,3,2026-09-17 21:11:57,a,0,46.0,Python;Math_Basics,b,12,Entrance_Exam,30,0.6392626399884259,0.9566570514898826,slow,16
A000878,S011,Q0090,CNN,1,2026-08-29 15:55:57,a,1,29.0,Neural_Networks,a,12,Entrance_Exam,30,19.85870708443287,0.2524604484055549,slow,1
A000918,S011,Q0092,CNN,3,2026-09-04 11:27:57,a,1,58.0,Neural_Networks,a,12,Entrance_Exam,30,14.04481819554398,0.37775380186793556,slow,2
A000916,S011,Q0085,CNN,5,2026-09-04 16:53:57,b,1,57.0,Neural_Networks,b,12,Entrance_Exam,30,13.818429306655093,0.38372829905731987,normal,3
A000937,S011,Q0090,CNN,1,2026-09-09 16:57:57,a,1,25.0,Neural_Networks,a,12,Entrance_Exam,30,8.815651528877316,0.5427782617389845,normal,4
A000877,S011,Q0028,Data_Structures,5,2026-08-29 04:32:57,b,1,55.0,Python,b,12,Entrance_Exam,30,20.333012639988425,0.24429542243466698,normal,1
A000876,S011,Q0026,Data_Structures,2,2026-08-30 02:41:57,a,1,23.0,Python,a,12,Entrance_Exam,30,19.41009597332176,0.2604341247437649,fast,2
A000886,S011,Q0026,Data_Structures,2,2026-08-30 11:58:57,a,1,12.0,Python,a,12,Entrance_Exam,30,19.0232904177662,0.26751115520763935,fast,3
A000895,S011,Q0035,Data_Structures,4,2026-09-02 01:18:57,c,1,44.0,Python,c,12,Entrance_Exam,30,16.467734862210648,0.3193535767334944,normal,4
A000924,S011,Q0025,Data_Structures,4,2026-09-07 00:10:57,d,0,42.0,Python,c,12,Entrance_Exam,30,11.51495708443287,0.4501582894505171,fast,5
A000925,S011,Q0031,Data_Structures,3,2026-09-07 01:24:57,c,1,30.0,Python,c,12,Entrance_Exam,30,11.463568195543981,0.4517646153066278,fast,6
A000941,S011,Q0036,Data_Structures,4,2026-09-10 20:15:57,d,0,44.0,Python,b,12,Entrance_Exam,30,7.678151528877315,0.5873062301339552,normal,7
A000958,S011,Q0035,Data_Structures,4,2026-09-15 15:15:57,a,0,46.0,Python,c,12,Entrance_Exam,30,2.8864848622106485,0.8186686265457038,normal,8
A000962,S011,Q0030,Data_Structures,2,2026-09-16 04:39:57,c,1,30.0,Python,c,12,Entrance_Exam,30,2.328151528877315,0.8509727544737966,normal,9
A000875,S011,Q0110,LSTM,2,2026-08-28 22:56:57,a,1,29.0,RNN,a,12,Entrance_Exam,30,20.56634597332176,0.2403761063261655,normal,1
A000879,S011,Q0120,LSTM,5,2026-08-29 23:35:57,b,1,47.0,RNN,b,12,Entrance_Exam,30,19.539262639988426,0.25811282565473775,fast,2
A000883,S011,Q0117,LSTM,5,2026-08-30 05:02:57,b,1,53.0,RNN,b,12,Entrance_Exam,30,19.312179306655093,0.26220772032126194,normal,3
A000889,S011,Q0109,LSTM,4,2026-09-01 02:54:57,d,0,44.0,RNN,a,12,Entrance_Exam,30,17.40106819554398,0.29934751114365366,normal,4
A000903,S011,Q0113,LSTM,5,2026-09-01 17:38:57,b,1,43.0,RNN,b,12,Entrance_Exam,30,16.78717930665509,0.31236009670399695,fast,5
A000912,S011,Q0113,LSTM,5,2026-09-03 07:52:57,d,0,44.0,RNN,b,12,Entrance_Exam,30,15.194123751099536,0.3488279689628501,fast,6
A000919,S011,Q0115,LSTM,4,2026-09-05 05:25:57,a,1,46.0,RNN,a,12,Entrance_Exam,30,13.29620708443287,0.39787283083450237,normal,7
A000935,S011,Q0111,LSTM,1,2026-09-09 10:33:57,a,1,25.0,RNN,a,12,Entrance_Exam,30,9.082318195543982,0.5328377420845819,normal,8
A000874,S011,Q0069,ML,5,2026-08-28 10:50:57,a,1,62.0,AI_Basics;Statistics,a,12,Entrance_Exam,30,21.070512639988426,0.23212096486070194,normal,1
A000873,S011,Q0070,ML,5,2026-08-28 12:19:57,b,1,59.0,AI_Basics;Statistics,b,12,Entrance_Exam,30,21.00870708443287,0.23311751221650043,normal,2
A000869,S011,Q0070,ML,5,2026-08-28 13:52:57,a,0,49.0,AI_Basics;Statistics,b,12,Entrance_Exam,30,20.944123751099536,0.2341634196651049,fast,3
A000890,S011,Q0065,ML,1,2026-08-31 21:57:57,b,1,26.0,AI_Basics;Statistics,b,12,Entrance_Exam,30,17.607318195543982,0.29509843614734677,normal,4
A000910,S011,Q0071,ML,3,2026-09-02 11:23:57,b,1,32.0,AI_Basics;Statistics,b,12,Entrance_Exam,30,16.04759597332176,0.3287904733003218,fast,5
A000926,S011,Q0065,ML,1,2026-09-07 09:55:57,b,1,17.0,AI_Basics;Statistics,b,12,Entrance_Exam,30,11.10870708443287,0.4630145038743163,fast,6
A000933,S011,Q0065,ML,1,2026-09-08 22:35:57,b,1,24.0,AI_Basics;Statistics,b,12,Entrance_Exam,30,9.580929306655094,0.5147368840637819,normal,7
A000939,S011,Q0061,ML,3,2026-09-11 00:43:57,b,1,38.0,AI_Basics;Statistics,b,12,Entrance_Exam,30,7.492040417766204,0.5949317004282083,normal,8
A000961,S011,Q0064,ML,1,2026-09-16 19:47:57,a,1,26.0,AI_Basics;Statistics,a,12,Entrance_Exam,30,1.6975959733217594,0.8889908053022995,normal,9
A000884,S011,Q0011,Math_Basics,1,2026-08-30 11:13:57,b,0,25.0,,c,12,Entrance_Exam,30,19.0545404177662,0.26693233044138387,normal,1
A000887,S011,Q0011,Math_Basics,1,2026-09-01 00:02:57,c,1,30.0,,c,12,Entrance_Exam,30,17.520512639988425,0.29687936716904245,slow,2
A000898,S011,Q0005,Math_Basics,3,2026-09-01 19:02:57,b,0,47.0,,a,12,Entrance_Exam,30,16.728845973321757,0.31362563736586735,slow,3
A000896,S011,Q0008,Math_Basics,5,2026-09-01 19:07:57,c,0,70.0,,a,12,Entrance_Exam,30,16.725373751099536,0.3137011286466056,slow,4
A000907,S011,Q0004,Math_Basics,2,2026-09-03 02:59:57,b,1,26.0,,b,12,Entrance_Exam,30,15.397595973321758,0.3439427624667243,fast,5
A000917,S011,Q0009,Math_Basics,2,2026-09-04 16:36:57,a,1,35.0,,a,12,Entrance_Exam,30,13.830234862210647,0.3834144231076732,normal,6
A000929,S011,Q0003,Math_Basics,1,2026-09-08 16:39:57,b,1,34.0,,b,12,Entrance_Exam,30,9.828151528877315,0.5059914271468512,slow,7
A000955,S011,Q0005,Math_Basics,3,2026-09-14 03:52:57,d,0,39.0,,a,12,Entrance_Exam,30,4.360790417766204,0.7391407187928988,normal,8
A000956,S011,Q0005,Math_Basics,3,2026-09-14 05:45:57,b,0,54.0,,a,12,Entrance_Exam,30,4.282318195543981,0.7431720659649215,slow,9
A000880,S011,Q0122,NLP,5,2026-08-29 06:23:57,c,0,53.0,LSTM,b,12,Entrance_Exam,30,20.25592930665509,0.24560418846279616,normal,1
A000892,S011,Q0129,NLP,1,2026-08-31 15:54:57,b,1,27.0,LSTM,b,12,Entrance_Exam,30,17.859401528877314,0.28998694286377474,slow,2
A000904,S011,Q0127,NLP,3,2026-09-01 19:15:57,a,0,34.0,LSTM,b,12,Entrance_Exam,30,16.71981819554398,0.3138219524935649,fast,3
A000908,S011,Q0121,NLP,3,2026-09-02 07:08:57,a,1,34.0,LSTM,a,12,Entrance_Exam,30,16.22467930665509,0.3247794080095708,fast,4
A000909,S011,Q0122,NLP,5,2026-09-02 14:34:57,a,0,39.0,LSTM,b,12,Entrance_Exam,30,15.914957084432869,0.3318272545226575,fast,5
A000911,S011,Q0123,NLP,3,2026-09-03 19:52:57,a,1,46.0,LSTM,a,12,Entrance_Exam,30,14.694123751099536,0.36112936072206747,slow,6
A000915,S011,Q0129,NLP,1,2026-09-04 12:21:57,b,1,23.0,LSTM,b,12,Entrance_Exam,30,14.00731819554398,0.37873697528181793,normal,7
A000949,S011,Q0125,NLP,1,2026-09-11 21:29:57,a,1,25.0,LSTM,a,12,Entrance_Exam,30,6.626762639988426,0.6317053676173036,normal,8
A000954,S011,Q0131,NLP,1,2026-09-14 10:41:57,a,1,22.0,LSTM,a,12,Entrance_Exam,30,4.076762639988425,0.753836594242722,normal,9
A000960,S011,Q0127,NLP,3,2026-09-16 15:30:57,b,1,48.0,LSTM,b,12,Entrance_Exam,30,1.8760681955439815,0.8780610646695617,slow,10
A000870,S011,Q0084,Neural_Networks,1,2026-08-28 07:03:57,b,1,28.0,ML,b,12,Entrance_Exam,30,21.228151528877316,0.2295984562810176,slow,1
A000871,S011,Q0079,Neural_Networks,5,2026-08-28 19:06:57,c,0,56.0,ML,b,12,Entrance_Exam,30,20.72606819554398,0.23772955537126514,normal,2
A000913,S011,Q0082,Neural_Networks,2,2026-09-03 17:17:57,b,1,31.0,ML,b,12,Entrance_Exam,30,14.801762639988425,0.3584450156299397,normal,3
A000914,S011,Q0077,Neural_Networks,2,2026-09-04 14:20:57,a,1,34.0,ML,a,12,Entrance_Exam,30,13.924679306655092,0.38091264050446455,normal,4
A000922,S011,Q0081,Neural_Networks,5,2026-09-05 21:09:57,d,0,59.0,ML,b,12,Entrance_Exam,30,12.640651528877314,0.41636908156293667,normal,5
A000934,S011,Q0073,Neural_Networks,5,2026-09-08 06:20:57,d,0,52.0,ML,a,12,Entrance_Exam,30,10.258012639988426,0.49113744877577603,normal,6
A000943,S011,Q0073,Neural_Networks,5,2026-09-10 07:52:57,a,1,56.0,ML,a,12,Entrance_Exam,30,8.194123751099538,0.566672707412307,normal,7
A000940,S011,Q0074,Neural_Networks,3,2026-09-11 03:10:57,b,1,39.0,ML,b,12,Entrance_Exam,30,7.389957084432871,0.5991562929655612,normal,8
A000953,S011,Q0083,Neural_Networks,4,2026-09-13 17:23:57,d,0,60.0,ML,b,12,Entrance_Exam,30,4.7975959733217595,0.7170971071213416,slow,9
A000957,S011,Q0084,Neural_Networks,1,2026-09-15 23:40:57,b,1,24.0,ML,b,12,Entrance_Exam,30,2.535790417766204,0.8388129026028817,normal,10
A000872,S011,Q0023,Python,4,2026-08-28 16:40:57,b,1,41.0,,b,12,Entrance_Exam,30,20.82745708443287,0.23606471023489342,fast,1
A000897,S011,Q0021,Python,5,2026-09-02 02:11:57,c,0,51.0,,b,12,Entrance_Exam,30,16.43092930665509,0.3201693410789439,normal,2
A000927,S011,Q0020,Python,2,2026-09-07 17:10:57,c,1,29.0,,c,12,Entrance_Exam,30,10.806623751099538,0.47281169459049455,normal,3
A000932,S011,Q0020,Python,2,2026-09-08 10:32:57,c,1,26.0,,c,12,Entrance_Exam,30,10.083012639988427,0.4971312624018413,fast,4
A000938,S011,Q0017,Python,2,2026-09-09 20:59:57,b,1,34.0,,b,12,Entrance_Exam,30,8.64759597332176,0.549137904552469,normal,5
A000944,S011,Q0021,Python,5,2026-09-10 04:36:57,d,0,48.0,,b,12,Entrance_Exam,30,8.330234862210649,0.5613515724911882,fast,6
A000948,S011,Q0018,Python,1,2026-09-11 12:35:57,b,1,25.0,,b,12,Entrance_Exam,30,6.99759597332176,0.6156747907438853,normal,7
A000951,S011,Q0018,Python,1,2026-09-12 13:15:57,b,1,14.0,,b,12,Entrance_Exam,30,5.969818195543981,0.6611356339679816,fast,8
A000921,S011,Q0099,RNN,2,2026-09-05 10:37:57,a,1,26.0,Neural_Networks,a,12,Entrance_Exam,30,13.079540417766204,0.4038932549478573,fast,1
A000928,S011,Q0102,RNN,2,2026-09-07 10:43:57,a,1,32.0,Neural_Networks,a,12,Entrance_Exam,30,11.075373751099537,0.4640855313570509,normal,2
A000930,S011,Q0098,RNN,4,2026-09-08 15:01:57,a,1,36.0,Neural_Networks,a,12,Entrance_Exam,30,9.89620708443287,0.5036101591903931,fast,3
A000936,S011,Q0106,RNN,5,2026-09-09 08:15:57,b,1,46.0,Neural_Networks,b,12,Entrance_Exam,30,9.178151528877315,0.5293100116024498,fast,4
A000947,S011,Q0104,RNN,2,2026-09-11 17:08:57,b,1,36.0,Neural_Networks,b,12,Entrance_Exam,30,6.808012639988426,0.6238187131241463,normal,5
A000888,S011,Q0042,Statistics,5,2026-08-31 09:06:57,c,0,60.0,Math_Basics,b,12,Entrance_Exam,30,18.14273486221065,0.28434739920192764,normal,1
A000899,S011,Q0047,Statistics,5,2026-09-01 10:06:57,c,0,57.0,Math_Basics,b,12,Entrance_Exam,30,17.10106819554398,0.3056374386779395,normal,2
A000900,S011,Q0039,Statistics,3,2026-09-01 12:40:57,b,1,34.0,Math_Basics,b,12,Entrance_Exam,30,16.994123751099536,0.30791149339349133,fast,3
A000923,S011,Q0037,Statistics,4,2026-09-05 10:32:57,c,1,43.0,Math_Basics,c,12,Entrance_Exam,30,13.083012639988425,0.4037960591894962,fast,4
A000931,S011,Q0037,Statistics,4,2026-09-08 10:00:57,c,1,54.0,Math_Basics,c,12,Entrance_Exam,30,10.105234862210649,0.49636610710804857,slow,5
A000952,S011,Q0040,Statistics,3,2026-09-13 06:32:57,b,1,50.0,Math_Basics,b,12,Entrance_Exam,30,5.249679306655092,0.6949745581782351,slow,6
A000990,S012,Q0054,AI_Basics,4,2026-09-02 09:26:57,b,1,30.0,Python;Math_Basics,b,9,General_Practice,30,16.12884597332176,0.3269439886758905,fast,1
A000985,S012,Q0056,AI_Basics,1,2026-09-02 19:26:57,b,1,11.0,Python;Math_Basics,b,9,General_Practice,30,15.712179306655091,0.33652417880123864,fast,2
A001002,S012,Q0058,AI_Basics,5,2026-09-07 13:44:57,b,1,40.0,Python;Math_Basics,b,9,General_Practice,30,10.949679306655094,0.4681465299225581,fast,3
A001009,S012,Q0049,AI_Basics,4,2026-09-08 12:29:57,a,1,17.0,Python;Math_Basics,a,9,General_Practice,30,10.001762639988426,0.4999389152847304,fast,4
A001016,S012,Q0055,AI_Basics,3,2026-09-10 11:40:57,a,1,21.0,Python;Math_Basics,a,9,General_Practice,30,8.035790417766204,0.57292609642027,fast,5
A001030,S012,Q0055,AI_Basics,3,2026-09-12 08:28:57,a,1,39.0,Python;Math_Basics,a,9,General_Practice,30,6.169123751099537,0.6520649708611646,normal,6
A001038,S012,Q0052,AI_Basics,3,2026-09-17 11:40:57,b,1,37.0,Python;Math_Basics,b,9,General_Practice,30,1.0357904177662036,0.9307211895047761,normal,7
A000967,S012,Q0096,CNN,3,2026-08-29 22:35:57,b,1,31.0,Neural_Networks,b,9,General_Practice,30,19.58092930665509,0.257368442031891,fast,1
A001004,S012,Q0091,CNN,2,2026-09-07 03:43:57,b,1,32.0,Neural_Networks,b,9,General_Practice,30,11.367040417766205,0.4547974146590896,normal,2
A000991,S012,Q0035,Data_Structures,4,2026-09-03 02:37:57,c,1,47.0,Python,c,9,General_Practice,30,15.412873751099536,0.343578728513694,normal,1
A000997,S012,Q0036,Data_Structures,4,2026-09-04 19:12:57,b,1,42.0,Python,b,9,General_Practice,30,13.721901528877314,0.3863043550330905,fast,2
A001003,S012,Q0034,Data_Structures,3,2026-09-07 16:52:57,b,1,40.0,Python,b,9,General_Practice,30,10.819123751099538,0.47240221189467,normal,3
A001006,S012,Q0032,Data_Structures,5,2026-09-08 02:02:57,c,1,47.0,Python,c,9,General_Practice,30,10.437179306655093,0.4850757857659369,fast,4
A001022,S012,Q0030,Data_Structures,2,2026-09-11 03:04:57,c,1,32.0,Python,c,9,General_Practice,30,7.394123751099538,0.5989832748285693,normal,5
A000975,S012,Q0117,LSTM,5,2026-08-31 22:13:57,a,0,54.0,RNN,b,9,General_Practice,30,17.59620708443287,0.2953257977433616,normal,1
A000978,S012,Q0120,LSTM,5,2026-08-31 23:29:57,a,0,54.0,RNN,b,9,General_Practice,30,17.543429306655092,0.29640815983659524,normal,2
A000984,S012,Q0113,LSTM,5,2026-09-02 19:00:57,b,1,48.0,RNN,b,9,General_Practice,30,15.730234862210647,0.3361032769312733,fast,3
A000999,S012,Q0111,LSTM,1,2026-09-05 22:46:57,a,1,22.0,RNN,a,9,General_Practice,30,12.573290417766202,0.4183177029102295,normal,4
A001001,S012,Q0120,LSTM,5,2026-09-07 00:57:57,d,0,46.0,RNN,b,9,General_Practice,30,11.482318195543982,0.45117786035995294,fast,5
A001008,S012,Q0118,LSTM,4,2026-09-08 20:03:57,a,0,38.0,RNN,b,9,General_Practice,30,9.686484862210648,0.5109845279721636,fast,6
A001011,S012,Q0120,LSTM,5,2026-09-09 01:19:57,d,0,53.0,RNN,b,9,General_Practice,30,9.467040417766205,0.5188163887138554,normal,7
A001029,S012,Q0111,LSTM,1,2026-09-12 05:55:57,a,1,14.0,RNN,a,9,General_Practice,30,6.275373751099537,0.6472803555051092,fast,8
A001028,S012,Q0109,LSTM,4,2026-09-12 18:27:57,a,1,39.0,RNN,a,9,General_Practice,30,5.753151528877314,0.6711396267125747,fast,9
A000969,S012,Q0068,ML,2,2026-08-29 04:54:57,b,1,28.0,AI_Basics;Statistics,b,9,General_Practice,30,20.317734862210646,0.24455426217343904,fast,1
A000971,S012,Q0068,ML,2,2026-08-30 16:52:57,b,1,22.0,AI_Basics;Statistics,b,9,General_Practice,30,18.819123751099536,0.2713238218501841,fast,2
A000972,S012,Q0066,ML,2,2026-08-31 03:18:57,a,1,23.0,AI_Basics;Statistics,a,9,General_Practice,30,18.384401528877316,0.27962395156746683,fast,3
A000981,S012,Q0066,ML,2,2026-09-01 14:12:57,a,1,32.0,AI_Basics;Statistics,a,9,General_Practice,30,16.930234862210646,0.30927808476671015,normal,4
A000995,S012,Q0071,ML,3,2026-09-03 19:38:57,b,1,24.0,AI_Basics;Statistics,b,9,General_Practice,30,14.703845973321759,0.3608860801222469,fast,5
A001007,S012,Q0062,ML,2,2026-09-08 06:49:57,a,1,33.0,AI_Basics;Statistics,a,9,General_Practice,30,10.237873751099537,0.49182351679057157,normal,6
A001010,S012,Q0068,ML,2,2026-09-09 00:17:57,b,1,32.0,AI_Basics;Statistics,b,9,General_Practice,30,9.510095973321759,0.5172703496774916,normal,7
A001017,S012,Q0062,ML,2,2026-09-10 05:20:57,a,1,33.0,AI_Basics;Statistics,a,9,General_Practice,30,8.299679306655094,0.5625417468158463,normal,8
A001021,S012,Q0070,ML,5,2026-09-11 00:31:57,d,0,54.0,AI_Basics;Statistics,b,9,General_Practice,30,7.500373751099538,0.5945881536323177,normal,9
A001024,S012,Q0070,ML,5,2026-09-12 01:16:57,a,0,49.0,AI_Basics;Statistics,b,9,General_Practice,30,6.469123751099538,0.6386456678068525,fast,10
A001035,S012,Q0069,ML,5,2026-09-15 19:11:57,a,1,49.0,AI_Basics;Statistics,a,9,General_Practice,30,2.7225959733217593,0.8280216544088297,fast,11
A000968,S012,Q0004,Math_Basics,2,2026-08-29 15:47:57,b,1,21.0,,b,9,General_Practice,30,19.864262639988425,0.2523632492060118,fast,1
A000973,S012,Q0006,Math_Basics,5,2026-08-31 02:08:57,b,1,27.0,,b,9,General_Practice,30,18.433012639988426,0.27868335386621695,fast,2
A000986,S012,Q0011,Math_Basics,1,2026-09-02 14:59:57,a,0,20.0,,c,9,General_Practice,30,15.897595973321758,0.3322268093373778,fast,3
A000998,S012,Q0001,Math_Basics,5,2026-09-05 18:26:57,c,1,33.0,,c,9,General_Practice,30,12.753845973321758,0.41311501513968873,fast,4
A001014,S012,Q0001,Math_Basics,5,2026-09-10 04:46:57,c,1,29.0,,c,9,General_Practice,30,8.323290417766204,0.5616218453534775,fast,5
A001027,S012,Q0005,Math_Basics,3,2026-09-12 19:12:57,a,1,18.0,,a,9,General_Practice,30,5.721901528877314,0.6725949477556058,fast,6
A001031,S012,Q0003,Math_Basics,1,2026-09-12 22:00:57,b,1,6.0,,b,9,General_Practice,30,5.605234862210648,0.6780560843980584,fast,7
A000965,S012,Q0127,NLP,3,2026-08-28 10:46:57,b,1,42.0,LSTM,b,9,General_Practice,30,21.073290417766202,0.2320762763873685,normal,1
A000989,S012,Q0124,NLP,2,2026-09-03 01:58:57,a,1,25.0,LSTM,a,9,General_Practice,30,15.43995708443287,0.34293434226621083,fast,2
A001005,S012,Q0123,NLP,3,2026-09-07 21:51:57,a,1,45.0,LSTM,a,9,General_Practice,30,10.611484862210649,0.4792503909132649,normal,3
A001034,S012,Q0122,NLP,5,2026-09-15 07:56:57,b,1,59.0,LSTM,b,9,General_Practice,30,3.191345973321759,0.8015505446426078,normal,4
A001037,S012,Q0122,NLP,5,2026-09-16 08:40:57,c,0,48.0,LSTM,b,9,General_Practice,30,2.160790417766204,0.8609020203045253,fast,5
A000964,S012,Q0084,Neural_Networks,1,2026-08-28 09:32:57,b,1,23.0,ML,b,9,General_Practice,30,21.124679306655093,0.2312510897509652,normal,1
A000988,S012,Q0079,Neural_Networks,5,2026-09-02 16:57:57,b,1,48.0,ML,b,9,General_Practice,30,15.815651528877314,0.3341192123125078,fast,2
A000996,S012,Q0073,Neural_Networks,5,2026-09-03 07:33:57,d,0,54.0,ML,a,9,General_Practice,30,15.20731819554398,0.34850908748934745,normal,3
A001023,S012,Q0080,Neural_Networks,2,2026-09-10 13:38:57,a,1,25.0,ML,a,9,General_Practice,30,7.9538459733217595,0.5761895508403326,fast,4
A000980,S012,Q0018,Python,1,2026-09-01 10:50:57,b,1,20.0,,b,9,General_Practice,30,17.070512639988426,0.3062854493899332,fast,1
A000987,S012,Q0024,Python,1,2026-09-02 05:39:57,c,1,11.0,,c,9,General_Practice,30,16.286484862210646,0.3233910178487786,fast,2
A000994,S012,Q0014,Python,3,2026-09-03 21:49:57,d,0,47.0,,a,9,General_Practice,30,14.612873751099537,0.36316891439211524,slow,3
A001000,S012,Q0024,Python,1,2026-09-05 17:52:57,c,1,28.0,,c,9,General_Practice,30,12.77745708443287,0.4124394650872622,slow,4
A001012,S012,Q0014,Python,3,2026-09-10 03:04:57,a,1,31.0,,a,9,General_Practice,30,8.394123751099537,0.5588711567938136,fast,5
A001025,S012,Q0018,Python,1,2026-09-11 09:37:57,b,1,31.0,,b,9,General_Practice,30,7.1212070844328705,0.6104221809571003,slow,6
A000966,S012,Q0102,RNN,2,2026-08-29 14:37:57,a,1,19.0,Neural_Networks,a,9,General_Practice,30,19.912873751099536,0.2515143509240424,fast,1
A000974,S012,Q0105,RNN,4,2026-08-30 22:49:57,c,0,29.0,Neural_Networks,b,9,General_Practice,30,18.57120708443287,0.2760266160317322,fast,2
A000976,S012,Q0100,RNN,3,2026-08-31 20:13:57,b,1,25.0,Neural_Networks,b,9,General_Practice,30,17.6795404177662,0.2936248463126151,fast,3
A000982,S012,Q0107,RNN,1,2026-09-01 17:14:57,a,1,16.0,Neural_Networks,a,9,General_Practice,30,16.80384597332176,0.3119994525264357,fast,4
A000993,S012,Q0100,RNN,3,2026-09-03 05:44:57,b,1,29.0,Neural_Networks,b,9,General_Practice,30,15.283012639988424,0.34668533978987487,fast,5
A001015,S012,Q0106,RNN,5,2026-09-10 12:05:57,c,0,33.0,Neural_Networks,b,9,General_Practice,30,8.018429306655094,0.5736159595257976,fast,6
A001020,S012,Q0107,RNN,1,2026-09-10 13:22:57,a,1,19.0,Neural_Networks,a,9,General_Practice,30,7.9649570844328705,0.5757459614997226,fast,7
A001013,S012,Q0108,RNN,5,2026-09-10 16:53:57,b,1,36.0,Neural_Networks,b,9,General_Practice,30,7.818429306655093,0.5816233399200361,fast,8
A001039,S012,Q0107,RNN,1,2026-09-17 16:24:57,a,1,18.0,Neural_Networks,a,9,General_Practice,30,0.8385681955439814,0.9435318871862354,fast,9
A000970,S012,Q0046,Statistics,3,2026-08-30 11:35:57,c,1,41.0,Math_Basics,c,9,General_Practice,30,19.039262639988426,0.2672151547939348,normal,1
A000977,S012,Q0038,Statistics,2,2026-08-31 03:24:57,b,1,30.0,Math_Basics,b,9,General_Practice,30,18.380234862210646,0.2797047217946028,normal,2
A000979,S012,Q0038,Statistics,2,2026-08-31 14:33:57,b,1,33.0,Math_Basics,b,9,General_Practice,30,17.915651528877316,0.2888584987394202,normal,3
A000983,S012,Q0042,Statistics,5,2026-09-01 03:45:57,a,0,39.0,Math_Basics,b,9,General_Practice,30,17.365651528877315,0.30008328098034365,fast,4
A000992,S012,Q0040,Statistics,3,2026-09-03 00:23:57,b,1,34.0,Math_Basics,b,9,General_Practice,30,15.505929306655093,0.34136973641403145,fast,5
A001019,S012,Q0048,Statistics,4,2026-09-10 03:51:57,b,1,34.0,Math_Basics,b,9,General_Practice,30,8.361484862210649,0.5601369532635071,fast,6
A001026,S012,Q0046,Statistics,3,2026-09-11 11:12:57,c,1,29.0,Math_Basics,c,9,General_Practice,30,7.055234862210648,0.6132199395594247,fast,7
A001032,S012,Q0042,Statistics,5,2026-09-13 02:15:57,b,1,39.0,Math_Basics,b,9,General_Practice,30,5.428151528877315,0.6864301597188418,fast,8
A001033,S012,Q0043,Statistics,4,2026-09-14 07:17:57,c,1,29.0,Math_Basics,c,9,General_Practice,30,4.218429306655092,0.7464704570804066,fast,9
A001036,S012,Q0043,Statistics,4,2026-09-17 02:28:57,c,1,32.0,Math_Basics,c,9,General_Practice,30,1.419123751099537,0.9063169835208952,fast,10
A001064,S013,Q0052,AI_Basics,3,2026-09-01 22:16:57,d,0,52.0,Python;Math_Basics,b,10,General_Practice,60,16.594123751099538,0.3165680637441665,slow,1
A001065,S013,Q0056,AI_Basics,1,2026-09-02 10:39:57,b,1,25.0,Python;Math_Basics,b,10,General_Practice,60,16.078151528877314,0.32809484851917575,normal,2
A001072,S013,Q0049,AI_Basics,4,2026-09-04 01:26:57,c,0,54.0,Python;Math_Basics,a,10,General_Practice,60,14.462179306655091,0.3669822192115765,slow,3
A001112,S013,Q0059,AI_Basics,4,2026-09-14 07:03:57,b,0,53.0,Python;Math_Basics,a,10,General_Practice,60,4.228151528877315,0.7459675852557957,normal,4
A001116,S013,Q0060,AI_Basics,1,2026-09-16 13:53:57,b,1,33.0,Python;Math_Basics,b,10,General_Practice,60,1.9434293066550927,0.8739708516019856,slow,5
A001045,S013,Q0094,CNN,5,2026-08-29 07:05:57,c,0,75.0,Neural_Networks,a,10,General_Practice,60,20.226762639988426,0.24610122361440898,slow,1
A001050,S013,Q0088,CNN,2,2026-08-29 07:32:57,c,0,34.0,Neural_Networks,b,10,General_Practice,60,20.208012639988425,0.24642127724076218,normal,2
A001070,S013,Q0088,CNN,2,2026-09-03 02:56:57,d,0,48.0,Neural_Networks,b,10,General_Practice,60,15.399679306655091,0.3438930987701539,slow,3
A001078,S013,Q0085,CNN,5,2026-09-04 17:11:57,a,0,73.0,Neural_Networks,b,10,General_Practice,60,13.805929306655091,0.3840609183685885,slow,4
A001085,S013,Q0090,CNN,1,2026-09-06 18:01:57,a,1,29.0,Neural_Networks,a,10,General_Practice,60,11.77120708443287,0.44223321503203455,slow,5
A001084,S013,Q0088,CNN,2,2026-09-06 21:43:57,a,0,45.0,Neural_Networks,b,10,General_Practice,60,11.617040417766205,0.44698426729207924,slow,6
A001093,S013,Q0093,CNN,4,2026-09-08 17:55:57,c,0,67.0,Neural_Networks,b,10,General_Practice,60,9.775373751099538,0.5078458738102641,slow,7
A001111,S013,Q0090,CNN,1,2026-09-13 22:34:57,d,0,31.0,Neural_Networks,a,10,General_Practice,60,4.581623751099537,0.7279128434078744,slow,8
A001115,S013,Q0096,CNN,3,2026-09-15 19:56:57,d,0,60.0,Neural_Networks,b,10,General_Practice,60,2.6913459733217593,0.829817163554444,slow,9
A001044,S013,Q0035,Data_Structures,4,2026-08-28 07:41:57,b,0,57.0,Python,c,10,General_Practice,60,21.201762639988424,0.23001880795590232,slow,1
A001042,S013,Q0025,Data_Structures,4,2026-08-28 09:58:57,a,0,59.0,Python,c,10,General_Practice,60,21.106623751099537,0.2315406853092007,slow,2
A001071,S013,Q0028,Data_Structures,5,2026-09-02 12:07:57,d,0,80.0,Python,b,10,General_Practice,60,16.017040417766204,0.329487572941065,slow,3
A001080,S013,Q0031,Data_Structures,3,2026-09-05 19:34:57,d,0,53.0,Python,c,10,General_Practice,60,12.706623751099537,0.4144694365831574,slow,4
A001090,S013,Q0026,Data_Structures,2,2026-09-07 14:07:57,c,0,42.0,Python,a,10,General_Practice,60,10.933707084432871,0.4686651066725866,slow,5
A001096,S013,Q0034,Data_Structures,3,2026-09-08 22:44:57,d,0,61.0,Python,b,10,General_Practice,60,9.574679306655094,0.5149599251353336,slow,6
A001092,S013,Q0033,Data_Structures,2,2026-09-09 03:12:57,d,0,49.0,Python,b,10,General_Practice,60,9.388568195543982,0.5216460650234711,slow,7
A001102,S013,Q0025,Data_Structures,4,2026-09-09 18:43:57,c,1,55.0,Python,c,10,General_Practice,60,8.742040417766205,0.5455547747232972,slow,8
A001118,S013,Q0033,Data_Structures,2,2026-09-17 05:48:57,d,0,39.0,Python,b,10,General_Practice,60,1.280234862210648,0.9150842709765482,slow,9
A001041,S013,Q0120,LSTM,5,2026-08-28 12:37:57,d,0,62.0,RNN,b,10,General_Practice,60,20.996207084432868,0.23331958067626377,normal,1
A001051,S013,Q0110,LSTM,2,2026-08-29 16:25:57,b,0,39.0,RNN,a,10,General_Practice,60,19.837873751099536,0.2528252789434994,slow,2
A001059,S013,Q0117,LSTM,5,2026-08-31 18:15:57,a,0,60.0,RNN,b,10,General_Practice,60,17.761484862210647,0.29196179757953483,normal,3
A001060,S013,Q0116,LSTM,1,2026-08-31 20:03:57,b,1,35.0,RNN,b,10,General_Practice,60,17.686484862210648,0.2934835433552804,slow,4
A001058,S013,Q0109,LSTM,4,2026-08-31 21:49:57,b,0,65.0,RNN,a,10,General_Practice,60,17.612873751099535,0.29498482099708817,slow,5
A001057,S013,Q0112,LSTM,3,2026-08-31 22:11:57,b,0,54.0,RNN,a,10,General_Practice,60,17.59759597332176,0.2952973679668498,slow,6
A001069,S013,Q0113,LSTM,5,2026-09-02 11:44:57,c,0,67.0,RNN,b,10,General_Practice,60,16.033012639988424,0.32912299577857124,slow,7
A001074,S013,Q0109,LSTM,4,2026-09-03 07:54:57,b,0,50.0,RNN,a,10,General_Practice,60,15.192734862210648,0.3488615524020353,normal,8
A001077,S013,Q0119,LSTM,4,2026-09-03 09:46:57,d,0,65.0,RNN,b,10,General_Practice,60,15.11495708443287,0.3507473943804018,slow,9
A001081,S013,Q0110,LSTM,2,2026-09-05 07:42:57,a,1,41.0,RNN,a,10,General_Practice,60,13.20106819554398,0.40050528361573695,slow,10
A001049,S013,Q0071,ML,3,2026-08-29 12:01:57,d,0,44.0,AI_Basics;Statistics,b,10,General_Practice,60,20.02120708443287,0.2496327791970714,normal,1
A001047,S013,Q0071,ML,3,2026-08-29 17:37:57,a,0,50.0,AI_Basics;Statistics,b,10,General_Practice,60,19.787873751099536,0.2537030247288361,slow,2
A001062,S013,Q0072,ML,5,2026-09-01 23:15:57,d,0,65.0,AI_Basics;Statistics,a,10,General_Practice,60,16.553151528877315,0.31746838793599663,slow,3
A001076,S013,Q0072,ML,5,2026-09-03 16:52:57,a,1,77.0,AI_Basics;Statistics,a,10,General_Practice,60,14.819123751099536,0.3580139293124534,slow,4
A001091,S013,Q0062,ML,2,2026-09-07 22:55:57,d,0,43.0,AI_Basics;Statistics,a,10,General_Practice,60,10.567040417766204,0.48072907209533255,slow,5
A001094,S013,Q0064,ML,1,2026-09-08 10:03:57,a,1,30.0,AI_Basics;Statistics,a,10,General_Practice,60,10.103151528877316,0.4964377903602551,slow,6
A001103,S013,Q0063,ML,2,2026-09-10 14:20:57,a,0,46.0,AI_Basics;Statistics,b,10,General_Practice,60,7.924679306655093,0.5773555996058366,slow,7
A001108,S013,Q0063,ML,2,2026-09-11 21:01:57,b,1,44.0,AI_Basics;Statistics,b,10,General_Practice,60,6.646207084432871,0.6308545373476414,slow,8
A001054,S013,Q0010,Math_Basics,2,2026-08-30 20:07:57,c,0,36.0,,b,10,General_Practice,60,18.683707084432868,0.27388255693672425,normal,1
A001061,S013,Q0003,Math_Basics,1,2026-08-31 14:42:57,a,0,34.0,,b,10,General_Practice,60,17.909401528877314,0.288983664258116,slow,2
A001087,S013,Q0012,Math_Basics,4,2026-09-06 05:45:57,c,0,64.0,,a,10,General_Practice,60,12.282318195543981,0.4268402648268266,slow,3
A001083,S013,Q0007,Math_Basics,5,2026-09-07 02:15:57,a,0,77.0,,c,10,General_Practice,60,11.428151528877315,0.45287501297105653,slow,4
A001100,S013,Q0010,Math_Basics,2,2026-09-09 06:58:57,a,0,46.0,,b,10,General_Practice,60,9.231623751099537,0.5273518018277868,slow,5
A001101,S013,Q0004,Math_Basics,2,2026-09-09 21:46:57,d,0,43.0,,b,10,General_Practice,60,8.61495708443287,0.5503816560191668,slow,6
A001109,S013,Q0011,Math_Basics,1,2026-09-12 04:27:57,c,1,33.0,,c,10,General_Practice,60,6.336484862210648,0.6445443398463869,slow,7
A001114,S013,Q0007,Math_Basics,5,2026-09-14 13:59:57,d,0,82.0,,c,10,General_Practice,60,3.9392626399884256,0.7610555869016093,slow,8
A001053,S013,Q0131,NLP,1,2026-08-29 12:47:57,a,1,51.0,LSTM,a,10,General_Practice,60,19.989262639988425,0.2501861335274731,slow,1
A001052,S013,Q0130,NLP,2,2026-08-29 17:21:57,d,0,48.0,LSTM,a,10,General_Practice,60,19.79898486221065,0.2535077071336348,slow,2
A001055,S013,Q0122,NLP,5,2026-08-30 10:10:57,c,0,85.0,LSTM,b,10,General_Practice,60,19.098290417766204,0.2661240792382408,slow,3
A001097,S013,Q0127,NLP,3,2026-09-08 16:42:57,d,0,50.0,LSTM,b,10,General_Practice,60,9.826068195543982,0.5060645004501392,slow,4
A001046,S013,Q0080,Neural_Networks,2,2026-08-30 02:15:57,b,0,46.0,ML,a,10,General_Practice,60,19.428151528877315,0.26010839120955676,slow,1
A001067,S013,Q0073,Neural_Networks,5,2026-09-02 23:23:57,c,0,69.0,ML,a,10,General_Practice,60,15.547595973321759,0.34038524430102807,slow,2
A001073,S013,Q0080,Neural_Networks,2,2026-09-04 00:13:57,a,1,45.0,ML,a,10,General_Practice,60,14.512873751099535,0.36569495395521384,slow,3
A001113,S013,Q0073,Neural_Networks,5,2026-09-15 00:09:57,d,0,64.0,ML,a,10,General_Practice,60,3.5156515288773145,0.7837333788198708,slow,4
A001117,S013,Q0084,Neural_Networks,1,2026-09-16 12:35:57,b,1,32.0,ML,b,10,General_Practice,60,1.9975959733217594,0.8706956390812199,slow,5
A001043,S013,Q0013,Python,2,2026-08-28 09:43:57,d,0,46.0,,b,10,General_Practice,60,21.1170404177662,0.23137356671821424,slow,1
A001040,S013,Q0023,Python,4,2026-08-29 00:07:57,a,0,61.0,,b,10,General_Practice,60,20.517040417766204,0.2411990212674271,slow,2
A001066,S013,Q0020,Python,2,2026-09-02 23:25:57,a,0,45.0,,c,10,General_Practice,60,15.54620708443287,0.3404180149162557,slow,3
A001107,S013,Q0023,Python,4,2026-09-11 06:02:57,c,0,60.0,,b,10,General_Practice,60,7.270512639988427,0.6041374541975953,slow,4
A001106,S013,Q0023,Python,4,2026-09-11 21:43:57,d,0,56.0,,b,10,General_Practice,60,6.617040417766204,0.632131212971859,slow,5
A001048,S013,Q0102,RNN,2,2026-08-29 12:05:57,b,0,38.0,Neural_Networks,a,10,General_Practice,60,20.01842930665509,0.24968084834041498,slow,1
A001063,S013,Q0099,RNN,2,2026-09-02 00:13:57,d,0,31.0,Neural_Networks,a,10,General_Practice,60,16.512873751099537,0.3183559481602616,normal,2
A001082,S013,Q0102,RNN,2,2026-09-06 00:46:57,c,0,36.0,Neural_Networks,a,10,General_Practice,60,12.48995708443287,0.42074099271082827,normal,3
A001089,S013,Q0100,RNN,3,2026-09-07 19:28:57,a,0,51.0,Neural_Networks,b,10,General_Practice,60,10.710790417766205,0.47596287667803105,slow,4
A001104,S013,Q0108,RNN,5,2026-09-10 09:45:57,d,0,80.0,Neural_Networks,b,10,General_Practice,60,8.115651528877315,0.56976339685534,slow,5
A001110,S013,Q0106,RNN,5,2026-09-12 07:13:57,c,0,66.0,Neural_Networks,b,10,General_Practice,60,6.221207084432871,0.6497151681188867,slow,6
A001056,S013,Q0038,Statistics,2,2026-08-30 05:11:57,c,0,49.0,Math_Basics,b,10,General_Practice,60,19.30592930665509,0.2623213377687778,slow,1
A001075,S013,Q0037,Statistics,4,2026-09-03 09:50:57,b,0,62.0,Math_Basics,c,10,General_Practice,60,15.112179306655092,0.3508149340954668,slow,2
A001079,S013,Q0043,Statistics,4,2026-09-06 02:20:57,b,0,64.0,Math_Basics,c,10,General_Practice,60,12.424679306655092,0.4226490374285076,slow,3
A001086,S013,Q0044,Statistics,3,2026-09-06 20:28:57,b,0,58.0,Math_Basics,c,10,General_Practice,60,11.669123751099537,0.4453735001078663,slow,4
A001088,S013,Q0042,Statistics,5,2026-09-07 06:08:57,d,0,85.0,Math_Basics,b,10,General_Practice,60,11.26634597332176,0.45798282541630986,slow,5
A001095,S013,Q0041,Statistics,4,2026-09-08 13:12:57,c,0,63.0,Math_Basics,b,10,General_Practice,60,9.971901528877316,0.5009747677408586,slow,6
A001098,S013,Q0039,Statistics,3,2026-09-08 21:14:57,c,0,61.0,Math_Basics,b,10,General_Practice,60,9.637179306655094,0.5127338565940825,slow,7
A001099,S013,Q0047,Statistics,5,2026-09-09 10:02:57,c,0,90.0,Math_Basics,b,10,General_Practice,60,9.103845973321759,0.5320432388730785,slow,8
A001174,S014,Q0049,AI_Basics,4,2026-09-06 16:13:57,b,0,64.0,Python;Math_Basics,a,10,Entrance_Exam,30,11.846207084432871,0.43994018517701905,slow,1
A001181,S014,Q0052,AI_Basics,3,2026-09-07 09:25:57,a,0,53.0,Python;Math_Basics,b,10,Entrance_Exam,30,11.129540417766204,0.4623463672416565,slow,2
A001184,S014,Q0051,AI_Basics,3,2026-09-07 14:55:57,a,0,46.0,Python;Math_Basics,b,10,Entrance_Exam,30,10.900373751099538,0.46974920491409944,slow,3
A001187,S014,Q0060,AI_Basics,1,2026-09-09 05:44:57,b,1,38.0,Python;Math_Basics,b,10,Entrance_Exam,30,9.283012639988426,0.5254767128857998,slow,4
A001193,S014,Q0051,AI_Basics,3,2026-09-10 14:55:57,c,0,59.0,Python;Math_Basics,b,10,Entrance_Exam,30,7.900373751099537,0.5783291093032099,slow,5
A001196,S014,Q0053,AI_Basics,4,2026-09-12 03:13:57,d,0,53.0,Python;Math_Basics,b,10,Entrance_Exam,30,6.387873751099537,0.6422525529214586,normal,6
A001203,S014,Q0053,AI_Basics,4,2026-09-13 14:20:57,c,0,73.0,Python;Math_Basics,b,10,Entrance_Exam,30,4.924679306655093,0.7108081209681301,slow,7
A001206,S014,Q0051,AI_Basics,3,2026-09-14 13:26:57,c,0,60.0,Python;Math_Basics,b,10,Entrance_Exam,30,3.9621793066550923,0.7598476384464249,slow,8
A001211,S014,Q0054,AI_Basics,4,2026-09-15 15:15:57,b,1,65.0,Python;Math_Basics,b,10,Entrance_Exam,30,2.8864848622106485,0.8186686265457038,slow,9
A001120,S014,Q0094,CNN,5,2026-08-30 00:43:57,d,0,69.0,Neural_Networks,a,10,Entrance_Exam,30,19.4920404177662,0.2589590634652489,slow,1
A001141,S014,Q0091,CNN,2,2026-09-01 14:41:57,b,1,41.0,Neural_Networks,b,10,Entrance_Exam,30,16.91009597332176,0.3097101141347915,slow,2
A001175,S014,Q0088,CNN,2,2026-09-06 06:32:57,b,1,46.0,Neural_Networks,b,10,Entrance_Exam,30,12.249679306655091,0.4278070223589928,slow,3
A001126,S014,Q0031,Data_Structures,3,2026-08-30 01:36:57,a,0,37.0,Python,c,10,Entrance_Exam,30,19.45523486221065,0.25962055463458755,normal,1
A001153,S014,Q0029,Data_Structures,1,2026-09-03 14:57:57,b,1,30.0,Python,b,10,Entrance_Exam,30,14.898984862210646,0.3560376002439224,slow,2
A001157,S014,Q0032,Data_Structures,5,2026-09-03 17:42:57,a,0,59.0,Python,c,10,Entrance_Exam,30,14.784401528877314,0.3588766210205622,normal,3
A001154,S014,Q0036,Data_Structures,4,2026-09-03 22:52:57,d,0,49.0,Python,b,10,Entrance_Exam,30,14.569123751099536,0.36427190256530806,normal,4
A001182,S014,Q0033,Data_Structures,2,2026-09-08 00:45:57,b,1,34.0,Python,b,10,Entrance_Exam,30,10.490651528877315,0.483281222798455,normal,5
A001185,S014,Q0031,Data_Structures,3,2026-09-09 03:04:57,a,0,46.0,Python,c,10,Entrance_Exam,30,9.394123751099537,0.5214452273069681,slow,6
A001197,S014,Q0025,Data_Structures,4,2026-09-12 01:36:57,a,0,67.0,Python,c,10,Entrance_Exam,30,6.455234862210649,0.6392607908557622,slow,7
A001214,S014,Q0025,Data_Structures,4,2026-09-16 06:15:57,c,1,51.0,Python,c,10,Entrance_Exam,30,2.2614848622106485,0.8549141831975381,normal,8
A001133,S014,Q0118,LSTM,4,2026-09-01 01:24:57,d,0,76.0,RNN,b,10,Entrance_Exam,30,17.46356819554398,0.2980534918521843,slow,1
A001169,S014,Q0111,LSTM,1,2026-09-05 23:49:57,a,1,33.0,RNN,a,10,Entrance_Exam,30,12.529540417766203,0.419588184663106,slow,2
A001186,S014,Q0117,LSTM,5,2026-09-08 09:33:57,d,0,87.0,RNN,b,10,Entrance_Exam,30,10.123984862210648,0.4957214234412906,slow,3
A001190,S014,Q0114,LSTM,2,2026-09-09 06:35:57,b,0,51.0,RNN,c,10,Entrance_Exam,30,9.24759597332176,0.5267682883986453,slow,4
A001194,S014,Q0117,LSTM,5,2026-09-12 01:34:57,c,0,78.0,RNN,b,10,Entrance_Exam,30,6.456623751099538,0.6391992518992753,slow,5
A001208,S014,Q0120,LSTM,5,2026-09-16 00:52:57,c,0,82.0,RNN,b,10,Entrance_Exam,30,2.485790417766204,0.8417250500472448,slow,6
A001138,S014,Q0069,ML,5,2026-08-31 10:58:57,b,0,70.0,AI_Basics;Statistics,a,10,Entrance_Exam,30,18.06495708443287,0.28588449682177763,slow,1
A001145,S014,Q0068,ML,2,2026-09-02 05:23:57,d,0,37.0,AI_Basics;Statistics,b,10,Entrance_Exam,30,16.29759597332176,0.3231420497649986,slow,2
A001150,S014,Q0061,ML,3,2026-09-02 05:40:57,d,0,53.0,AI_Basics;Statistics,b,10,Entrance_Exam,30,16.285790417766204,0.3234065847215052,slow,3
A001151,S014,Q0067,ML,3,2026-09-02 07:34:57,a,0,58.0,AI_Basics;Statistics,b,10,Entrance_Exam,30,16.206623751099535,0.3251861290073711,slow,4
A001152,S014,Q0067,ML,3,2026-09-02 14:40:57,c,0,54.0,AI_Basics;Statistics,b,10,Entrance_Exam,30,15.910790417766203,0.3319231038323015,slow,5
A001178,S014,Q0070,ML,5,2026-09-06 22:33:57,a,0,78.0,AI_Basics;Statistics,b,10,Entrance_Exam,30,11.582318195543982,0.4480613472308082,slow,6
A001177,S014,Q0068,ML,2,2026-09-07 03:14:57,a,0,25.0,AI_Basics;Statistics,b,10,Entrance_Exam,30,11.387179306655094,0.45416299611512606,fast,7
A001179,S014,Q0064,ML,1,2026-09-08 02:33:57,a,1,31.0,AI_Basics;Statistics,a,10,Entrance_Exam,30,10.415651528877316,0.4858001522110962,slow,8
A001189,S014,Q0067,ML,3,2026-09-09 11:43:57,d,0,60.0,AI_Basics;Statistics,b,10,Entrance_Exam,30,9.033707084432871,0.534636148585691,slow,9
A001188,S014,Q0066,ML,2,2026-09-09 22:09:57,d,0,59.0,AI_Basics;Statistics,a,10,Entrance_Exam,30,8.59898486221065,0.5509913265223336,slow,10
A001216,S014,Q0065,ML,1,2026-09-17 17:00:57,a,0,32.0,AI_Basics;Statistics,b,10,Entrance_Exam,30,0.8135681955439814,0.9451683208068576,slow,11
A001127,S014,Q0010,Math_Basics,2,2026-08-29 17:28:57,d,0,48.0,,b,10,Entrance_Exam,30,19.794123751099537,0.25359314007232314,slow,1
A001119,S014,Q0006,Math_Basics,5,2026-08-29 18:33:57,c,0,71.0,,b,10,Entrance_Exam,30,19.748984862210648,0.2543878221380235,slow,2
A001124,S014,Q0011,Math_Basics,1,2026-08-29 23:15:57,d,0,40.0,,c,10,Entrance_Exam,30,19.553151528877315,0.25786445886836423,slow,3
A001128,S014,Q0007,Math_Basics,5,2026-08-30 20:14:57,d,0,75.0,,c,10,Entrance_Exam,30,18.67884597332176,0.2739748562674197,slow,4
A001148,S014,Q0005,Math_Basics,3,2026-09-02 13:59:57,d,0,55.0,,a,10,Entrance_Exam,30,15.939262639988424,0.3312686849384292,slow,5
A001161,S014,Q0008,Math_Basics,5,2026-09-03 23:55:57,c,0,82.0,,a,10,Entrance_Exam,30,14.525373751099536,0.3653782406477633,slow,6
A001164,S014,Q0003,Math_Basics,1,2026-09-04 17:20:57,b,1,31.0,,b,10,Entrance_Exam,30,13.799679306655092,0.3842273361276925,slow,7
A001173,S014,Q0002,Math_Basics,4,2026-09-06 22:01:57,d,0,54.0,,c,10,Entrance_Exam,30,11.604540417766204,0.44737171747362653,slow,8
A001139,S014,Q0130,NLP,2,2026-08-31 18:33:57,d,0,51.0,LSTM,a,10,Entrance_Exam,30,17.748984862210648,0.29221487282122593,slow,1
A001144,S014,Q0131,NLP,1,2026-09-01 06:34:57,a,1,21.0,LSTM,a,10,Entrance_Exam,30,17.248290417766203,0.30253437026483804,normal,2
A001165,S014,Q0126,NLP,2,2026-09-04 11:52:57,a,0,44.0,LSTM,b,10,Entrance_Exam,30,14.02745708443287,0.37820865706219126,slow,3
A001166,S014,Q0131,NLP,1,2026-09-04 13:48:57,a,1,50.0,LSTM,a,10,Entrance_Exam,30,13.946901528877314,0.38032636209995135,slow,4
A001168,S014,Q0132,NLP,3,2026-09-04 15:40:57,d,0,45.0,LSTM,a,10,Entrance_Exam,30,13.869123751099536,0.3823822934979202,normal,5
A001172,S014,Q0122,NLP,5,2026-09-06 23:04:57,d,0,78.0,LSTM,b,10,Entrance_Exam,30,11.560790417766205,0.44873043980320776,slow,6
A001125,S014,Q0078,Neural_Networks,3,2026-08-29 20:19:57,c,0,39.0,ML,b,10,Entrance_Exam,30,19.675373751099535,0.2556891106033249,normal,1
A001132,S014,Q0083,Neural_Networks,4,2026-08-30 06:22:57,d,0,68.0,ML,b,10,Entrance_Exam,30,19.256623751099536,0.263219381054198,slow,2
A001137,S014,Q0080,Neural_Networks,2,2026-08-31 18:38:57,a,1,43.0,ML,a,10,Entrance_Exam,30,17.745512639988426,0.2922852104224033,slow,3
A001136,S014,Q0076,Neural_Networks,2,2026-09-01 00:21:57,d,0,31.0,ML,b,10,Entrance_Exam,30,17.50731819554398,0.2971510080916291,normal,4
A001146,S014,Q0080,Neural_Networks,2,2026-09-02 19:15:57,d,0,37.0,ML,a,10,Entrance_Exam,30,15.719818195543981,0.33634604064392815,slow,5
A001160,S014,Q0078,Neural_Networks,3,2026-09-03 15:26:57,a,0,52.0,ML,b,10,Entrance_Exam,30,14.878845973321758,0.3565349477994811,slow,6
A001158,S014,Q0075,Neural_Networks,5,2026-09-03 19:45:57,c,0,74.0,ML,b,10,Entrance_Exam,30,14.698984862210647,0.3610076999290179,slow,7
A001162,S014,Q0075,Neural_Networks,5,2026-09-04 05:40:57,a,0,78.0,ML,b,10,Entrance_Exam,30,14.285790417766203,0.3714966118648023,slow,8
A001167,S014,Q0084,Neural_Networks,1,2026-09-05 02:23:57,a,0,20.0,ML,b,10,Entrance_Exam,30,13.422595973321759,0.39440244559652826,fast,9
A001170,S014,Q0084,Neural_Networks,1,2026-09-05 21:18:57,b,1,33.0,ML,b,10,Entrance_Exam,30,12.634401528877314,0.41654949879936937,slow,10
A001183,S014,Q0081,Neural_Networks,5,2026-09-07 20:30:57,a,0,69.0,ML,b,10,Entrance_Exam,30,10.667734862210649,0.47738545422894424,slow,11
A001191,S014,Q0076,Neural_Networks,2,2026-09-10 16:07:57,c,0,35.0,ML,b,10,Entrance_Exam,30,7.8503737510995375,0.5803369225264354,normal,12
A001204,S014,Q0083,Neural_Networks,4,2026-09-13 17:44:57,a,0,69.0,ML,b,10,Entrance_Exam,30,4.783012639988426,0.7178223437889737,slow,13
A001210,S014,Q0080,Neural_Networks,2,2026-09-15 08:24:57,d,0,42.0,ML,a,10,Entrance_Exam,30,3.1719015288773145,0.802631591739318,slow,14
A001212,S014,Q0080,Neural_Networks,2,2026-09-15 16:33:57,a,1,38.0,ML,a,10,Entrance_Exam,30,2.832318195543982,0.8217481340287665,slow,15
A001135,S014,Q0021,Python,5,2026-08-31 09:09:57,b,1,73.0,,b,10,Entrance_Exam,30,18.140651528877314,0.28438846354141295,slow,1
A001149,S014,Q0016,Python,3,2026-09-02 17:38:57,b,0,40.0,,a,10,Entrance_Exam,30,15.787179306655093,0.3347792624026142,normal,2
A001155,S014,Q0023,Python,4,2026-09-04 01:12:57,d,0,39.0,,b,10,Entrance_Exam,30,14.471901528877314,0.36673499573953655,fast,3
A001163,S014,Q0017,Python,2,2026-09-04 06:31:57,b,1,48.0,,b,10,Entrance_Exam,30,14.250373751099536,0.372409717841192,slow,4
A001176,S014,Q0024,Python,1,2026-09-06 12:51:57,c,1,19.0,,c,10,Entrance_Exam,30,11.986484862210649,0.43568323770264616,fast,5
A001180,S014,Q0014,Python,3,2026-09-07 16:14:57,c,0,42.0,,a,10,Entrance_Exam,30,10.845512639988426,0.4715389126594735,normal,6
A001199,S014,Q0015,Python,2,2026-09-12 15:23:57,b,1,31.0,,b,10,Entrance_Exam,30,5.8809293066550925,0.6652216691533513,normal,7
A001209,S014,Q0022,Python,4,2026-09-15 03:31:57,b,0,47.0,,a,10,Entrance_Exam,30,3.375373751099537,0.7913910335993876,normal,8
A001207,S014,Q0022,Python,4,2026-09-15 14:55:57,c,0,56.0,,a,10,Entrance_Exam,30,2.9003737510995373,0.8178808698917516,slow,9
A001215,S014,Q0016,Python,3,2026-09-17 06:39:57,d,0,43.0,,a,10,Entrance_Exam,30,1.2448181955439814,0.9173334675776548,normal,10
A001217,S014,Q0021,Python,5,2026-09-17 16:28:57,d,0,56.0,,b,10,Entrance_Exam,30,0.8357904177662037,0.9437135731398199,normal,11
A001123,S014,Q0105,RNN,4,2026-08-29 12:16:57,d,0,54.0,Neural_Networks,b,10,Entrance_Exam,30,20.010790417766202,0.2498130862170789,slow,1
A001121,S014,Q0104,RNN,2,2026-08-29 16:32:57,c,0,36.0,Neural_Networks,b,10,Entrance_Exam,30,19.833012639988425,0.2529104819016227,normal,2
A001129,S014,Q0103,RNN,3,2026-08-30 15:25:57,c,0,47.0,Neural_Networks,b,10,Entrance_Exam,30,18.879540417766204,0.2701899574934952,slow,3
A001140,S014,Q0106,RNN,5,2026-09-01 07:08:57,a,0,69.0,Neural_Networks,b,10,Entrance_Exam,30,17.22467930665509,0.3030299026447232,slow,4
A001147,S014,Q0100,RNN,3,2026-09-03 00:43:57,a,0,49.0,Neural_Networks,b,10,Entrance_Exam,30,15.492040417766203,0.34169853280873586,slow,5
A001195,S014,Q0105,RNN,4,2026-09-11 20:04:57,a,0,56.0,Neural_Networks,b,10,Entrance_Exam,30,6.685790417766204,0.629126029310165,slow,6
A001200,S014,Q0108,RNN,5,2026-09-12 10:37:57,a,0,64.0,Neural_Networks,b,10,Entrance_Exam,30,6.0795404177662045,0.6561265284070341,slow,7
A001202,S014,Q0098,RNN,4,2026-09-13 14:46:57,b,0,67.0,Neural_Networks,a,10,Entrance_Exam,30,4.906623751099537,0.7116982654202568,slow,8
A001205,S014,Q0099,RNN,2,2026-09-14 15:28:57,d,0,33.0,Neural_Networks,a,10,Entrance_Exam,30,3.87745708443287,0.7643229692046152,normal,9
A001213,S014,Q0107,RNN,1,2026-09-16 15:24:57,d,0,35.0,Neural_Networks,a,10,Entrance_Exam,30,1.8802348622106482,0.8778075073067202,slow,10
A001122,S014,Q0048,Statistics,4,2026-08-30 01:29:57,c,0,62.0,Math_Basics,b,10,Entrance_Exam,30,19.46009597332176,0.2595330911214972,slow,1
A001131,S014,Q0043,Statistics,4,2026-08-30 06:35:57,b,0,61.0,Math_Basics,c,10,Entrance_Exam,30,19.247595973321758,0.26338414419932266,slow,2
A001130,S014,Q0048,Statistics,4,2026-08-30 13:12:57,a,0,65.0,Math_Basics,b,10,Entrance_Exam,30,18.971901528877314,0.26846573073246766,slow,3
A001134,S014,Q0045,Statistics,1,2026-09-01 03:03:57,b,1,30.0,Math_Basics,b,10,Entrance_Exam,30,17.39481819554398,0.29947722166512375,slow,4
A001142,S014,Q0046,Statistics,3,2026-09-01 10:30:57,b,0,41.0,Math_Basics,c,10,Entrance_Exam,30,17.084401528877315,0.30599072892191703,normal,5
A001143,S014,Q0044,Statistics,3,2026-09-01 22:55:57,b,0,59.0,Math_Basics,c,10,Entrance_Exam,30,16.567040417766204,0.31716290678415215,slow,6
A001159,S014,Q0042,Statistics,5,2026-09-03 05:52:57,c,0,62.0,Math_Basics,b,10,Entrance_Exam,30,15.27745708443287,0.3468188677010383,normal,7
A001156,S014,Q0040,Statistics,3,2026-09-03 18:39:57,c,0,46.0,Math_Basics,b,10,Entrance_Exam,30,14.744818195543981,0.3598626255649563,slow,8
A001171,S014,Q0039,Statistics,3,2026-09-05 23:56:57,a,0,59.0,Math_Basics,b,10,Entrance_Exam,30,12.524679306655091,0.4197295872739378,slow,9
A001192,S014,Q0046,Statistics,3,2026-09-11 01:36:57,b,0,63.0,Math_Basics,c,10,Entrance_Exam,30,7.455234862210649,0.596451408064337,slow,10
A001198,S014,Q0037,Statistics,4,2026-09-11 21:05:57,b,0,64.0,Math_Basics,c,10,Entrance_Exam,30,6.643429306655093,0.630976014331883,slow,11
A001201,S014,Q0045,Statistics,1,2026-09-13 18:28:57,b,1,29.0,Math_Basics,b,10,Entrance_Exam,30,4.75245708443287,0.7193442665288572,slow,12
A001231,S015,Q0059,AI_Basics,4,2026-08-30 05:02:57,a,1,47.0,Python;Math_Basics,a,10,General_Practice,15,19.312179306655093,0.26220772032126194,normal,1
A001228,S015,Q0054,AI_Basics,4,2026-08-30 07:26:57,d,0,33.0,Python;Math_Basics,b,10,General_Practice,15,19.21217930665509,0.2640315192452147,fast,2
A001254,S015,Q0056,AI_Basics,1,2026-09-06 08:17:57,b,1,13.0,Python;Math_Basics,b,10,General_Practice,15,12.176762639988425,0.4299747172029624,fast,3
A001262,S015,Q0059,AI_Basics,4,2026-09-07 10:08:57,a,1,49.0,Python;Math_Basics,a,10,General_Practice,15,11.099679306655093,0.4633043295155405,normal,4
A001263,S015,Q0060,AI_Basics,1,2026-09-07 12:19:57,b,1,19.0,Python;Math_Basics,b,10,General_Practice,15,11.00870708443287,0.46623502443300086,fast,5
A001273,S015,Q0051,AI_Basics,3,2026-09-11 09:26:57,d,0,36.0,Python;Math_Basics,b,10,General_Practice,15,7.128845973321759,0.6100990556384843,normal,6
A001277,S015,Q0055,AI_Basics,3,2026-09-13 16:32:57,a,1,33.0,Python;Math_Basics,a,10,General_Practice,15,4.833012639988426,0.71533886714318,fast,7
A001283,S015,Q0052,AI_Basics,3,2026-09-14 19:11:57,b,1,23.0,Python;Math_Basics,b,10,General_Practice,15,3.722595973321759,0.7725715212703268,fast,8
A001224,S015,Q0090,CNN,1,2026-08-29 11:11:57,a,1,12.0,Neural_Networks,a,10,General_Practice,15,20.05592930665509,0.24903269516798907,fast,1
A001270,S015,Q0094,CNN,5,2026-09-10 16:17:57,a,1,45.0,Neural_Networks,a,10,General_Practice,15,7.843429306655093,0.5806163362287029,fast,2
A001295,S015,Q0091,CNN,2,2026-09-17 11:26:57,b,1,24.0,Neural_Networks,b,10,General_Practice,15,1.0455126399884258,0.9300941942120209,fast,3
A001220,S015,Q0030,Data_Structures,2,2026-08-29 01:26:57,c,1,24.0,Python,c,10,General_Practice,15,20.46217930665509,0.2421179706813338,fast,1
A001223,S015,Q0029,Data_Structures,1,2026-08-29 12:11:57,b,1,24.0,Python,b,10,General_Practice,15,20.014262639988424,0.24975296941129926,normal,2
A001225,S015,Q0027,Data_Structures,2,2026-08-29 15:44:57,b,1,35.0,Python,b,10,General_Practice,15,19.86634597332176,0.2523268091549283,normal,3
A001255,S015,Q0036,Data_Structures,4,2026-09-07 02:17:57,b,1,42.0,Python,b,10,General_Practice,15,11.426762639988427,0.4529186135473,fast,4
A001268,S015,Q0030,Data_Structures,2,2026-09-09 11:43:57,c,1,30.0,Python,c,10,General_Practice,15,9.033707084432871,0.534636148585691,normal,5
A001269,S015,Q0034,Data_Structures,3,2026-09-09 17:36:57,b,1,34.0,Python,b,10,General_Practice,15,8.788568195543982,0.5437981620644698,fast,6
A001290,S015,Q0027,Data_Structures,2,2026-09-15 03:25:57,b,1,24.0,Python,b,10,General_Practice,15,3.3795404177662034,0.7911625039087659,fast,7
A001247,S015,Q0117,LSTM,5,2026-09-04 06:28:57,b,1,56.0,RNN,b,10,General_Practice,15,14.25245708443287,0.3723559436518644,normal,1
A001257,S015,Q0114,LSTM,2,2026-09-06 23:14:57,c,1,26.0,RNN,c,10,General_Practice,15,11.55384597332176,0.44894648918528,fast,2
A001272,S015,Q0118,LSTM,4,2026-09-10 18:29:57,a,0,32.0,RNN,b,10,General_Practice,15,7.751762639988426,0.5843172298551808,fast,3
A001264,S015,Q0066,ML,2,2026-09-07 18:32:57,a,1,28.0,AI_Basics;Statistics,a,10,General_Practice,15,10.749679306655093,0.47468161194578434,fast,1
A001275,S015,Q0066,ML,2,2026-09-11 16:25:57,a,1,21.0,AI_Basics;Statistics,a,10,General_Practice,15,6.837873751099537,0.6225288594473187,fast,2
A001278,S015,Q0067,ML,3,2026-09-13 07:13:57,b,1,22.0,AI_Basics;Statistics,b,10,General_Practice,15,5.22120708443287,0.696347475397129,fast,3
A001282,S015,Q0066,ML,2,2026-09-13 09:31:57,a,1,25.0,AI_Basics;Statistics,a,10,General_Practice,15,5.125373751099537,0.7009884724711825,fast,4
A001280,S015,Q0065,ML,1,2026-09-14 01:51:57,b,1,19.0,AI_Basics;Statistics,b,10,General_Practice,15,4.444818195543982,0.7348482085812955,fast,5
A001218,S015,Q0002,Math_Basics,4,2026-08-28 16:52:57,c,1,43.0,,c,10,General_Practice,15,20.819123751099536,0.236201105947335,fast,1
A001226,S015,Q0012,Math_Basics,4,2026-08-30 17:36:57,c,0,47.0,,a,10,General_Practice,15,18.78856819554398,0.271899081032235,normal,2
A001240,S015,Q0003,Math_Basics,1,2026-09-03 13:10:57,b,1,27.0,,b,10,General_Practice,15,14.973290417766203,0.3542085540174971,slow,3
A001248,S015,Q0006,Math_Basics,5,2026-09-04 22:02:57,b,1,57.0,,b,10,General_Practice,15,13.603845973321759,0.3894784478293279,normal,4
A001245,S015,Q0003,Math_Basics,1,2026-09-04 22:59:57,b,1,16.0,,b,10,General_Practice,15,13.564262639988424,0.39054853012783813,fast,5
A001256,S015,Q0005,Math_Basics,3,2026-09-06 07:21:57,a,1,39.0,,a,10,General_Practice,15,12.215651528877315,0.4288172499551909,normal,6
A001259,S015,Q0004,Math_Basics,2,2026-09-07 04:12:57,b,1,30.0,,b,10,General_Practice,15,11.346901528877316,0.4554327194198793,normal,7
A001267,S015,Q0003,Math_Basics,1,2026-09-10 02:20:57,b,1,20.0,,b,10,General_Practice,15,8.424679306655094,0.5576887483674647,fast,8
A001279,S015,Q0009,Math_Basics,2,2026-09-13 06:13:57,a,1,36.0,,a,10,General_Practice,15,5.262873751099537,0.6943392464174903,normal,9
A001285,S015,Q0002,Math_Basics,4,2026-09-15 01:25:57,c,1,48.0,,c,10,General_Practice,15,3.462873751099537,0.7866057431948034,normal,10
A001229,S015,Q0131,NLP,1,2026-08-30 13:55:57,a,1,12.0,LSTM,a,10,General_Practice,15,18.942040417766204,0.26902198046231135,fast,1
A001234,S015,Q0124,NLP,2,2026-08-31 13:59:57,b,0,33.0,LSTM,a,10,General_Practice,15,17.939262639988424,0.28838614027551585,normal,2
A001238,S015,Q0130,NLP,2,2026-09-02 08:17:57,a,1,25.0,LSTM,a,10,General_Practice,15,16.176762639988425,0.3258599010225768,fast,3
A001237,S015,Q0123,NLP,3,2026-09-02 16:59:57,a,1,34.0,LSTM,a,10,General_Practice,15,15.814262639988424,0.3341513796650303,fast,4
A001244,S015,Q0125,NLP,1,2026-09-03 14:53:57,a,1,26.0,LSTM,a,10,General_Practice,15,14.901762639988425,0.35596905504890414,normal,5
A001249,S015,Q0127,NLP,3,2026-09-04 10:58:57,b,1,32.0,LSTM,b,10,General_Practice,15,14.06495708443287,0.3772268551236639,fast,6
A001246,S015,Q0128,NLP,1,2026-09-04 18:14:57,b,1,19.0,LSTM,b,10,General_Practice,15,13.762179306655092,0.38522735809940956,fast,7
A001251,S015,Q0127,NLP,3,2026-09-05 23:31:57,b,1,22.0,LSTM,b,10,General_Practice,15,12.542040417766202,0.4192247966527041,fast,8
A001265,S015,Q0121,NLP,3,2026-09-07 16:20:57,a,1,31.0,LSTM,a,10,General_Practice,15,10.84134597332176,0.47167511810562873,fast,9
A001261,S015,Q0132,NLP,3,2026-09-07 18:23:57,c,0,39.0,LSTM,a,10,General_Practice,15,10.755929306655093,0.47447601634463843,normal,10
A001271,S015,Q0131,NLP,1,2026-09-10 08:52:57,a,1,27.0,LSTM,a,10,General_Practice,15,8.152457084432871,0.5683116880098571,slow,11
A001274,S015,Q0132,NLP,3,2026-09-11 19:34:57,a,1,44.0,LSTM,a,10,General_Practice,15,6.706623751099538,0.6282181913413225,normal,12
A001281,S015,Q0125,NLP,1,2026-09-13 11:46:57,a,1,26.0,LSTM,a,10,General_Practice,15,5.031623751099537,0.7055585067315012,normal,13
A001222,S015,Q0079,Neural_Networks,5,2026-08-28 12:06:57,a,0,47.0,ML,b,10,General_Practice,15,21.01773486221065,0.23297168273001712,fast,1
A001242,S015,Q0080,Neural_Networks,2,2026-09-04 01:46:57,a,1,21.0,ML,a,10,General_Practice,15,14.448290417766202,0.36733568472924333,fast,2
A001266,S015,Q0079,Neural_Networks,5,2026-09-09 02:09:57,b,1,58.0,ML,b,10,General_Practice,15,9.432318195543981,0.5200665596148423,normal,3
A001288,S015,Q0078,Neural_Networks,3,2026-09-15 14:30:57,b,1,38.0,ML,b,10,General_Practice,15,2.9177348622106485,0.8168972399430285,normal,4
A001291,S015,Q0074,Neural_Networks,3,2026-09-16 12:27:57,b,1,31.0,ML,b,10,General_Practice,15,2.0031515288773147,0.8703604146145801,fast,5
A001294,S015,Q0079,Neural_Networks,5,2026-09-17 15:14:57,b,1,41.0,ML,b,10,General_Practice,15,0.8871793066550926,0.9403580391693956,fast,6
A001227,S015,Q0020,Python,2,2026-08-30 19:37:57,c,1,9.0,,c,10,General_Practice,15,18.704540417766204,0.2734873404417662,fast,1
A001236,S015,Q0023,Python,4,2026-09-02 10:23:57,b,1,50.0,,b,10,General_Practice,15,16.089262639988426,0.32784225911122844,normal,2
A001252,S015,Q0019,Python,5,2026-09-05 15:54:57,b,1,60.0,,b,10,General_Practice,15,12.859401528877314,0.41010346750906207,normal,3
A001253,S015,Q0018,Python,1,2026-09-06 16:25:57,b,1,7.0,,b,10,General_Practice,15,11.837873751099538,0.4401943779995261,fast,4
A001276,S015,Q0019,Python,5,2026-09-12 18:39:57,b,1,44.0,,b,10,General_Practice,15,5.744818195543981,0.6715274041463223,fast,5
A001289,S015,Q0017,Python,2,2026-09-15 18:55:57,b,1,27.0,,b,10,General_Practice,15,2.7337070844328704,0.8273841878335432,fast,6
A001293,S015,Q0021,Python,5,2026-09-16 16:16:57,b,1,44.0,,b,10,General_Practice,15,1.8441237510995372,0.8800074392364549,fast,7
A001219,S015,Q0107,RNN,1,2026-08-28 18:23:57,a,1,7.0,Neural_Networks,a,10,General_Practice,15,20.75592930665509,0.23723800817231927,fast,1
A001230,S015,Q0107,RNN,1,2026-08-30 19:27:57,a,1,16.0,Neural_Networks,a,10,General_Practice,15,18.711484862210646,0.27335572838480543,fast,2
A001233,S015,Q0099,RNN,2,2026-09-01 02:41:57,a,1,21.0,Neural_Networks,a,10,General_Practice,15,17.41009597332176,0.2991602506782554,fast,3
A001243,S015,Q0107,RNN,1,2026-09-04 00:19:57,a,1,28.0,Neural_Networks,a,10,General_Practice,15,14.508707084432869,0.3658005860526356,slow,4
A001250,S015,Q0108,RNN,5,2026-09-05 17:20:57,b,1,43.0,Neural_Networks,b,10,General_Practice,15,12.799679306655092,0.41180466244267316,fast,5
A001258,S015,Q0108,RNN,5,2026-09-07 22:45:57,b,1,45.0,Neural_Networks,b,10,General_Practice,15,10.573984862210649,0.4804977277781984,fast,6
A001286,S015,Q0102,RNN,2,2026-09-14 06:38:57,a,1,6.0,Neural_Networks,a,10,General_Practice,15,4.2455126399884255,0.7450704423042418,fast,7
A001284,S015,Q0100,RNN,3,2026-09-14 20:58:57,b,1,38.0,Neural_Networks,b,10,General_Practice,15,3.6482904177662037,0.7765608914015555,normal,8
A001287,S015,Q0106,RNN,5,2026-09-15 14:02:57,b,1,44.0,Neural_Networks,b,10,General_Practice,15,2.937179306655093,0.8157969787539103,fast,9
A001232,S015,Q0044,Statistics,3,2026-08-30 06:43:57,c,1,33.0,Math_Basics,c,10,General_Practice,15,19.2420404177662,0.26348558816182144,fast,1
A001235,S015,Q0046,Statistics,3,2026-08-31 16:51:57,c,1,20.0,Math_Basics,c,10,General_Practice,15,17.81981819554398,0.2907836747396643,fast,2
A001239,S015,Q0037,Statistics,4,2026-09-02 09:40:57,c,1,40.0,Math_Basics,c,10,General_Practice,15,16.119123751099536,0.3271643882259254,fast,3
A001241,S015,Q0047,Statistics,5,2026-09-03 23:36:57,b,1,44.0,Math_Basics,b,10,General_Practice,15,14.53856819554398,0.36504422972510137,fast,4
A001260,S015,Q0047,Statistics,5,2026-09-07 08:04:57,b,1,44.0,Math_Basics,b,10,General_Practice,15,11.185790417766205,0.4605472102300404,fast,5
A001292,S015,Q0048,Statistics,4,2026-09-16 09:06:57,c,0,46.0,Math_Basics,b,10,General_Practice,15,2.142734862210648,0.8619801272290145,normal,6
A001304,S016,Q0054,AI_Basics,4,2026-08-29 14:07:57,b,1,39.0,Python;Math_Basics,b,9,Entrance_Exam,30,19.933707084432868,0.2511514120742097,fast,1
A001308,S016,Q0057,AI_Basics,1,2026-08-30 20:23:57,a,1,20.0,Python;Math_Basics,a,9,Entrance_Exam,30,18.67259597332176,0.27409357254249533,fast,2
A001317,S016,Q0054,AI_Basics,4,2026-09-01 23:28:57,b,1,51.0,Python;Math_Basics,b,9,Entrance_Exam,30,16.544123751099537,0.3176671084476265,normal,3
A001321,S016,Q0050,AI_Basics,3,2026-09-02 03:05:57,b,1,29.0,Python;Math_Basics,b,9,Entrance_Exam,30,16.39342930665509,0.32100264039329235,fast,4
A001341,S016,Q0059,AI_Basics,4,2026-09-06 10:23:57,a,1,32.0,Python;Math_Basics,a,9,Entrance_Exam,30,12.089262639988426,0.4325904543829229,fast,5
A001348,S016,Q0052,AI_Basics,3,2026-09-09 14:39:57,b,1,42.0,Python;Math_Basics,b,9,Entrance_Exam,30,8.91148486221065,0.5391847185873974,normal,6
A001358,S016,Q0050,AI_Basics,3,2026-09-12 03:18:57,b,1,19.0,Python;Math_Basics,b,9,Entrance_Exam,30,6.384401528877316,0.6424071463666394,fast,7
A001360,S016,Q0049,AI_Basics,4,2026-09-12 11:42:57,a,1,49.0,Python;Math_Basics,a,9,Entrance_Exam,30,6.034401528877314,0.658182624974972,normal,8
A001372,S016,Q0052,AI_Basics,3,2026-09-15 13:36:57,b,1,38.0,Python;Math_Basics,b,9,Entrance_Exam,30,2.955234862210648,0.8147766346137278,normal,9
A001296,S016,Q0086,CNN,2,2026-08-29 01:05:57,b,1,30.0,Neural_Networks,b,9,Entrance_Exam,30,20.476762639988426,0.2418733518954321,normal,1
A001307,S016,Q0088,CNN,2,2026-08-30 09:28:57,d,0,28.0,Neural_Networks,b,9,Entrance_Exam,30,19.12745708443287,0.265586605185372,fast,2
A001318,S016,Q0092,CNN,3,2026-09-01 12:19:57,a,1,36.0,Neural_Networks,a,9,Entrance_Exam,30,17.00870708443287,0.3076004015093692,normal,3
A001339,S016,Q0088,CNN,2,2026-09-06 20:31:57,b,1,33.0,Neural_Networks,b,9,Entrance_Exam,30,11.667040417766204,0.44543781920717057,normal,4
A001343,S016,Q0094,CNN,5,2026-09-07 20:49:57,a,1,54.0,Neural_Networks,a,9,Entrance_Exam,30,10.654540417766205,0.477822255972537,normal,5
A001345,S016,Q0092,CNN,3,2026-09-08 23:46:57,a,1,44.0,Neural_Networks,a,9,Entrance_Exam,30,9.531623751099538,0.516499058679173,normal,6
A001350,S016,Q0091,CNN,2,2026-09-09 22:02:57,b,1,27.0,Neural_Networks,b,9,Entrance_Exam,30,8.603845973321759,0.5508057031722574,fast,7
A001351,S016,Q0088,CNN,2,2026-09-10 20:45:57,b,1,25.0,Neural_Networks,b,9,Entrance_Exam,30,7.657318195543982,0.5881549462367394,fast,8
A001355,S016,Q0095,CNN,5,2026-09-11 16:15:57,d,0,53.0,Neural_Networks,b,9,Entrance_Exam,30,6.844818195543982,0.6222292759142125,normal,9
A001371,S016,Q0087,CNN,1,2026-09-14 19:01:57,b,1,23.0,Neural_Networks,b,9,Entrance_Exam,30,3.7295404177662035,0.7721997317501995,normal,10
A001299,S016,Q0027,Data_Structures,2,2026-08-28 09:27:57,b,1,41.0,Python,b,9,Entrance_Exam,30,21.128151528877314,0.23119543983662563,slow,1
A001329,S016,Q0026,Data_Structures,2,2026-09-04 01:56:57,a,1,35.0,Python,a,9,Entrance_Exam,30,14.441345973321758,0.36751254513508885,normal,2
A001333,S016,Q0031,Data_Structures,3,2026-09-04 12:46:57,d,0,45.0,Python,c,9,Entrance_Exam,30,13.98995708443287,0.379193014319974,normal,3
A001332,S016,Q0031,Data_Structures,3,2026-09-05 00:27:57,a,0,49.0,Python,c,9,Entrance_Exam,30,13.503151528877314,0.3922063631547722,slow,4
A001359,S016,Q0029,Data_Structures,1,2026-09-11 23:04:57,b,1,25.0,Python,b,9,Entrance_Exam,30,6.560790417766204,0.6346006738193402,normal,5
A001305,S016,Q0112,LSTM,3,2026-08-29 16:41:57,a,1,53.0,RNN,a,9,Entrance_Exam,30,19.826762639988424,0.2530200707549503,slow,1
A001330,S016,Q0109,LSTM,4,2026-09-03 06:43:57,a,1,50.0,RNN,a,9,Entrance_Exam,30,15.242040417766203,0.3476713179541723,normal,2
A001356,S016,Q0112,LSTM,3,2026-09-11 10:43:57,c,0,43.0,RNN,a,9,Entrance_Exam,30,7.075373751099537,0.6123645299008708,normal,3
A001298,S016,Q0063,ML,2,2026-08-28 11:17:57,b,1,21.0,AI_Basics;Statistics,b,9,Entrance_Exam,30,21.051762639988425,0.2324228372182026,fast,1
A001297,S016,Q0072,ML,5,2026-08-28 17:06:57,c,0,67.0,AI_Basics;Statistics,a,9,Entrance_Exam,30,20.809401528877313,0.23636033388628375,slow,2
A001309,S016,Q0067,ML,3,2026-08-30 19:32:57,b,1,38.0,AI_Basics;Statistics,b,9,Entrance_Exam,30,18.708012639988425,0.27342152649431656,normal,3
A001337,S016,Q0063,ML,2,2026-09-05 03:46:57,b,1,26.0,AI_Basics;Statistics,b,9,Entrance_Exam,30,13.36495708443287,0.39598132333397174,fast,4
A001342,S016,Q0063,ML,2,2026-09-06 03:29:57,b,1,40.0,AI_Basics;Statistics,b,9,Entrance_Exam,30,12.376762639988424,0.4240551282108449,slow,5
A001349,S016,Q0063,ML,2,2026-09-09 23:26:57,b,1,41.0,AI_Basics;Statistics,b,9,Entrance_Exam,30,8.545512639988427,0.5530373166898289,slow,6
A001369,S016,Q0072,ML,5,2026-09-14 03:14:57,d,0,60.0,AI_Basics;Statistics,a,9,Entrance_Exam,30,4.387179306655092,0.7377899638616776,normal,7
A001310,S016,Q0012,Math_Basics,4,2026-08-31 01:22:57,a,1,52.0,,a,9,Entrance_Exam,30,18.464957084432868,0.27806697022217386,normal,1
A001334,S016,Q0004,Math_Basics,2,2026-09-04 05:29:57,b,1,26.0,,b,9,Entrance_Exam,30,14.293429306655092,0.3712999611453193,fast,2
A001331,S016,Q0012,Math_Basics,4,2026-09-04 22:16:57,a,1,51.0,,a,9,Entrance_Exam,30,13.594123751099536,0.389741003122048,normal,3
A001338,S016,Q0010,Math_Basics,2,2026-09-05 09:38:57,b,1,40.0,,b,9,Entrance_Exam,30,13.120512639988425,0.40274783423144933,slow,4
A001336,S016,Q0008,Math_Basics,5,2026-09-05 17:24:57,c,0,52.0,,a,9,Entrance_Exam,30,12.796901528877314,0.4118839593099042,normal,5
A001346,S016,Q0008,Math_Basics,5,2026-09-08 07:04:57,a,1,55.0,,a,9,Entrance_Exam,30,10.22745708443287,0.4921787555255139,normal,6
A001365,S016,Q0005,Math_Basics,3,2026-09-13 07:29:57,a,1,44.0,,a,9,Entrance_Exam,30,5.210095973321759,0.6968839834025735,normal,7
A001375,S016,Q0004,Math_Basics,2,2026-09-18 00:28:57,b,1,27.0,,b,9,Entrance_Exam,30,0.5024570844328703,0.9657718322742807,fast,8
A001306,S016,Q0128,NLP,1,2026-08-29 08:35:57,b,1,19.0,LSTM,b,9,Entrance_Exam,30,20.164262639988426,0.24716968863735586,fast,1
A001303,S016,Q0129,NLP,1,2026-08-29 17:42:57,b,1,16.0,LSTM,b,9,Entrance_Exam,30,19.784401528877314,0.2537640923329542,fast,2
A001311,S016,Q0130,NLP,2,2026-08-30 23:00:57,a,1,22.0,LSTM,a,9,Entrance_Exam,30,18.56356819554398,0.27617280735497296,fast,3
A001325,S016,Q0123,NLP,3,2026-09-02 05:39:57,a,1,46.0,LSTM,a,9,Entrance_Exam,30,16.286484862210646,0.3233910178487786,slow,4
A001367,S016,Q0132,NLP,3,2026-09-13 15:20:57,a,1,38.0,LSTM,a,9,Entrance_Exam,30,4.883012639988426,0.7128639826738538,normal,5
A001301,S016,Q0081,Neural_Networks,5,2026-08-29 19:08:57,a,0,60.0,ML,b,9,Entrance_Exam,30,19.72467930665509,0.2548167588486298,normal,1
A001315,S016,Q0083,Neural_Networks,4,2026-08-31 08:35:57,a,0,54.0,ML,b,9,Entrance_Exam,30,18.164262639988426,0.28392341474286,slow,2
A001327,S016,Q0079,Neural_Networks,5,2026-09-03 05:06:57,a,0,47.0,ML,b,9,Entrance_Exam,30,15.309401528877315,0.3460517839318401,fast,3
A001347,S016,Q0084,Neural_Networks,1,2026-09-10 02:57:57,b,1,22.0,ML,b,9,Entrance_Exam,30,8.398984862210648,0.5586828788094036,normal,4
A001362,S016,Q0083,Neural_Networks,4,2026-09-12 13:07:57,c,0,52.0,ML,b,9,Entrance_Exam,30,5.975373751099537,0.6608810917027793,normal,5
A001366,S016,Q0083,Neural_Networks,4,2026-09-13 06:44:57,b,1,51.0,ML,b,9,Entrance_Exam,30,5.241345973321759,0.695376107185273,normal,6
A001368,S016,Q0082,Neural_Networks,2,2026-09-13 23:44:57,b,1,33.0,ML,b,9,Entrance_Exam,30,4.533012639988426,0.7303696573428337,normal,7
A001300,S016,Q0019,Python,5,2026-08-29 21:40:57,c,0,52.0,,b,9,Entrance_Exam,30,19.619123751099536,0.25668797640018,normal,1
A001313,S016,Q0018,Python,1,2026-08-31 04:36:57,b,1,24.0,,b,9,Entrance_Exam,30,18.33023486221065,0.2806757862455941,normal,2
A001319,S016,Q0017,Python,2,2026-09-01 03:28:57,b,1,39.0,,b,9,Entrance_Exam,30,17.37745708443287,0.2998378236475845,slow,3
A001322,S016,Q0023,Python,4,2026-09-01 20:36:57,c,0,42.0,,b,9,Entrance_Exam,30,16.66356819554398,0.31504791794007325,fast,4
A001316,S016,Q0018,Python,1,2026-09-02 00:10:57,b,1,23.0,,b,9,Entrance_Exam,30,16.51495708443287,0.31830997907779734,normal,5
A001324,S016,Q0019,Python,5,2026-09-02 04:38:57,c,0,57.0,,b,9,Entrance_Exam,30,16.32884597332176,0.32244285416966967,normal,6
A001326,S016,Q0021,Python,5,2026-09-03 14:25:57,d,0,54.0,,b,9,Entrance_Exam,30,14.92120708443287,0.3554896080430301,normal,7
A001344,S016,Q0021,Python,5,2026-09-09 03:00:57,b,1,59.0,,b,9,Entrance_Exam,30,9.396901528877315,0.5213448374470977,normal,8
A001374,S016,Q0013,Python,2,2026-09-17 16:54:57,b,1,39.0,,b,9,Entrance_Exam,30,0.8177348622106481,0.9448953849069436,slow,9
A001302,S016,Q0107,RNN,1,2026-08-29 09:35:57,a,1,11.0,Neural_Networks,a,9,Entrance_Exam,30,20.122595973321758,0.24788457452947688,fast,1
A001314,S016,Q0098,RNN,4,2026-08-31 21:20:57,a,1,47.0,Neural_Networks,a,9,Entrance_Exam,30,17.633012639988426,0.2945733326407425,normal,2
A001312,S016,Q0099,RNN,2,2026-09-01 02:03:57,a,1,31.0,Neural_Networks,a,9,Entrance_Exam,30,17.436484862210648,0.29861354533033607,normal,3
A001320,S016,Q0107,RNN,1,2026-09-01 22:06:57,a,1,32.0,Neural_Networks,a,9,Entrance_Exam,30,16.60106819554398,0.31641571967599075,slow,4
A001335,S016,Q0106,RNN,5,2026-09-05 12:09:57,c,0,47.0,Neural_Networks,b,9,Entrance_Exam,30,13.015651528877314,0.4056858383679495,fast,5
A001357,S016,Q0104,RNN,2,2026-09-11 10:02:57,b,1,18.0,Neural_Networks,b,9,Entrance_Exam,30,7.10384597332176,0.6111571932807998,fast,6
A001354,S016,Q0106,RNN,5,2026-09-11 11:48:57,b,1,52.0,Neural_Networks,b,9,Entrance_Exam,30,7.030234862210649,0.6142834899699186,normal,7
A001363,S016,Q0104,RNN,2,2026-09-12 20:14:57,b,1,28.0,Neural_Networks,b,9,Entrance_Exam,30,5.678845973321759,0.6746052273812204,fast,8
A001370,S016,Q0108,RNN,5,2026-09-14 14:09:57,d,0,42.0,Neural_Networks,b,9,Entrance_Exam,30,3.9323181955439814,0.7614220108717434,fast,9
A001323,S016,Q0041,Statistics,4,2026-09-02 16:15:57,b,1,47.0,Math_Basics,b,9,Entrance_Exam,30,15.844818195543981,0.33344441276901304,normal,1
A001328,S016,Q0043,Statistics,4,2026-09-03 06:27:57,c,1,35.0,Math_Basics,c,9,Entrance_Exam,30,15.253151528877314,0.34740365726776207,fast,2
A001340,S016,Q0045,Statistics,1,2026-09-06 06:38:57,b,1,21.0,Math_Basics,b,9,Entrance_Exam,30,12.245512639988425,0.4279305957158979,normal,3
A001353,S016,Q0038,Statistics,2,2026-09-11 11:42:57,b,1,34.0,Math_Basics,b,9,Entrance_Exam,30,7.034401528877315,0.6141061035579468,normal,4
A001352,S016,Q0048,Statistics,4,2026-09-12 02:51:57,c,0,41.0,Math_Basics,b,9,Entrance_Exam,30,6.4031515288773155,0.6415727836074977,fast,5
A001364,S016,Q0044,Statistics,3,2026-09-12 09:40:57,b,0,36.0,Math_Basics,c,9,Entrance_Exam,30,6.119123751099537,0.6543287764518507,normal,6
A001373,S016,Q0045,Statistics,1,2026-09-18 02:00:57,b,1,28.0,Math_Basics,b,9,Entrance_Exam,30,0.43856819554398146,0.9700581791070605,slow,7
A001380,S017,Q0055,AI_Basics,3,2026-08-30 01:40:57,a,1,33.0,Python;Math_Basics,a,11,Board_Exam,30,19.45245708443287,0.2596705470181832,fast,1
A001383,S017,Q0057,AI_Basics,1,2026-08-30 19:43:57,a,1,12.0,Python;Math_Basics,a,11,Board_Exam,30,18.700373751099537,0.27356633809015235,fast,2
A001382,S017,Q0052,AI_Basics,3,2026-08-31 00:49:57,b,1,21.0,Python;Math_Basics,b,11,Board_Exam,30,18.487873751099535,0.27762562195156304,fast,3
A001390,S017,Q0051,AI_Basics,3,2026-08-31 19:53:57,b,1,19.0,Python;Math_Basics,b,11,Board_Exam,30,17.69342930665509,0.2933423083980691,fast,4
A001405,S017,Q0057,AI_Basics,1,2026-09-03 18:54:57,a,1,11.0,Python;Math_Basics,a,11,Board_Exam,30,14.734401528877314,0.3601225503946857,fast,5
A001404,S017,Q0060,AI_Basics,1,2026-09-04 01:04:57,b,1,11.0,Python;Math_Basics,b,11,Board_Exam,30,14.477457084432869,0.36659379996706815,fast,6
A001411,S017,Q0052,AI_Basics,3,2026-09-05 07:29:57,b,1,17.0,Python;Math_Basics,b,11,Board_Exam,30,13.210095973321758,0.4002547426791586,fast,7
A001424,S017,Q0057,AI_Basics,1,2026-09-07 22:12:57,a,1,9.0,Python;Math_Basics,a,11,Board_Exam,30,10.596901528877316,0.47973508113585217,fast,8
A001429,S017,Q0056,AI_Basics,1,2026-09-09 01:26:57,b,1,25.0,Python;Math_Basics,b,11,Board_Exam,30,9.462179306655093,0.5189912315587877,normal,9
A001379,S017,Q0087,CNN,1,2026-08-29 09:37:57,b,1,24.0,Neural_Networks,b,11,Board_Exam,30,20.121207084432868,0.24790843963570228,normal,1
A001381,S017,Q0088,CNN,2,2026-08-30 22:49:57,b,1,22.0,Neural_Networks,b,11,Board_Exam,30,18.57120708443287,0.2760266160317322,fast,2
A001396,S017,Q0092,CNN,3,2026-09-02 09:40:57,d,0,28.0,Neural_Networks,a,11,Board_Exam,30,16.119123751099536,0.3271643882259254,fast,3
A001406,S017,Q0085,CNN,5,2026-09-03 12:00:57,b,1,37.0,Neural_Networks,b,11,Board_Exam,30,15.021901528877313,0.3530170689898224,fast,4
A001401,S017,Q0086,CNN,2,2026-09-03 17:35:57,b,1,13.0,Neural_Networks,b,11,Board_Exam,30,14.789262639988426,0.3587557191525086,fast,5
A001402,S017,Q0091,CNN,2,2026-09-03 22:09:57,b,1,32.0,Neural_Networks,b,11,Board_Exam,30,14.598984862210648,0.3635187070567351,normal,6
A001403,S017,Q0090,CNN,1,2026-09-04 01:00:57,a,1,20.0,Neural_Networks,a,11,Board_Exam,30,14.480234862210647,0.36652322246768604,fast,7
A001415,S017,Q0086,CNN,2,2026-09-06 00:31:57,b,1,22.0,Neural_Networks,b,11,Board_Exam,30,12.500373751099536,0.4204373154466006,fast,8
A001423,S017,Q0089,CNN,1,2026-09-07 12:57:57,b,1,15.0,Neural_Networks,b,11,Board_Exam,30,10.982318195543982,0.46708861324446227,fast,9
A001376,S017,Q0025,Data_Structures,4,2026-08-28 14:39:57,c,1,14.0,Python,c,11,Board_Exam,30,20.911484862210646,0.2346937802434605,fast,1
A001392,S017,Q0035,Data_Structures,4,2026-08-31 09:45:57,c,1,35.0,Python,c,11,Board_Exam,30,18.115651528877315,0.28488169842767,fast,2
A001410,S017,Q0025,Data_Structures,4,2026-09-05 02:17:57,c,1,30.0,Python,c,11,Board_Exam,30,13.426762639988425,0.3942885541509016,fast,3
A001414,S017,Q0032,Data_Structures,5,2026-09-06 02:16:57,c,1,36.0,Python,c,11,Board_Exam,30,12.42745708443287,0.42256766804315343,fast,4
A001417,S017,Q0035,Data_Structures,4,2026-09-06 15:18:57,c,1,20.0,Python,c,11,Board_Exam,30,11.884401528877316,0.43877701158177135,fast,5
A001420,S017,Q0029,Data_Structures,1,2026-09-06 16:38:57,b,1,9.0,Python,b,11,Board_Exam,30,11.82884597332176,0.4404699192985556,fast,6
A001443,S017,Q0033,Data_Structures,2,2026-09-16 03:59:57,b,1,16.0,Python,b,11,Board_Exam,30,2.3559293066550926,0.8493358603649637,fast,7
A001397,S017,Q0109,LSTM,4,2026-09-02 04:07:57,a,1,51.0,RNN,a,11,Board_Exam,30,16.350373751099536,0.3219620663745674,normal,1
A001416,S017,Q0071,ML,3,2026-09-06 12:36:57,b,1,32.0,AI_Basics;Statistics,b,11,Board_Exam,30,11.996901528877315,0.4353687756084182,fast,1
A001425,S017,Q0061,ML,3,2026-09-08 01:04:57,b,1,30.0,AI_Basics;Statistics,b,11,Board_Exam,30,10.47745708443287,0.4837234190968424,fast,2
A001439,S017,Q0071,ML,3,2026-09-14 12:29:57,b,1,29.0,AI_Basics;Statistics,b,11,Board_Exam,30,4.001762639988426,0.7577656961403043,fast,3
A001442,S017,Q0066,ML,2,2026-09-16 22:45:57,a,1,28.0,AI_Basics;Statistics,a,11,Board_Exam,30,1.5739848622106483,0.896640464751062,fast,4
A001385,S017,Q0004,Math_Basics,2,2026-08-31 00:25:57,b,1,22.0,,b,11,Board_Exam,30,18.504540417766204,0.2773050814434918,fast,1
A001393,S017,Q0006,Math_Basics,5,2026-08-31 13:45:57,b,1,52.0,,b,11,Board_Exam,30,17.948984862210647,0.2881918643156607,normal,2
A001394,S017,Q0001,Math_Basics,5,2026-09-01 20:58:57,c,1,33.0,,c,11,Board_Exam,30,16.6482904177662,0.315381722478724,fast,3
A001395,S017,Q0005,Math_Basics,3,2026-09-01 21:44:57,a,1,32.0,,a,11,Board_Exam,30,16.61634597332176,0.31608082073987565,fast,4
A001407,S017,Q0011,Math_Basics,1,2026-09-04 14:14:57,c,1,25.0,,c,11,Board_Exam,30,13.928845973321758,0.3808026445047722,normal,5
A001408,S017,Q0012,Math_Basics,4,2026-09-04 21:29:57,a,1,29.0,,a,11,Board_Exam,30,13.626762639988424,0.38886026711102,fast,6
A001421,S017,Q0001,Math_Basics,5,2026-09-07 05:02:57,c,1,37.0,,c,11,Board_Exam,30,11.312179306655093,0.4565301572525344,fast,7
A001431,S017,Q0001,Math_Basics,5,2026-09-09 17:27:57,c,1,31.0,,c,11,Board_Exam,30,8.794818195543982,0.5435626304845265,fast,8
A001432,S017,Q0004,Math_Basics,2,2026-09-10 09:23:57,b,1,21.0,,b,11,Board_Exam,30,8.130929306655093,0.5691603511038852,fast,9
A001433,S017,Q0003,Math_Basics,1,2026-09-12 12:29:57,b,1,22.0,,b,11,Board_Exam,30,6.001762639988426,0.6596733536214215,normal,10
A001386,S017,Q0122,NLP,5,2026-08-30 09:12:57,b,1,43.0,LSTM,b,11,Board_Exam,30,19.138568195543982,0.26538213881332967,fast,1
A001389,S017,Q0131,NLP,1,2026-08-31 02:24:57,a,1,6.0,LSTM,a,11,Board_Exam,30,18.421901528877314,0.27889806829488356,fast,2
A001400,S017,Q0129,NLP,1,2026-09-02 03:55:57,b,1,8.0,LSTM,b,11,Board_Exam,30,16.35870708443287,0.3217761474930863,fast,3
A001434,S017,Q0128,NLP,1,2026-09-12 12:07:57,b,1,26.0,LSTM,b,11,Board_Exam,30,6.017040417766204,0.65897514588213,normal,4
A001441,S017,Q0124,NLP,2,2026-09-15 13:30:57,a,1,26.0,LSTM,a,11,Board_Exam,30,2.959401528877315,0.8145413518719116,fast,5
A001384,S017,Q0079,Neural_Networks,5,2026-08-31 02:29:57,b,1,37.0,ML,b,11,Board_Exam,30,18.418429306655092,0.27896520047370615,fast,1
A001413,S017,Q0081,Neural_Networks,5,2026-09-05 11:24:57,b,1,44.0,ML,b,11,Board_Exam,30,13.046901528877314,0.40480803942014787,fast,2
A001436,S017,Q0077,Neural_Networks,2,2026-09-13 05:36:57,a,1,17.0,ML,a,11,Board_Exam,30,5.288568195543982,0.6931037265759525,fast,3
A001446,S017,Q0079,Neural_Networks,5,2026-09-18 01:37:57,b,1,38.0,ML,b,11,Board_Exam,30,0.4545404177662037,0.9689848121960237,fast,4
A001437,S017,Q0024,Python,1,2026-09-14 13:27:57,c,1,16.0,,c,11,Board_Exam,30,3.9614848622106478,0.7598842147606282,fast,1
A001387,S017,Q0098,RNN,4,2026-08-31 01:16:57,a,1,27.0,Neural_Networks,a,11,Board_Exam,30,18.469123751099538,0.2779866729279424,fast,1
A001398,S017,Q0100,RNN,3,2026-09-02 13:18:57,b,1,42.0,Neural_Networks,b,11,Board_Exam,30,15.967734862210648,0.3306155562954726,normal,2
A001409,S017,Q0099,RNN,2,2026-09-04 19:24:57,a,1,31.0,Neural_Networks,a,11,Board_Exam,30,13.713568195543981,0.3865275576357651,normal,3
A001419,S017,Q0098,RNN,4,2026-09-06 07:56:57,b,0,28.0,Neural_Networks,a,11,Board_Exam,30,12.191345973321758,0.42954030131472976,fast,4
A001422,S017,Q0101,RNN,1,2026-09-07 10:47:57,b,1,14.0,Neural_Networks,b,11,Board_Exam,30,11.072595973321759,0.4641748953981124,fast,5
A001435,S017,Q0103,RNN,3,2026-09-12 21:08:57,b,1,17.0,Neural_Networks,b,11,Board_Exam,30,5.6413459733217595,0.6763610109660515,fast,6
A001440,S017,Q0105,RNN,4,2026-09-14 19:05:57,b,1,31.0,Neural_Networks,b,11,Board_Exam,30,3.7267626399884257,0.7723484260831903,fast,7
A001377,S017,Q0040,Statistics,3,2026-08-28 13:45:57,b,1,28.0,Math_Basics,b,11,Board_Exam,30,20.948984862210647,0.2340845324007664,fast,1
A001378,S017,Q0046,Statistics,3,2026-08-30 00:52:57,c,1,28.0,Math_Basics,c,11,Board_Exam,30,19.485790417766204,0.2590712732345339,fast,2
A001388,S017,Q0047,Statistics,5,2026-08-30 08:44:57,b,1,34.0,Math_Basics,b,11,Board_Exam,30,19.158012639988424,0.26502470136178213,fast,3
A001391,S017,Q0037,Statistics,4,2026-08-31 18:49:57,c,1,41.0,Math_Basics,c,11,Board_Exam,30,17.737873751099535,0.29244001274650405,fast,4
A001399,S017,Q0043,Statistics,4,2026-09-02 17:02:57,c,1,43.0,Math_Basics,c,11,Board_Exam,30,15.812179306655091,0.3341996365006213,fast,5
A001412,S017,Q0046,Statistics,3,2026-09-05 16:56:57,c,1,16.0,Math_Basics,c,11,Board_Exam,30,12.816345973321758,0.41132920173123905,fast,6
A001418,S017,Q0037,Statistics,4,2026-09-06 15:33:57,c,1,44.0,Math_Basics,c,11,Board_Exam,30,11.873984862210648,0.4390939354074828,normal,7
A001426,S017,Q0047,Statistics,5,2026-09-07 17:39:57,c,0,49.0,Math_Basics,b,11,Board_Exam,30,10.78648486221065,0.473472163429693,fast,8
A001428,S017,Q0039,Statistics,3,2026-09-08 10:44:57,b,1,23.0,Math_Basics,b,11,Board_Exam,30,10.074679306655094,0.49741849962863743,fast,9
A001430,S017,Q0043,Statistics,4,2026-09-09 15:25:57,c,1,45.0,Math_Basics,c,11,Board_Exam,30,8.879540417766204,0.5403799149869905,normal,10
A001444,S017,Q0042,Statistics,5,2026-09-17 09:11:57,b,1,39.0,Math_Basics,b,11,Board_Exam,30,1.1392626399884258,0.9240698003562041,fast,11
A001445,S017,Q0038,Statistics,2,2026-09-17 12:48:57,b,1,22.0,Math_Basics,b,11,Board_Exam,30,0.9885681955439815,0.9337726126938599,fast,12
A001471,S018,Q0058,AI_Basics,5,2026-09-01 16:35:57,d,0,62.0,Python;Math_Basics,b,9,Coding_Interview,45,16.83092930665509,0.3114142936101663,normal,1
A001475,S018,Q0054,AI_Basics,4,2026-09-02 19:16:57,c,0,51.0,Python;Math_Basics,b,9,Coding_Interview,45,15.719123751099536,0.3363622311245471,normal,2
A001481,S018,Q0054,AI_Basics,4,2026-09-03 17:29:57,c,0,51.0,Python;Math_Basics,b,9,Coding_Interview,45,14.793429306655092,0.3586521213986475,normal,3
A001490,S018,Q0059,AI_Basics,4,2026-09-06 07:11:57,a,1,57.0,Python;Math_Basics,a,9,Coding_Interview,45,12.222595973321758,0.42861088749528425,slow,4
A001492,S018,Q0058,AI_Basics,5,2026-09-06 22:47:57,d,0,75.0,Python;Math_Basics,b,9,Coding_Interview,45,11.572595973321759,0.4483633944399269,slow,5
A001495,S018,Q0053,AI_Basics,4,2026-09-07 10:23:57,d,0,56.0,Python;Math_Basics,b,9,Coding_Interview,45,11.089262639988426,0.4636389691541336,slow,6
A001497,S018,Q0054,AI_Basics,4,2026-09-07 13:05:57,a,0,51.0,Python;Math_Basics,b,9,Coding_Interview,45,10.976762639988426,0.46726851518924195,normal,7
A001512,S018,Q0054,AI_Basics,4,2026-09-12 00:30:57,c,0,53.0,Python;Math_Basics,b,9,Coding_Interview,45,6.501068195543982,0.6372331301058596,normal,8
A001513,S018,Q0049,AI_Basics,4,2026-09-12 16:21:57,c,0,46.0,Python;Math_Basics,a,9,Coding_Interview,45,5.840651528877315,0.6670814583994501,normal,9
A001523,S018,Q0060,AI_Basics,1,2026-09-15 10:28:57,b,1,24.0,Python;Math_Basics,b,9,Coding_Interview,45,3.0857904177662037,0.8074366388475845,normal,10
A001453,S018,Q0090,CNN,1,2026-08-28 18:31:57,a,1,25.0,Neural_Networks,a,9,Coding_Interview,45,20.750373751099538,0.23732938179572952,normal,1
A001457,S018,Q0091,CNN,2,2026-08-29 14:47:57,d,0,41.0,Neural_Networks,b,9,Coding_Interview,45,19.905929306655093,0.25163544705499186,slow,2
A001463,S018,Q0096,CNN,3,2026-08-30 16:49:57,a,0,49.0,Neural_Networks,b,9,Coding_Interview,45,18.82120708443287,0.27128464398272717,slow,3
A001465,S018,Q0093,CNN,4,2026-08-30 16:58:57,a,0,66.0,Neural_Networks,b,9,Coding_Interview,45,18.81495708443287,0.2714021945596583,slow,4
A001467,S018,Q0096,CNN,3,2026-08-31 09:10:57,a,0,46.0,Neural_Networks,b,9,Coding_Interview,45,18.13995708443287,0.28440215297238824,slow,5
A001480,S018,Q0086,CNN,2,2026-09-03 20:59:57,d,0,51.0,Neural_Networks,b,9,Coding_Interview,45,14.647595973321758,0.3622959045811167,slow,6
A001486,S018,Q0096,CNN,3,2026-09-04 07:18:57,c,0,56.0,Neural_Networks,b,9,Coding_Interview,45,14.217734862210648,0.37325319473276625,slow,7
A001493,S018,Q0094,CNN,5,2026-09-07 07:54:57,b,0,75.0,Neural_Networks,a,9,Coding_Interview,45,11.19273486221065,0.4603255781589981,slow,8
A001517,S018,Q0093,CNN,4,2026-09-13 11:03:57,c,0,56.0,Neural_Networks,b,9,Coding_Interview,45,5.061484862210648,0.7040996418161368,slow,9
A001515,S018,Q0086,CNN,2,2026-09-13 17:39:57,d,0,40.0,Neural_Networks,b,9,Coding_Interview,45,4.7864848622106475,0.7176496018919045,slow,10
A001452,S018,Q0028,Data_Structures,5,2026-08-28 09:22:57,a,0,56.0,Python,b,9,Coding_Interview,45,21.131623751099536,0.23113980331427894,normal,1
A001448,S018,Q0035,Data_Structures,4,2026-08-28 23:12:57,d,0,55.0,Python,c,9,Coding_Interview,45,20.555234862210646,0.24056130654576563,slow,2
A001456,S018,Q0030,Data_Structures,2,2026-08-29 05:19:57,c,1,33.0,Python,c,9,Coding_Interview,45,20.300373751099535,0.24484873115264436,normal,3
A001462,S018,Q0031,Data_Structures,3,2026-08-30 05:15:57,b,0,44.0,Python,c,9,Coding_Interview,45,19.303151528877315,0.2623718502136091,normal,4
A001464,S018,Q0036,Data_Structures,4,2026-08-30 08:13:57,c,0,65.0,Python,b,9,Coding_Interview,45,19.1795404177662,0.2646295285732783,slow,5
A001473,S018,Q0029,Data_Structures,1,2026-09-01 23:12:57,b,1,25.0,Python,b,9,Coding_Interview,45,16.555234862210646,0.317422547013001,normal,6
A001489,S018,Q0034,Data_Structures,3,2026-09-05 11:16:57,b,1,49.0,Python,b,9,Coding_Interview,45,13.05245708443287,0.4046521852352695,slow,7
A001501,S018,Q0033,Data_Structures,2,2026-09-09 02:24:57,b,1,32.0,Python,b,9,Coding_Interview,45,9.421901528877315,0.520442197990024,normal,8
A001518,S018,Q0027,Data_Structures,2,2026-09-14 01:24:57,b,1,35.0,Python,b,9,Coding_Interview,45,4.463568195543981,0.7338937827435226,normal,9
A001454,S018,Q0112,LSTM,3,2026-08-29 01:25:57,c,0,49.0,RNN,a,9,Coding_Interview,45,20.462873751099536,0.242106316559827,slow,1
A001474,S018,Q0119,LSTM,4,2026-09-02 15:11:57,c,0,71.0,RNN,b,9,Coding_Interview,45,15.889262639988425,0.3324187665016091,slow,2
A001484,S018,Q0113,LSTM,5,2026-09-04 14:01:57,c,0,75.0,RNN,b,9,Coding_Interview,45,13.937873751099536,0.38056442879299823,slow,3
A001487,S018,Q0117,LSTM,5,2026-09-05 11:11:57,a,0,76.0,RNN,b,9,Coding_Interview,45,13.055929306655091,0.40455480684250206,slow,4
A001494,S018,Q0110,LSTM,2,2026-09-07 06:55:57,b,0,41.0,RNN,a,9,Coding_Interview,45,11.23370708443287,0.4590201182458736,slow,5
A001511,S018,Q0113,LSTM,5,2026-09-11 10:59:57,c,0,79.0,RNN,b,9,Coding_Interview,45,7.064262639988426,0.6128363323905037,slow,6
A001466,S018,Q0072,ML,5,2026-08-31 00:02:57,c,0,76.0,AI_Basics;Statistics,a,9,Coding_Interview,45,18.520512639988425,0.27699824407528595,slow,1
A001470,S018,Q0061,ML,3,2026-08-31 03:47:57,b,1,41.0,AI_Basics;Statistics,b,9,Coding_Interview,45,18.364262639988425,0.2800145571908405,normal,2
A001472,S018,Q0066,ML,2,2026-09-01 04:43:57,a,1,27.0,AI_Basics;Statistics,a,9,Coding_Interview,45,17.325373751099537,0.3009222369025275,fast,3
A001499,S018,Q0072,ML,5,2026-09-08 17:01:57,c,0,69.0,AI_Basics;Statistics,a,9,Coding_Interview,45,9.812873751099538,0.5065275431637553,slow,4
A001504,S018,Q0065,ML,1,2026-09-10 22:18:57,b,1,25.0,AI_Basics;Statistics,b,9,Coding_Interview,45,7.592734862210649,0.5907937683198751,normal,5
A001522,S018,Q0064,ML,1,2026-09-15 22:44:57,a,1,27.0,AI_Basics;Statistics,a,9,Coding_Interview,45,2.5746793066550926,0.8365548664372048,slow,6
A001529,S018,Q0064,ML,1,2026-09-17 19:43:57,a,1,24.0,AI_Basics;Statistics,a,9,Coding_Interview,45,0.700373751099537,0.9526133188929603,normal,7
A001527,S018,Q0067,ML,3,2026-09-18 02:41:57,b,1,53.0,AI_Basics;Statistics,b,9,Coding_Interview,45,0.41009597332175923,0.9719745220317804,slow,8
A001451,S018,Q0010,Math_Basics,2,2026-08-28 08:45:57,c,0,33.0,,b,9,Coding_Interview,45,21.15731819554398,0.2307285089583321,normal,1
A001450,S018,Q0011,Math_Basics,1,2026-08-28 15:53:57,c,1,21.0,,c,9,Coding_Interview,45,20.86009597332176,0.2355312516314329,normal,2
A001461,S018,Q0010,Math_Basics,2,2026-08-29 17:04:57,b,1,46.0,,b,9,Coding_Interview,45,19.810790417766203,0.25330034694541104,slow,3
A001468,S018,Q0002,Math_Basics,4,2026-08-31 06:48:57,a,0,42.0,,c,9,Coding_Interview,45,18.23856819554398,0.2824648355086066,fast,4
A001476,S018,Q0005,Math_Basics,3,2026-09-02 03:56:57,d,0,40.0,,a,9,Coding_Interview,45,16.358012639988424,0.3217916366318009,normal,5
A001485,S018,Q0009,Math_Basics,2,2026-09-04 04:43:57,a,1,33.0,,a,9,Coding_Interview,45,14.325373751099535,0.3704787308138022,normal,6
A001508,S018,Q0005,Math_Basics,3,2026-09-10 07:11:57,a,1,39.0,,a,9,Coding_Interview,45,8.22259597332176,0.5655554566934186,normal,7
A001509,S018,Q0008,Math_Basics,5,2026-09-10 23:33:57,b,0,64.0,,a,9,Coding_Interview,45,7.540651528877316,0.592930472040273,slow,8
A001507,S018,Q0005,Math_Basics,3,2026-09-11 00:02:57,b,0,46.0,,a,9,Coding_Interview,45,7.520512639988427,0.5937587343380849,slow,9
A001530,S018,Q0009,Math_Basics,2,2026-09-17 09:29:57,a,1,37.0,,a,9,Coding_Interview,45,1.1267626399884259,0.924870792780567,slow,10
A001528,S018,Q0002,Math_Basics,4,2026-09-17 13:33:57,d,0,53.0,,c,9,Coding_Interview,45,0.9573181955439815,0.9357974356644778,normal,11
A001459,S018,Q0129,NLP,1,2026-08-29 17:48:57,b,1,33.0,LSTM,b,9,Coding_Interview,45,19.780234862210648,0.25383739286125934,slow,1
A001482,S018,Q0132,NLP,3,2026-09-04 10:30:57,b,0,49.0,LSTM,a,9,Coding_Interview,45,14.084401528877313,0.37671877644755697,slow,2
A001488,S018,Q0121,NLP,3,2026-09-05 23:51:57,a,1,57.0,LSTM,a,9,Coding_Interview,45,12.528151528877315,0.4196285805474279,slow,3
A001505,S018,Q0132,NLP,3,2026-09-10 17:54:57,d,0,52.0,LSTM,a,9,Coding_Interview,45,7.776068195543982,0.5833336402684631,slow,4
A001510,S018,Q0131,NLP,1,2026-09-10 23:44:57,a,1,19.0,LSTM,a,9,Coding_Interview,45,7.533012639988426,0.5932445044025992,fast,5
A001521,S018,Q0121,NLP,3,2026-09-14 22:05:57,c,0,56.0,LSTM,a,9,Coding_Interview,45,3.6017626399884257,0.7790693895675064,slow,6
A001460,S018,Q0073,Neural_Networks,5,2026-08-29 06:30:57,c,0,83.0,ML,a,9,Coding_Interview,45,20.25106819554398,0.24568695788946093,slow,1
A001478,S018,Q0078,Neural_Networks,3,2026-09-04 01:44:57,d,0,52.0,ML,b,9,Coding_Interview,45,14.449679306655092,0.3673003228627845,slow,2
A001520,S018,Q0081,Neural_Networks,5,2026-09-14 11:57:57,c,0,72.0,ML,b,9,Coding_Interview,45,4.023984862210648,0.7565993876063065,slow,3
A001458,S018,Q0024,Python,1,2026-08-29 19:43:57,b,0,17.0,,c,9,Coding_Interview,45,19.700373751099537,0.2552464188120245,fast,1
A001477,S018,Q0016,Python,3,2026-09-02 19:01:57,d,0,54.0,,a,9,Coding_Interview,45,15.729540417766202,0.3361194557261261,slow,2
A001498,S018,Q0023,Python,4,2026-09-07 13:20:57,c,0,64.0,,b,9,Coding_Interview,45,10.96634597332176,0.4676060181156929,slow,3
A001514,S018,Q0020,Python,2,2026-09-12 22:59:57,a,0,40.0,,c,9,Coding_Interview,45,5.564262639988426,0.6799844857945255,slow,4
A001519,S018,Q0013,Python,2,2026-09-14 05:13:57,c,0,43.0,,b,9,Coding_Interview,45,4.304540417766203,0.7420282190909094,slow,5
A001526,S018,Q0017,Python,2,2026-09-16 20:15:57,a,0,39.0,,b,9,Coding_Interview,45,1.678151528877315,0.8901897826288043,slow,6
A001449,S018,Q0100,RNN,3,2026-08-28 04:03:57,d,0,53.0,Neural_Networks,b,9,Coding_Interview,45,21.353151528877316,0.22761773047997344,slow,1
A001455,S018,Q0102,RNN,2,2026-08-28 17:14:57,c,0,50.0,Neural_Networks,a,9,Coding_Interview,45,20.80384597332176,0.2364513694682465,slow,2
A001447,S018,Q0105,RNN,4,2026-08-28 17:35:57,c,0,63.0,Neural_Networks,b,9,Coding_Interview,45,20.789262639988426,0.23669050472837694,slow,3
A001479,S018,Q0099,RNN,2,2026-09-03 18:51:57,c,0,43.0,Neural_Networks,a,9,Coding_Interview,45,14.736484862210647,0.36007055041380903,slow,4
A001483,S018,Q0108,RNN,5,2026-09-04 03:58:57,c,0,88.0,Neural_Networks,b,9,Coding_Interview,45,14.356623751099535,0.36967711091649563,slow,5
A001491,S018,Q0102,RNN,2,2026-09-07 01:09:57,d,0,48.0,Neural_Networks,a,9,Coding_Interview,45,11.47398486221065,0.4514385461932588,slow,6
A001503,S018,Q0101,RNN,1,2026-09-09 19:21:57,d,0,30.0,Neural_Networks,b,9,Coding_Interview,45,8.715651528877315,0.5465535831082089,slow,7
A001502,S018,Q0101,RNN,1,2026-09-09 19:42:57,a,0,27.0,Neural_Networks,b,9,Coding_Interview,45,8.701068195543982,0.5471063404619333,slow,8
A001524,S018,Q0108,RNN,5,2026-09-15 11:30:57,a,0,82.0,Neural_Networks,b,9,Coding_Interview,45,3.042734862210648,0.8098499389020474,slow,9
A001469,S018,Q0043,Statistics,4,2026-08-31 07:31:57,a,0,44.0,Math_Basics,c,9,Coding_Interview,45,18.20870708443287,0.2830500907961747,normal,1
A001496,S018,Q0045,Statistics,1,2026-09-07 05:24:57,b,1,27.0,Math_Basics,b,9,Coding_Interview,45,11.296901528877315,0.4570138672847041,slow,2
A001506,S018,Q0043,Statistics,4,2026-09-10 10:13:57,d,0,60.0,Math_Basics,c,9,Coding_Interview,45,8.096207084432871,0.5705318338180482,slow,3
A001516,S018,Q0038,Statistics,2,2026-09-13 06:30:57,b,1,32.0,Math_Basics,b,9,Coding_Interview,45,5.251068195543981,0.6949076558909261,normal,4
A001525,S018,Q0042,Statistics,5,2026-09-17 02:21:57,c,0,64.0,Math_Basics,b,9,Coding_Interview,45,1.4239848622106481,0.9060116545862748,slow,5
A001537,S019,Q0054,AI_Basics,4,2026-08-28 06:12:57,a,0,47.0,Python;Math_Basics,b,11,Coding_Interview,45,21.263568195543982,0.22903550716192547,normal,1
A001544,S019,Q0053,AI_Basics,4,2026-08-30 14:42:57,c,0,40.0,Python;Math_Basics,b,11,Coding_Interview,45,18.909401528877314,0.26963129276801834,fast,2
A001557,S019,Q0055,AI_Basics,3,2026-08-31 21:19:57,a,1,39.0,Python;Math_Basics,a,11,Coding_Interview,45,17.63370708443287,0.2945591536295704,normal,3
A001582,S019,Q0054,AI_Basics,4,2026-09-06 16:50:57,b,1,41.0,Python;Math_Basics,b,11,Coding_Interview,45,11.820512639988426,0.44072441819587943,fast,4
A001605,S019,Q0060,AI_Basics,1,2026-09-12 01:20:57,b,1,24.0,Python;Math_Basics,b,11,Coding_Interview,45,6.46634597332176,0.6387686450466616,normal,5
A001611,S019,Q0058,AI_Basics,5,2026-09-13 16:56:57,d,0,53.0,Python;Math_Basics,b,11,Coding_Interview,45,4.816345973321759,0.7161657365345504,normal,6
A001616,S019,Q0056,AI_Basics,1,2026-09-14 14:59:57,b,1,24.0,Python;Math_Basics,b,11,Coding_Interview,45,3.897595973321759,0.7632567787435189,normal,7
A001534,S019,Q0091,CNN,2,2026-08-28 22:34:57,b,1,34.0,Neural_Networks,b,11,Coding_Interview,45,20.581623751099535,0.24012168880747034,normal,1
A001540,S019,Q0095,CNN,5,2026-08-30 02:29:57,a,0,37.0,Neural_Networks,b,11,Coding_Interview,45,19.418429306655092,0.26028373553264733,fast,2
A001575,S019,Q0091,CNN,2,2026-09-04 03:56:57,b,1,19.0,Neural_Networks,b,11,Coding_Interview,45,14.358012639988425,0.36964152365075326,fast,3
A001590,S019,Q0094,CNN,5,2026-09-07 16:51:57,a,1,42.0,Neural_Networks,a,11,Coding_Interview,45,10.819818195543982,0.472379473257129,fast,4
A001602,S019,Q0086,CNN,2,2026-09-11 18:52:57,b,1,23.0,Neural_Networks,b,11,Coding_Interview,45,6.7357904177662045,0.6269494186006047,fast,5
A001615,S019,Q0087,CNN,1,2026-09-15 00:02:57,b,1,14.0,Neural_Networks,b,11,Coding_Interview,45,3.520512639988426,0.7834693470496045,fast,6
A001623,S019,Q0086,CNN,2,2026-09-17 13:15:57,b,1,25.0,Neural_Networks,b,11,Coding_Interview,45,0.9698181955439814,0.9349869801256538,fast,7
A001538,S019,Q0025,Data_Structures,4,2026-08-29 18:07:57,c,1,41.0,Python,c,11,Coding_Interview,45,19.767040417766204,0.2540696509135495,fast,1
A001614,S019,Q0030,Data_Structures,2,2026-09-14 19:13:57,c,1,23.0,Python,c,11,Coding_Interview,45,3.72120708443287,0.7726459006521692,fast,2
A001536,S019,Q0112,LSTM,3,2026-08-28 16:01:57,a,1,37.0,RNN,a,11,Coding_Interview,45,20.854540417766202,0.2356219678874567,normal,1
A001539,S019,Q0113,LSTM,5,2026-08-30 00:21:57,b,1,52.0,RNN,b,11,Coding_Interview,45,19.50731819554398,0.2586849774781788,normal,2
A001551,S019,Q0118,LSTM,4,2026-08-31 08:28:57,a,0,47.0,RNN,b,11,Coding_Interview,45,18.169123751099537,0.28382776384442876,normal,3
A001581,S019,Q0109,LSTM,4,2026-09-05 11:14:57,d,0,53.0,RNN,a,11,Coding_Interview,45,13.053845973321758,0.4046132310657417,normal,4
A001587,S019,Q0120,LSTM,5,2026-09-08 02:03:57,b,1,57.0,RNN,b,11,Coding_Interview,45,10.436484862210648,0.4850991355579937,normal,5
A001599,S019,Q0109,LSTM,4,2026-09-10 05:43:57,d,0,35.0,RNN,a,11,Coding_Interview,45,8.283707084432871,0.5631648873331271,fast,6
A001601,S019,Q0120,LSTM,5,2026-09-11 18:42:57,a,0,44.0,RNN,b,11,Coding_Interview,45,6.742734862210648,0.6266477077336259,fast,7
A001543,S019,Q0066,ML,2,2026-08-29 09:23:57,a,1,22.0,AI_Basics;Statistics,a,11,Coding_Interview,45,20.13092930665509,0.24774143212965355,fast,1
A001541,S019,Q0072,ML,5,2026-08-29 09:50:57,a,1,50.0,AI_Basics;Statistics,a,11,Coding_Interview,45,20.11217930665509,0.24806361884041636,fast,2
A001549,S019,Q0069,ML,5,2026-08-31 01:26:57,a,1,44.0,AI_Basics;Statistics,a,11,Coding_Interview,45,18.46217930665509,0.2781205146368685,fast,3
A001556,S019,Q0061,ML,3,2026-08-31 15:49:57,b,1,27.0,AI_Basics;Statistics,b,11,Coding_Interview,45,17.862873751099535,0.28991715833412196,fast,4
A001558,S019,Q0070,ML,5,2026-08-31 19:29:57,b,1,50.0,AI_Basics;Statistics,b,11,Coding_Interview,45,17.71009597332176,0.29300362174547656,fast,5
A001552,S019,Q0063,ML,2,2026-08-31 21:59:57,b,1,36.0,AI_Basics;Statistics,b,11,Coding_Interview,45,17.605929306655092,0.2951268467716825,normal,6
A001563,S019,Q0069,ML,5,2026-09-02 05:20:57,a,1,50.0,AI_Basics;Statistics,a,11,Coding_Interview,45,16.29967930665509,0.3230953895922607,fast,7
A001588,S019,Q0065,ML,1,2026-09-08 01:07:57,b,1,17.0,AI_Basics;Statistics,b,11,Coding_Interview,45,10.475373751099538,0.4837932765414842,fast,8
A001600,S019,Q0071,ML,3,2026-09-10 08:21:57,b,1,34.0,AI_Basics;Statistics,b,11,Coding_Interview,45,8.173984862210649,0.5674642903396165,fast,9
A001609,S019,Q0072,ML,5,2026-09-12 17:07:57,b,0,57.0,AI_Basics;Statistics,a,11,Coding_Interview,45,5.8087070844328705,0.6685601600944892,normal,10
A001624,S019,Q0070,ML,5,2026-09-17 16:49:57,b,1,34.0,AI_Basics;Statistics,b,11,Coding_Interview,45,0.8212070844328704,0.9446679985310066,fast,11
A001531,S019,Q0012,Math_Basics,4,2026-08-29 00:47:57,d,0,41.0,,a,11,Coding_Interview,45,20.489262639988425,0.2416638753674286,fast,1
A001542,S019,Q0005,Math_Basics,3,2026-08-29 11:48:57,a,1,38.0,,a,11,Coding_Interview,45,20.030234862210648,0.24947661838506893,normal,2
A001560,S019,Q0006,Math_Basics,5,2026-09-01 10:50:57,d,0,58.0,,b,11,Coding_Interview,45,17.070512639988426,0.3062854493899332,normal,3
A001559,S019,Q0001,Math_Basics,5,2026-09-01 12:09:57,a,0,57.0,,c,11,Coding_Interview,45,17.015651528877314,0.30745237300648043,normal,4
A001561,S019,Q0004,Math_Basics,2,2026-09-02 05:28:57,b,1,29.0,,b,11,Coding_Interview,45,16.294123751099537,0.32321983169444174,normal,5
A001565,S019,Q0007,Math_Basics,5,2026-09-02 13:18:57,d,0,58.0,,c,11,Coding_Interview,45,15.967734862210648,0.3306155562954726,normal,6
A001567,S019,Q0003,Math_Basics,1,2026-09-03 05:34:57,b,1,25.0,,b,11,Coding_Interview,45,15.289957084432869,0.3465185021928797,normal,7
A001578,S019,Q0005,Math_Basics,3,2026-09-04 17:58:57,b,0,41.0,,a,11,Coding_Interview,45,13.773290417766203,0.38493078425575855,normal,8
A001586,S019,Q0012,Math_Basics,4,2026-09-07 15:53:57,c,0,51.0,,a,11,Coding_Interview,45,10.86009597332176,0.4710625032628658,normal,9
A001596,S019,Q0004,Math_Basics,2,2026-09-09 21:12:57,b,1,12.0,,b,11,Coding_Interview,45,8.638568195543982,0.5494816394548873,fast,10
A001613,S019,Q0002,Math_Basics,4,2026-09-13 17:28:57,b,0,48.0,,c,11,Coding_Interview,45,4.794123751099537,0.7172697160301188,normal,11
A001622,S019,Q0011,Math_Basics,1,2026-09-17 12:32:57,c,1,19.0,,c,11,Coding_Interview,45,0.9996793066550925,0.9330537319419607,fast,12
A001533,S019,Q0124,NLP,2,2026-08-28 23:02:57,a,1,36.0,LSTM,a,11,Coding_Interview,45,20.562179306655093,0.24044553969407687,normal,1
A001547,S019,Q0121,NLP,3,2026-08-30 09:54:57,a,1,48.0,LSTM,a,11,Coding_Interview,45,19.109401528877314,0.26591919908264344,slow,2
A001548,S019,Q0123,NLP,3,2026-08-30 10:29:57,a,1,32.0,LSTM,a,11,Coding_Interview,45,19.08509597332176,0.2663675794555045,fast,3
A001554,S019,Q0124,NLP,2,2026-09-01 01:15:57,a,1,32.0,LSTM,a,11,Coding_Interview,45,17.46981819554398,0.297924397981074,normal,4
A001569,S019,Q0122,NLP,5,2026-09-03 23:25:57,d,0,43.0,LSTM,b,11,Coding_Interview,45,14.54620708443287,0.36485099455652686,fast,5
A001572,S019,Q0130,NLP,2,2026-09-04 21:46:57,a,1,23.0,LSTM,a,11,Coding_Interview,45,13.61495708443287,0.3891786012118347,fast,6
A001580,S019,Q0124,NLP,2,2026-09-05 14:03:57,a,1,31.0,LSTM,a,11,Coding_Interview,45,12.936484862210648,0.4079181241333926,normal,7
A001604,S019,Q0124,NLP,2,2026-09-11 13:10:57,a,1,22.0,LSTM,a,11,Coding_Interview,45,6.973290417766204,0.6167129124484754,fast,8
A001608,S019,Q0121,NLP,3,2026-09-12 16:22:57,a,1,36.0,LSTM,a,11,Coding_Interview,45,5.8399570844328705,0.6671135692856159,normal,9
A001610,S019,Q0128,NLP,1,2026-09-14 02:50:57,b,1,22.0,LSTM,b,11,Coding_Interview,45,4.403845973321759,0.7369381276075034,normal,10
A001618,S019,Q0132,NLP,3,2026-09-14 08:55:57,a,1,34.0,LSTM,a,11,Coding_Interview,45,4.150373751099536,0.7500000645504898,fast,11
A001535,S019,Q0081,Neural_Networks,5,2026-08-28 16:20:57,b,1,44.0,ML,b,11,Coding_Interview,45,20.841345973321758,0.23583755905281437,fast,1
A001545,S019,Q0080,Neural_Networks,2,2026-08-30 23:46:57,a,1,31.0,ML,a,11,Coding_Interview,45,18.531623751099538,0.2767849922586567,normal,2
A001555,S019,Q0081,Neural_Networks,5,2026-08-31 11:59:57,b,1,36.0,ML,b,11,Coding_Interview,45,18.02259597332176,0.2867251583306355,fast,3
A001568,S019,Q0081,Neural_Networks,5,2026-09-03 18:48:57,b,1,27.0,ML,b,11,Coding_Interview,45,14.73856819554398,0.36001855794148185,fast,4
A001577,S019,Q0073,Neural_Networks,5,2026-09-04 16:36:57,a,1,43.0,ML,a,11,Coding_Interview,45,13.830234862210647,0.3834144231076732,fast,5
A001589,S019,Q0074,Neural_Networks,3,2026-09-07 04:03:57,b,1,39.0,ML,b,11,Coding_Interview,45,11.353151528877316,0.4552354609599469,normal,6
A001592,S019,Q0084,Neural_Networks,1,2026-09-08 23:14:57,b,1,18.0,ML,b,11,Coding_Interview,45,9.55384597332176,0.5157040936088253,fast,7
A001594,S019,Q0082,Neural_Networks,2,2026-09-09 11:46:57,b,1,24.0,ML,b,11,Coding_Interview,45,9.031623751099538,0.5347133586476372,fast,8
A001598,S019,Q0084,Neural_Networks,1,2026-09-10 15:10:57,b,1,9.0,ML,b,11,Coding_Interview,45,7.889957084432871,0.5787468300793733,fast,9
A001620,S019,Q0083,Neural_Networks,4,2026-09-16 06:44:57,b,1,33.0,ML,b,11,Coding_Interview,45,2.2413459733217596,0.8561084095346845,fast,10
A001621,S019,Q0078,Neural_Networks,3,2026-09-16 16:31:57,b,1,26.0,ML,b,11,Coding_Interview,45,1.8337070844328704,0.8806430589634133,fast,11
A001532,S019,Q0019,Python,5,2026-08-28 11:10:57,d,0,57.0,,b,11,Coding_Interview,45,21.056623751099536,0.2323445363383122,normal,1
A001550,S019,Q0013,Python,2,2026-08-30 22:48:57,b,1,24.0,,b,11,Coding_Interview,45,18.571901528877316,0.2760133297493745,fast,2
A001564,S019,Q0017,Python,2,2026-09-02 17:24:57,b,1,29.0,,b,11,Coding_Interview,45,15.796901528877314,0.3345537329701639,normal,3
A001562,S019,Q0015,Python,2,2026-09-03 01:56:57,b,1,21.0,,b,11,Coding_Interview,45,15.441345973321758,0.3429013294146979,fast,4
A001566,S019,Q0014,Python,3,2026-09-03 18:50:57,a,1,33.0,,a,11,Coding_Interview,45,14.737179306655092,0.3600532187554702,fast,5
A001576,S019,Q0019,Python,5,2026-09-04 06:14:57,a,0,58.0,,b,11,Coding_Interview,45,14.262179306655092,0.3721051000839605,normal,6
A001583,S019,Q0014,Python,3,2026-09-06 05:53:57,a,1,34.0,,a,11,Coding_Interview,45,12.276762639988425,0.4270046648819237,fast,7
A001593,S019,Q0019,Python,5,2026-09-08 22:23:57,c,0,53.0,,b,11,Coding_Interview,45,9.589262639988426,0.514439646234432,normal,8
A001603,S019,Q0016,Python,3,2026-09-11 18:05:57,a,1,29.0,,a,11,Coding_Interview,45,6.768429306655093,0.6255326394430838,fast,9
A001617,S019,Q0024,Python,1,2026-09-14 21:17:57,c,1,26.0,,c,11,Coding_Interview,45,3.635095973321759,0.777271434943185,normal,10
A001579,S019,Q0098,RNN,4,2026-09-05 17:52:57,c,0,44.0,Neural_Networks,a,11,Coding_Interview,45,12.77745708443287,0.4124394650872622,normal,1
A001595,S019,Q0100,RNN,3,2026-09-09 16:57:57,c,0,45.0,Neural_Networks,b,11,Coding_Interview,45,8.815651528877316,0.5427782617389845,normal,2
A001606,S019,Q0104,RNN,2,2026-09-12 15:21:57,b,1,31.0,Neural_Networks,b,11,Coding_Interview,45,5.882318195543982,0.6651576310519416,normal,3
A001619,S019,Q0097,RNN,2,2026-09-15 21:35:57,b,1,32.0,Neural_Networks,b,11,Coding_Interview,45,2.622595973321759,0.8337810004741174,normal,4
A001546,S019,Q0043,Statistics,4,2026-08-30 10:41:57,b,0,46.0,Math_Basics,c,11,Coding_Interview,45,19.076762639988424,0.2665214838478004,normal,1
A001553,S019,Q0039,Statistics,3,2026-08-31 09:25:57,b,1,44.0,Math_Basics,b,11,Coding_Interview,45,18.129540417766204,0.28460757352994126,normal,2
A001570,S019,Q0037,Statistics,4,2026-09-03 09:45:57,c,1,58.0,Math_Basics,c,11,Coding_Interview,45,15.115651528877313,0.3507305114834372,slow,3
A001571,S019,Q0046,Statistics,3,2026-09-04 12:28:57,c,1,57.0,Math_Basics,c,11,Coding_Interview,45,14.00245708443287,0.3788646108995043,slow,4
A001573,S019,Q0048,Statistics,4,2026-09-04 14:40:57,d,0,53.0,Math_Basics,b,11,Coding_Interview,45,13.910790417766203,0.38127952335767473,normal,5
A001574,S019,Q0040,Statistics,3,2026-09-04 18:16:57,b,1,30.0,Math_Basics,b,11,Coding_Interview,45,13.760790417766202,0.3852644458925463,fast,6
A001584,S019,Q0045,Statistics,1,2026-09-06 14:45:57,b,1,25.0,Math_Basics,b,11,Coding_Interview,45,11.907318195543981,0.4380805841165077,normal,7
A001585,S019,Q0037,Statistics,4,2026-09-07 13:41:57,c,1,49.0,Math_Basics,c,11,Coding_Interview,45,10.951762639988427,0.4680789317935967,normal,8
A001591,S019,Q0047,Statistics,5,2026-09-08 22:37:57,b,1,62.0,Math_Basics,b,11,Coding_Interview,45,9.579540417766204,0.5147864403963597,normal,9
A001597,S019,Q0041,Statistics,4,2026-09-10 18:54:57,a,0,51.0,Math_Basics,b,11,Coding_Interview,45,7.734401528877315,0.5850208090800053,normal,10
A001607,S019,Q0039,Statistics,3,2026-09-12 16:43:57,b,1,43.0,Math_Basics,b,11,Coding_Interview,45,5.825373751099537,0.6677882550668249,normal,11
A001612,S019,Q0045,Statistics,1,2026-09-13 22:49:57,b,1,26.0,Math_Basics,b,11,Coding_Interview,45,4.57120708443287,0.7284386068754856,normal,12
A001635,S020,Q0060,AI_Basics,1,2026-08-31 01:20:57,b,1,26.0,Python;Math_Basics,b,11,Board_Exam,60,18.466345973321758,0.27804020188063666,normal,1
A001650,S020,Q0056,AI_Basics,1,2026-09-01 08:18:57,b,1,32.0,Python;Math_Basics,b,11,Board_Exam,60,17.17606819554398,0.3040526735633422,slow,2
A001649,S020,Q0057,AI_Basics,1,2026-09-01 16:31:57,a,1,23.0,Python;Math_Basics,a,11,Board_Exam,60,16.83370708443287,0.31135433939894713,normal,3
A001656,S020,Q0058,AI_Basics,5,2026-09-02 23:10:57,a,0,64.0,Python;Math_Basics,b,11,Board_Exam,60,15.556623751099536,0.3401723121840414,slow,4
A001661,S020,Q0055,AI_Basics,3,2026-09-03 17:16:57,a,1,40.0,Python;Math_Basics,a,11,Board_Exam,60,14.80245708443287,0.35842776221519357,normal,5
A001667,S020,Q0049,AI_Basics,4,2026-09-05 14:25:57,d,0,42.0,Python;Math_Basics,a,11,Board_Exam,60,12.92120708443287,0.4083503279775694,fast,6
A001671,S020,Q0058,AI_Basics,5,2026-09-07 07:26:57,d,0,60.0,Python;Math_Basics,b,11,Board_Exam,60,11.212179306655093,0.45970557561370606,normal,7
A001683,S020,Q0051,AI_Basics,3,2026-09-09 17:31:57,a,0,47.0,Python;Math_Basics,b,11,Board_Exam,60,8.792040417766204,0.5436672985897528,slow,8
A001636,S020,Q0086,CNN,2,2026-08-30 03:55:57,b,1,25.0,Neural_Networks,b,11,Board_Exam,60,19.35870708443287,0.26136344689153684,fast,1
A001640,S020,Q0086,CNN,2,2026-08-31 14:41:57,b,1,9.0,Neural_Networks,b,11,Board_Exam,60,17.91009597332176,0.28896975430039057,fast,2
A001652,S020,Q0093,CNN,4,2026-09-02 03:18:57,b,1,33.0,Neural_Networks,b,11,Board_Exam,60,16.384401528877316,0.32120357318331977,fast,3
A001658,S020,Q0092,CNN,3,2026-09-03 16:28:57,a,1,33.0,Neural_Networks,a,11,Board_Exam,60,14.835790417766203,0.35760057421218683,fast,4
A001663,S020,Q0093,CNN,4,2026-09-04 11:14:57,b,1,35.0,Neural_Networks,b,11,Board_Exam,60,14.053845973321758,0.3775174933966425,fast,5
A001682,S020,Q0087,CNN,1,2026-09-09 17:39:57,b,1,24.0,Neural_Networks,b,11,Board_Exam,60,8.78648486221065,0.5438766952685757,normal,6
A001689,S020,Q0093,CNN,4,2026-09-10 22:05:57,b,1,26.0,Neural_Networks,b,11,Board_Exam,60,7.601762639988427,0.5904241901143062,fast,7
A001694,S020,Q0087,CNN,1,2026-09-11 11:37:57,b,1,23.0,Neural_Networks,b,11,Board_Exam,60,7.0378737510995375,0.6139583206778954,normal,8
A001695,S020,Q0085,CNN,5,2026-09-13 03:15:57,d,0,41.0,Neural_Networks,b,11,Board_Exam,60,5.386484862210648,0.6884155133429644,fast,9
A001697,S020,Q0095,CNN,5,2026-09-13 17:00:57,b,1,38.0,Neural_Networks,b,11,Board_Exam,60,4.813568195543981,0.7163036409938844,fast,10
A001625,S020,Q0036,Data_Structures,4,2026-08-28 21:15:57,b,1,47.0,Python,b,11,Board_Exam,60,20.636484862210647,0.23921031620437538,normal,1
A001633,S020,Q0034,Data_Structures,3,2026-08-29 10:23:57,b,1,44.0,Python,b,11,Board_Exam,60,20.089262639988426,0.24845797166854172,normal,2
A001637,S020,Q0026,Data_Structures,2,2026-08-31 03:17:57,a,1,37.0,Python,a,11,Board_Exam,60,18.385095973321757,0.27961049213073613,slow,3
A001639,S020,Q0030,Data_Structures,2,2026-08-31 22:18:57,c,1,36.0,Python,c,11,Board_Exam,60,17.592734862210648,0.29539688415993753,normal,4
A001641,S020,Q0035,Data_Structures,4,2026-08-31 23:55:57,b,0,47.0,Python,c,11,Board_Exam,60,17.525373751099536,0.2967793515425711,normal,5
A001664,S020,Q0032,Data_Structures,5,2026-09-04 07:34:57,d,0,51.0,Python,c,11,Board_Exam,60,14.206623751099537,0.3735407714586208,normal,6
A001673,S020,Q0034,Data_Structures,3,2026-09-07 23:09:57,b,1,32.0,Python,b,11,Board_Exam,60,10.557318195543981,0.4810531412779703,fast,7
A001672,S020,Q0036,Data_Structures,4,2026-09-08 01:15:57,a,0,53.0,Python,b,11,Board_Exam,60,10.469818195543981,0.4839796123862323,normal,8
A001675,S020,Q0032,Data_Structures,5,2026-09-08 07:36:57,b,0,60.0,Python,c,11,Board_Exam,60,10.205234862210649,0.49293745595829896,normal,9
A001702,S020,Q0025,Data_Structures,4,2026-09-15 13:55:57,a,0,46.0,Python,c,11,Board_Exam,60,2.942040417766204,0.815522145084324,normal,10
A001629,S020,Q0114,LSTM,2,2026-08-28 07:38:57,c,1,38.0,RNN,c,11,Board_Exam,60,21.20384597332176,0.22998559433570023,slow,1
A001638,S020,Q0117,LSTM,5,2026-09-01 02:01:57,b,1,42.0,RNN,b,11,Board_Exam,60,17.437873751099538,0.2985847990561467,fast,2
A001648,S020,Q0109,LSTM,4,2026-09-01 06:04:57,a,1,43.0,RNN,a,11,Board_Exam,60,17.269123751099535,0.30209780878842385,fast,3
A001644,S020,Q0117,LSTM,5,2026-09-01 19:11:57,d,0,41.0,RNN,b,11,Board_Exam,60,16.72259597332176,0.3137615347542027,fast,4
A001686,S020,Q0114,LSTM,2,2026-09-10 05:17:57,c,1,21.0,RNN,c,11,Board_Exam,60,8.301762639988427,0.5624605184672058,fast,5
A001690,S020,Q0114,LSTM,2,2026-09-11 13:59:57,c,1,27.0,RNN,c,11,Board_Exam,60,6.939262639988426,0.6181692242211334,fast,6
A001692,S020,Q0112,LSTM,3,2026-09-11 18:04:57,a,1,26.0,RNN,a,11,Board_Exam,60,6.769123751099538,0.6255025300159891,fast,7
A001699,S020,Q0111,LSTM,1,2026-09-14 11:23:57,a,1,12.0,RNN,a,11,Board_Exam,60,4.0475959733217595,0.7553621516375523,fast,8
A001651,S020,Q0064,ML,1,2026-09-01 23:09:57,a,1,15.0,AI_Basics;Statistics,a,11,Board_Exam,60,16.55731819554398,0.31737671270921625,fast,1
A001676,S020,Q0068,ML,2,2026-09-08 10:58:57,b,1,28.0,AI_Basics;Statistics,b,11,Board_Exam,60,10.064957084432871,0.497753819491655,fast,2
A001679,S020,Q0064,ML,1,2026-09-10 03:12:57,a,1,18.0,AI_Basics;Statistics,a,11,Board_Exam,60,8.388568195543982,0.559086409328638,fast,3
A001696,S020,Q0072,ML,5,2026-09-12 18:21:57,a,1,47.0,AI_Basics;Statistics,a,11,Board_Exam,60,5.757318195543982,0.6709458219754159,fast,4
A001628,S020,Q0009,Math_Basics,2,2026-08-28 13:35:57,a,1,18.0,,a,11,Board_Exam,60,20.95592930665509,0.23397188240840405,fast,1
A001632,S020,Q0003,Math_Basics,1,2026-08-30 02:41:57,b,1,12.0,,b,11,Board_Exam,60,19.41009597332176,0.2604341247437649,fast,2
A001643,S020,Q0011,Math_Basics,1,2026-09-01 07:26:57,c,1,20.0,,c,11,Board_Exam,60,17.21217930665509,0.30329257182434605,fast,3
A001665,S020,Q0001,Math_Basics,5,2026-09-04 22:13:57,c,1,34.0,,c,11,Board_Exam,60,13.59620708443287,0.38968472637768137,fast,4
A001678,S020,Q0011,Math_Basics,1,2026-09-08 10:09:57,c,1,23.0,,c,11,Board_Exam,60,10.09898486221065,0.4965811879228082,normal,5
A001681,S020,Q0007,Math_Basics,5,2026-09-09 23:16:57,c,1,42.0,,c,11,Board_Exam,60,8.55245708443287,0.5527711750150148,fast,6
A001684,S020,Q0007,Math_Basics,5,2026-09-10 23:49:57,c,1,42.0,,c,11,Board_Exam,60,7.529540417766204,0.5933873013620712,fast,7
A001691,S020,Q0008,Math_Basics,5,2026-09-11 08:36:57,b,0,41.0,,a,11,Board_Exam,60,7.163568195543982,0.6086324585809006,fast,8
A001701,S020,Q0011,Math_Basics,1,2026-09-15 14:33:57,c,1,14.0,,c,11,Board_Exam,60,2.915651528877315,0.8170152130480395,fast,9
A001646,S020,Q0130,NLP,2,2026-09-01 18:41:57,c,0,23.0,LSTM,a,11,Board_Exam,60,16.74342930665509,0.3133087723168823,fast,1
A001654,S020,Q0125,NLP,1,2026-09-02 12:36:57,a,1,22.0,LSTM,a,11,Board_Exam,60,15.996901528877315,0.3299478328655138,normal,2
A001680,S020,Q0123,NLP,3,2026-09-09 09:43:57,a,1,28.0,LSTM,a,11,Board_Exam,60,9.117040417766205,0.5315568709580186,fast,3
A001687,S020,Q0130,NLP,2,2026-09-11 02:58:57,a,1,26.0,LSTM,a,11,Board_Exam,60,7.398290417766204,0.5988103066539595,fast,4
A001698,S020,Q0130,NLP,2,2026-09-14 16:37:57,c,0,27.0,LSTM,a,11,Board_Exam,60,3.8295404177662036,0.7668657585796154,fast,5
A001630,S020,Q0076,Neural_Networks,2,2026-08-28 06:30:57,b,1,29.0,ML,b,11,Board_Exam,60,21.25106819554398,0.22923403730118136,normal,1
A001627,S020,Q0073,Neural_Networks,5,2026-08-28 11:11:57,a,1,36.0,ML,a,11,Board_Exam,60,21.05592930665509,0.23235572056306267,fast,2
A001626,S020,Q0080,Neural_Networks,2,2026-08-28 15:20:57,a,1,18.0,ML,a,11,Board_Exam,60,20.883012639988426,0.23515741611080535,fast,3
A001657,S020,Q0075,Neural_Networks,5,2026-09-02 09:27:57,b,1,41.0,ML,b,11,Board_Exam,60,16.128151528877314,0.3269597265757688,fast,4
A001677,S020,Q0080,Neural_Networks,2,2026-09-08 06:49:57,a,1,27.0,ML,a,11,Board_Exam,60,10.237873751099537,0.49182351679057157,fast,5
A001674,S020,Q0082,Neural_Networks,2,2026-09-09 02:29:57,b,1,15.0,ML,b,11,Board_Exam,60,9.418429306655094,0.5205674710652946,fast,6
A001631,S020,Q0017,Python,2,2026-08-29 03:04:57,b,1,29.0,,b,11,Board_Exam,60,20.394123751099535,0.24326280017840557,normal,1
A001642,S020,Q0014,Python,3,2026-08-31 07:04:57,a,1,43.0,,a,11,Board_Exam,60,18.22745708443287,0.28268246341832287,normal,2
A001660,S020,Q0023,Python,4,2026-09-03 07:42:57,b,1,52.0,,b,11,Board_Exam,60,15.20106819554398,0.34866010025475375,normal,3
A001662,S020,Q0019,Python,5,2026-09-03 21:07:57,a,0,66.0,,b,11,Board_Exam,60,14.642040417766204,0.3624354449937316,slow,4
A001668,S020,Q0023,Python,4,2026-09-06 06:14:57,d,0,53.0,,b,11,Board_Exam,60,12.262179306655092,0.42743651635245256,normal,5
A001669,S020,Q0020,Python,2,2026-09-06 12:36:57,a,0,27.0,,c,11,Board_Exam,60,11.996901528877315,0.4353687756084182,fast,6
A001688,S020,Q0020,Python,2,2026-09-10 16:27:57,d,0,40.0,,c,11,Board_Exam,60,7.836484862210648,0.5808958844597484,slow,7
A001700,S020,Q0020,Python,2,2026-09-14 20:18:57,c,1,28.0,,c,11,Board_Exam,60,3.6760681955439813,0.7750671327099846,fast,8
A001703,S020,Q0014,Python,3,2026-09-17 01:16:57,d,0,51.0,,a,11,Board_Exam,60,1.469123751099537,0.9031813649632732,slow,9
A001647,S020,Q0106,RNN,5,2026-09-01 08:24:57,a,0,48.0,Neural_Networks,b,11,Board_Exam,60,17.171901528877314,0.30414050010097365,fast,1
A001645,S020,Q0107,RNN,1,2026-09-01 13:13:57,a,1,20.0,Neural_Networks,a,11,Board_Exam,60,16.97120708443287,0.3084009878578536,fast,2
A001655,S020,Q0097,RNN,2,2026-09-02 21:24:57,b,1,21.0,Neural_Networks,b,11,Board_Exam,60,15.630234862210648,0.33844106009819597,fast,3
A001666,S020,Q0098,RNN,4,2026-09-05 21:36:57,a,1,41.0,Neural_Networks,a,11,Board_Exam,60,12.621901528877315,0.4169105678363424,fast,4
A001670,S020,Q0108,RNN,5,2026-09-07 22:32:57,a,0,42.0,Neural_Networks,b,11,Board_Exam,60,10.583012639988427,0.48019714659820867,fast,5
A001685,S020,Q0103,RNN,3,2026-09-10 10:31:57,b,1,35.0,Neural_Networks,b,11,Board_Exam,60,8.08370708443287,0.5710263761963079,normal,6
A001693,S020,Q0099,RNN,2,2026-09-12 00:44:57,a,1,27.0,Neural_Networks,a,11,Board_Exam,60,6.49134597332176,0.6376627018368201,fast,7
A001634,S020,Q0043,Statistics,4,2026-08-29 20:25:57,c,1,29.0,Math_Basics,c,11,Board_Exam,60,19.67120708443287,0.25576296717900027,fast,1
A001653,S020,Q0041,Statistics,4,2026-09-01 14:07:57,b,1,36.0,Math_Basics,b,11,Board_Exam,60,16.933707084432868,0.3092036578788503,fast,2
A001659,S020,Q0042,Statistics,5,2026-09-03 20:29:57,b,1,28.0,Math_Basics,b,11,Board_Exam,60,14.668429306655092,0.36177310634545073,fast,3
A001704,S020,Q0043,Statistics,4,2026-09-18 02:31:57,d,0,31.0,Math_Basics,c,11,Board_Exam,60,0.41704041776620365,0.9715067725339371,fast,4
A001728,S021,Q0057,AI_Basics,1,2026-09-01 09:22:57,a,1,19.0,Python;Math_Basics,a,12,General_Practice,45,17.131623751099536,0.30499079896768194,fast,1
A001740,S021,Q0059,AI_Basics,4,2026-09-03 17:26:57,a,1,35.0,Python;Math_Basics,a,12,General_Practice,45,14.795512639988425,0.3586003337407136,fast,2
A001742,S021,Q0058,AI_Basics,5,2026-09-03 17:37:57,b,1,52.0,Python;Math_Basics,b,12,General_Practice,45,14.787873751099536,0.3587902583865967,normal,3
A001761,S021,Q0054,AI_Basics,4,2026-09-07 10:28:57,b,1,37.0,Python;Math_Basics,b,12,General_Practice,45,11.085790417766205,0.4637505694042776,fast,4
A001776,S021,Q0053,AI_Basics,4,2026-09-10 19:40:57,b,1,36.0,Python;Math_Basics,b,12,General_Practice,45,7.702457084432871,0.5863176091201313,fast,5
A001735,S021,Q0088,CNN,2,2026-09-02 05:19:57,b,1,33.0,Neural_Networks,b,12,General_Practice,45,16.300373751099535,0.3230798376986198,normal,1
A001734,S021,Q0088,CNN,2,2026-09-02 18:36:57,b,1,41.0,Neural_Networks,b,12,General_Practice,45,15.746901528877315,0.3357152193939516,slow,2
A001765,S021,Q0089,CNN,1,2026-09-08 14:07:57,b,1,17.0,Neural_Networks,b,12,General_Practice,45,9.933707084432871,0.5023028241484193,fast,3
A001766,S021,Q0087,CNN,1,2026-09-09 12:11:57,b,1,12.0,Neural_Networks,b,12,General_Practice,45,9.014262639988427,0.5353572096093381,fast,4
A001768,S021,Q0092,CNN,3,2026-09-09 15:32:57,a,1,23.0,Neural_Networks,a,12,General_Practice,45,8.874679306655093,0.5405620248118455,fast,5
A001772,S021,Q0085,CNN,5,2026-09-09 17:22:57,d,0,43.0,Neural_Networks,b,12,General_Practice,45,8.798290417766204,0.5434318236898115,fast,6
A001777,S021,Q0090,CNN,1,2026-09-10 04:41:57,a,1,14.0,Neural_Networks,a,12,General_Practice,45,8.326762639988427,0.561486692660278,fast,7
A001712,S021,Q0036,Data_Structures,4,2026-08-29 18:40:57,b,1,33.0,Python,b,12,General_Practice,45,19.744123751099536,0.2544735516783894,fast,1
A001721,S021,Q0033,Data_Structures,2,2026-08-31 19:51:57,b,1,24.0,Python,b,12,General_Practice,45,17.69481819554398,0.2933140695637616,fast,2
A001731,S021,Q0025,Data_Structures,4,2026-09-01 11:39:57,d,0,49.0,Python,c,12,General_Practice,45,17.036484862210646,0.3070087147809067,normal,3
A001723,S021,Q0036,Data_Structures,4,2026-09-01 21:01:57,a,0,23.0,Python,b,12,General_Practice,45,16.64620708443287,0.31542726867382076,fast,4
A001736,S021,Q0027,Data_Structures,2,2026-09-03 12:48:57,b,1,26.0,Python,b,12,General_Practice,45,14.98856819554398,0.3538336546034453,fast,5
A001773,S021,Q0027,Data_Structures,2,2026-09-10 06:24:57,b,1,28.0,Python,b,12,General_Practice,45,8.25523486221065,0.5642774154995148,fast,6
A001711,S021,Q0112,LSTM,3,2026-08-28 19:42:57,a,1,29.0,RNN,a,12,General_Practice,45,20.701068195543982,0.23814186643600854,fast,1
A001707,S021,Q0119,LSTM,4,2026-08-29 01:14:57,b,1,34.0,RNN,b,12,General_Practice,45,20.470512639988424,0.24197815824068686,fast,2
A001716,S021,Q0120,LSTM,5,2026-08-30 19:03:57,b,1,42.0,RNN,b,12,General_Practice,45,18.728151528877316,0.27304011780302734,fast,3
A001718,S021,Q0109,LSTM,4,2026-08-31 02:26:57,a,1,35.0,RNN,a,12,General_Practice,45,18.420512639988424,0.27892491922757484,fast,4
A001730,S021,Q0120,LSTM,5,2026-09-01 07:48:57,a,0,41.0,RNN,b,12,General_Practice,45,17.196901528877316,0.30361392115328606,fast,5
A001745,S021,Q0116,LSTM,1,2026-09-03 06:12:57,b,1,13.0,RNN,b,12,General_Practice,45,15.26356819554398,0.3471529125244414,fast,6
A001739,S021,Q0109,LSTM,4,2026-09-03 15:35:57,a,1,25.0,RNN,a,12,General_Practice,45,14.872595973321758,0.35668943825715915,fast,7
A001746,S021,Q0120,LSTM,5,2026-09-03 20:01:57,b,1,36.0,RNN,b,12,General_Practice,45,14.687873751099536,0.3612858419886678,fast,8
A001762,S021,Q0118,LSTM,4,2026-09-08 17:49:57,b,1,26.0,RNN,b,12,General_Practice,45,9.779540417766205,0.5076992233486113,fast,9
A001764,S021,Q0109,LSTM,4,2026-09-08 18:58:57,a,1,30.0,RNN,a,12,General_Practice,45,9.731623751099537,0.5093882635094351,fast,10
A001763,S021,Q0114,LSTM,2,2026-09-08 19:37:57,b,0,28.0,RNN,c,12,General_Practice,45,9.704540417766204,0.5103454227996528,fast,11
A001779,S021,Q0113,LSTM,5,2026-09-11 11:26:57,b,1,31.0,RNN,b,12,General_Practice,45,7.045512639988426,0.6136333235133511,fast,12
A001786,S021,Q0116,LSTM,1,2026-09-15 08:58:57,b,1,13.0,RNN,b,12,General_Practice,45,3.1482904177662037,0.8039462520950236,fast,13
A001726,S021,Q0061,ML,3,2026-09-01 17:46:57,b,1,27.0,AI_Basics;Statistics,b,12,General_Practice,45,16.781623751099538,0.312480404044564,fast,1
A001738,S021,Q0065,ML,1,2026-09-03 06:16:57,b,1,42.0,AI_Basics;Statistics,b,12,General_Practice,45,15.260790417766202,0.3472197600881626,slow,2
A001743,S021,Q0065,ML,1,2026-09-03 08:57:57,b,1,24.0,AI_Basics;Statistics,b,12,General_Practice,45,15.148984862210646,0.34992108737634664,normal,3
A001747,S021,Q0061,ML,3,2026-09-04 04:36:57,b,1,22.0,AI_Basics;Statistics,b,12,General_Practice,45,14.330234862210647,0.3703539203134633,fast,4
A001750,S021,Q0062,ML,2,2026-09-04 11:34:57,a,1,32.0,AI_Basics;Statistics,a,12,General_Practice,45,14.039957084432869,0.37788110615291837,normal,5
A001748,S021,Q0064,ML,1,2026-09-04 16:27:57,a,1,23.0,AI_Basics;Statistics,a,12,General_Practice,45,13.836484862210646,0.3832483574400276,normal,6
A001752,S021,Q0061,ML,3,2026-09-06 23:10:57,b,1,25.0,AI_Basics;Statistics,b,12,General_Practice,45,11.556623751099538,0.4488600569527493,fast,7
A001758,S021,Q0064,ML,1,2026-09-07 09:34:57,a,1,17.0,AI_Basics;Statistics,a,12,General_Practice,45,11.123290417766205,0.4625467069343621,fast,8
A001769,S021,Q0062,ML,2,2026-09-09 20:14:57,a,1,23.0,AI_Basics;Statistics,a,12,General_Practice,45,8.67884597332176,0.5479497125348394,fast,9
A001775,S021,Q0061,ML,3,2026-09-10 10:27:57,b,1,33.0,AI_Basics;Statistics,b,12,General_Practice,45,8.086484862210648,0.570916440857203,fast,10
A001784,S021,Q0070,ML,5,2026-09-13 12:55:57,b,1,46.0,AI_Basics;Statistics,b,12,General_Practice,45,4.98370708443287,0.7079057954388194,fast,11
A001788,S021,Q0070,ML,5,2026-09-16 19:27:57,b,1,45.0,AI_Basics;Statistics,b,12,General_Practice,45,1.7114848622106482,0.8881353817530495,fast,12
A001729,S021,Q0008,Math_Basics,5,2026-09-01 13:37:57,a,1,46.0,,a,12,General_Practice,45,16.954540417766204,0.30875747252385033,fast,1
A001741,S021,Q0009,Math_Basics,2,2026-09-04 03:14:57,a,1,31.0,,a,12,General_Practice,45,14.387179306655092,0.36889498193083886,normal,2
A001749,S021,Q0006,Math_Basics,5,2026-09-05 01:37:57,a,0,51.0,,b,12,General_Practice,45,13.454540417766204,0.3935301178695086,normal,3
A001770,S021,Q0005,Math_Basics,3,2026-09-09 03:47:57,a,1,24.0,,a,12,General_Practice,45,9.364262639988427,0.5225256399392486,fast,4
A001771,S021,Q0011,Math_Basics,1,2026-09-09 14:01:57,c,1,21.0,,c,12,General_Practice,45,8.937873751099538,0.5381993765558281,normal,5
A001774,S021,Q0005,Math_Basics,3,2026-09-10 13:12:57,a,1,30.0,,a,12,General_Practice,45,7.971901528877315,0.575468891598946,fast,6
A001789,S021,Q0007,Math_Basics,5,2026-09-16 06:45:57,c,1,40.0,,c,12,General_Practice,45,2.240651528877315,0.8561496194938853,fast,7
A001708,S021,Q0123,NLP,3,2026-08-28 14:55:57,a,1,29.0,LSTM,a,12,General_Practice,45,20.900373751099536,0.2348746024570498,fast,1
A001714,S021,Q0129,NLP,1,2026-08-29 09:31:57,b,1,13.0,LSTM,b,12,General_Practice,45,20.125373751099538,0.24783685120898627,fast,2
A001713,S021,Q0123,NLP,3,2026-08-29 16:33:57,b,0,34.0,LSTM,a,12,General_Practice,45,19.83231819554398,0.25292265609653136,fast,3
A001732,S021,Q0129,NLP,1,2026-09-02 19:03:57,b,1,19.0,LSTM,b,12,General_Practice,45,15.728151528877314,0.3361518156522349,fast,4
A001756,S021,Q0132,NLP,3,2026-09-06 19:45:57,a,1,30.0,LSTM,a,12,General_Practice,45,11.698984862210649,0.44445261294210825,fast,5
A001717,S021,Q0077,Neural_Networks,2,2026-08-30 18:14:57,a,1,23.0,ML,a,12,General_Practice,45,18.762179306655092,0.272396877210671,fast,1
A001720,S021,Q0083,Neural_Networks,4,2026-08-31 05:29:57,b,1,24.0,ML,b,12,General_Practice,45,18.293429306655092,0.2813927511263138,fast,2
A001753,S021,Q0084,Neural_Networks,1,2026-09-06 19:16:57,b,1,9.0,ML,b,12,General_Practice,45,11.719123751099538,0.44383262485406044,fast,3
A001782,S021,Q0078,Neural_Networks,3,2026-09-11 03:51:57,b,1,32.0,ML,b,12,General_Practice,45,7.361484862210649,0.6003399218937588,fast,4
A001787,S021,Q0084,Neural_Networks,1,2026-09-16 04:42:57,b,1,17.0,ML,b,12,General_Practice,45,2.3260681955439817,0.8510956486313677,fast,5
A001719,S021,Q0021,Python,5,2026-08-30 15:10:57,b,1,47.0,,b,12,General_Practice,45,18.88995708443287,0.2699949431057011,fast,1
A001744,S021,Q0016,Python,3,2026-09-03 10:33:57,a,1,25.0,,a,12,General_Practice,45,15.08231819554398,0.35154180791948647,fast,2
A001751,S021,Q0017,Python,2,2026-09-05 00:44:57,b,1,19.0,,b,12,General_Practice,45,13.491345973321758,0.3925274364824132,fast,3
A001755,S021,Q0021,Python,5,2026-09-06 05:01:57,b,1,45.0,,b,12,General_Practice,45,12.312873751099536,0.4259371952736731,fast,4
A001754,S021,Q0021,Python,5,2026-09-06 16:13:57,b,1,51.0,,b,12,General_Practice,45,11.846207084432871,0.43994018517701905,normal,5
A001781,S021,Q0024,Python,1,2026-09-11 20:43:57,c,1,14.0,,c,12,General_Practice,45,6.658707084432871,0.6303081802681068,fast,6
A001710,S021,Q0108,RNN,5,2026-08-28 03:28:57,b,1,37.0,Neural_Networks,b,12,General_Practice,45,21.37745708443287,0.2272345782845335,fast,1
A001706,S021,Q0097,RNN,2,2026-08-28 08:20:57,b,1,36.0,Neural_Networks,b,12,General_Practice,45,21.17467930665509,0.23045102175965773,normal,2
A001705,S021,Q0106,RNN,5,2026-08-28 15:45:57,c,0,58.0,Neural_Networks,b,12,General_Practice,45,20.865651528877315,0.23544057030186008,normal,3
A001722,S021,Q0101,RNN,1,2026-08-31 06:19:57,b,1,5.0,Neural_Networks,b,12,General_Practice,45,18.25870708443287,0.2820708118754718,fast,4
A001724,S021,Q0099,RNN,2,2026-09-01 04:35:57,a,1,26.0,Neural_Networks,a,12,General_Practice,45,17.33092930665509,0.30080637954452805,fast,5
A001727,S021,Q0101,RNN,1,2026-09-01 06:50:57,b,1,25.0,Neural_Networks,b,12,General_Practice,45,17.23717930665509,0.30276746095203644,normal,6
A001737,S021,Q0099,RNN,2,2026-09-04 00:59:57,a,1,26.0,Neural_Networks,a,12,General_Practice,45,14.480929306655092,0.36650558021602797,fast,7
A001760,S021,Q0104,RNN,2,2026-09-07 17:29:57,b,1,13.0,Neural_Networks,b,12,General_Practice,45,10.793429306655094,0.47324431140099577,fast,8
A001783,S021,Q0104,RNN,2,2026-09-11 08:48:57,b,1,15.0,Neural_Networks,b,12,General_Practice,45,7.155234862210649,0.6089841200288174,fast,9
A001778,S021,Q0102,RNN,2,2026-09-11 12:05:57,a,1,22.0,Neural_Networks,a,12,General_Practice,45,7.018429306655093,0.6147863631070423,fast,10
A001709,S021,Q0044,Statistics,3,2026-08-28 17:13:57,c,1,32.0,Math_Basics,c,12,General_Practice,45,20.8045404177662,0.23643998810327616,fast,1
A001715,S021,Q0042,Statistics,5,2026-08-29 08:34:57,b,1,49.0,Math_Basics,b,12,General_Practice,45,20.16495708443287,0.24715779135614177,fast,2
A001725,S021,Q0048,Statistics,4,2026-09-02 01:51:57,b,1,41.0,Math_Basics,b,12,General_Practice,45,16.44481819554398,0.3198612609587973,fast,3
A001733,S021,Q0037,Statistics,4,2026-09-02 03:43:57,c,1,37.0,Math_Basics,c,12,General_Practice,45,16.3670404177662,0.3215903359715525,fast,4
A001759,S021,Q0037,Statistics,4,2026-09-07 11:35:57,c,1,40.0,Math_Basics,c,12,General_Practice,45,11.039262639988426,0.4652486070542419,fast,5
A001757,S021,Q0037,Statistics,4,2026-09-08 03:19:57,c,1,40.0,Math_Basics,c,12,General_Practice,45,10.38370708443287,0.4868770124647875,fast,6
A001767,S021,Q0044,Statistics,3,2026-09-09 06:43:57,c,1,30.0,Math_Basics,c,12,General_Practice,45,9.242040417766205,0.5269711763236428,fast,7
A001780,S021,Q0043,Statistics,4,2026-09-12 02:17:57,b,0,31.0,Math_Basics,c,12,General_Practice,45,6.426762639988427,0.6405236459298103,fast,8
A001785,S021,Q0037,Statistics,4,2026-09-14 05:43:57,c,1,38.0,Math_Basics,c,12,General_Practice,45,4.28370708443287,0.7431005239055869,fast,9
A001796,S022,Q0049,AI_Basics,4,2026-08-28 03:24:57,a,1,22.0,Python;Math_Basics,a,11,Board_Exam,30,21.380234862210646,0.22719083054982028,fast,1
A001798,S022,Q0060,AI_Basics,1,2026-08-29 09:43:57,b,1,5.0,Python;Math_Basics,b,11,Board_Exam,30,20.1170404177662,0.24798004874095245,fast,2
A001799,S022,Q0054,AI_Basics,4,2026-08-29 20:35:57,b,1,33.0,Python;Math_Basics,b,11,Board_Exam,30,19.664262639988426,0.2558861088830492,fast,3
A001811,S022,Q0054,AI_Basics,4,2026-08-31 23:25:57,b,1,27.0,Python;Math_Basics,b,11,Board_Exam,30,17.54620708443287,0.29635109464149484,fast,4
A001823,S022,Q0050,AI_Basics,3,2026-09-03 08:20:57,b,1,32.0,Python;Math_Basics,b,11,Board_Exam,30,15.174679306655092,0.34929843145036144,fast,5
A001830,S022,Q0057,AI_Basics,1,2026-09-04 20:15:57,a,1,9.0,Python;Math_Basics,a,11,Board_Exam,30,13.678151528877313,0.38747760835398,fast,6
A001849,S022,Q0055,AI_Basics,3,2026-09-12 23:57:57,a,1,35.0,Python;Math_Basics,a,11,Board_Exam,30,5.523984862210648,0.6818855480912547,normal,7
A001792,S022,Q0095,CNN,5,2026-08-28 17:20:57,b,1,34.0,Neural_Networks,b,11,Board_Exam,30,20.79967930665509,0.236519669164004,fast,1
A001801,S022,Q0087,CNN,1,2026-08-29 16:05:57,b,1,7.0,Neural_Networks,b,11,Board_Exam,30,19.851762639988426,0.25258200005223974,fast,2
A001805,S022,Q0091,CNN,2,2026-08-30 10:39:57,b,1,20.0,Neural_Networks,b,11,Board_Exam,30,19.078151528877314,0.2664958269418366,fast,3
A001824,S022,Q0087,CNN,1,2026-09-03 20:58:57,b,1,12.0,Neural_Networks,b,11,Board_Exam,30,14.648290417766203,0.3622784658074416,fast,4
A001828,S022,Q0086,CNN,2,2026-09-05 00:05:57,b,1,19.0,Neural_Networks,b,11,Board_Exam,30,13.518429306655092,0.3917912463145198,fast,5
A001857,S022,Q0096,CNN,3,2026-09-16 05:01:57,b,1,25.0,Neural_Networks,b,11,Board_Exam,30,2.312873751099537,0.851874390547346,fast,6
A001858,S022,Q0095,CNN,5,2026-09-17 13:00:57,b,1,34.0,Neural_Networks,b,11,Board_Exam,30,0.9802348622106482,0.9343121367109828,fast,7
A001793,S022,Q0031,Data_Structures,3,2026-08-29 02:38:57,c,1,34.0,Python,c,11,Board_Exam,30,20.41217930665509,0.24295854338517056,fast,1
A001818,S022,Q0030,Data_Structures,2,2026-09-02 10:07:57,c,1,26.0,Python,c,11,Board_Exam,30,16.100373751099536,0.3275898641635396,fast,2
A001832,S022,Q0035,Data_Structures,4,2026-09-04 19:58:57,b,0,43.0,Python,c,11,Board_Exam,30,13.68995708443287,0.3871606656041548,fast,3
A001837,S022,Q0025,Data_Structures,4,2026-09-06 19:47:57,c,1,35.0,Python,c,11,Board_Exam,30,11.697595973321759,0.44449540265114973,fast,4
A001838,S022,Q0025,Data_Structures,4,2026-09-08 03:02:57,c,1,39.0,Python,c,11,Board_Exam,30,10.395512639988427,0.4864787645768314,fast,5
A001797,S022,Q0116,LSTM,1,2026-08-28 06:38:57,b,1,22.0,RNN,b,11,Board_Exam,30,21.245512639988426,0.22932232814782325,normal,1
A001815,S022,Q0112,LSTM,3,2026-09-02 16:37:57,a,1,36.0,RNN,a,11,Board_Exam,30,15.829540417766204,0.33379770905199685,normal,2
A001833,S022,Q0112,LSTM,3,2026-09-06 00:11:57,a,1,50.0,RNN,a,11,Board_Exam,30,12.514262639988425,0.4200327533538643,slow,3
A001843,S022,Q0109,LSTM,4,2026-09-09 09:07:57,a,1,44.0,RNN,a,11,Board_Exam,30,9.142040417766204,0.53063655071901,normal,4
A001846,S022,Q0116,LSTM,1,2026-09-11 22:14:57,b,1,11.0,RNN,b,11,Board_Exam,30,6.595512639988426,0.6330751781275135,fast,5
A001822,S022,Q0064,ML,1,2026-09-04 00:11:57,a,1,13.0,AI_Basics;Statistics,a,11,Board_Exam,30,14.514262639988425,0.36565975003502854,fast,1
A001794,S022,Q0011,Math_Basics,1,2026-08-28 21:26:57,c,1,30.0,,c,11,Board_Exam,30,20.62884597332176,0.23933700859788987,slow,1
A001802,S022,Q0007,Math_Basics,5,2026-08-29 17:08:57,d,0,52.0,,c,11,Board_Exam,30,19.808012639988426,0.25334912231347545,normal,2
A001803,S022,Q0010,Math_Basics,2,2026-08-30 06:55:57,b,1,24.0,,b,11,Board_Exam,30,19.23370708443287,0.2636378273697898,fast,3
A001809,S022,Q0005,Math_Basics,3,2026-08-30 13:04:57,a,1,26.0,,a,11,Board_Exam,30,18.97745708443287,0.26836236937706814,fast,4
A001804,S022,Q0004,Math_Basics,2,2026-08-30 18:33:57,b,1,28.0,,b,11,Board_Exam,30,18.748984862210648,0.2726461169599362,fast,5
A001835,S022,Q0009,Math_Basics,2,2026-09-06 04:23:57,a,1,25.0,,a,11,Board_Exam,30,12.339262639988425,0.42515880930158645,fast,6
A001842,S022,Q0008,Math_Basics,5,2026-09-09 12:56:57,d,0,54.0,,a,11,Board_Exam,30,8.983012639988427,0.5365180956331589,normal,7
A001851,S022,Q0009,Math_Basics,2,2026-09-12 16:15:57,a,1,32.0,,a,11,Board_Exam,30,5.844818195543981,0.6668888255380261,normal,8
A001853,S022,Q0009,Math_Basics,2,2026-09-14 13:19:57,a,1,16.0,,a,11,Board_Exam,30,3.9670404177662033,0.7595916535381212,fast,9
A001855,S022,Q0005,Math_Basics,3,2026-09-14 19:37:57,a,1,17.0,,a,11,Board_Exam,30,3.7045404177662036,0.7735390119801872,fast,10
A001860,S022,Q0005,Math_Basics,3,2026-09-18 02:35:57,a,1,39.0,,a,11,Board_Exam,30,0.4142626399884259,0.9716938453152376,normal,11
A001790,S022,Q0122,NLP,5,2026-08-28 19:14:57,d,0,48.0,LSTM,b,11,Board_Exam,30,20.720512639988424,0.23782111831698935,fast,1
A001813,S022,Q0127,NLP,3,2026-09-01 07:03:57,b,1,39.0,LSTM,b,11,Board_Exam,30,17.228151528877316,0.3029569793640472,normal,2
A001816,S022,Q0124,NLP,2,2026-09-03 01:55:57,a,1,18.0,LSTM,a,11,Board_Exam,30,15.442040417766203,0.34288482418071387,fast,3
A001821,S022,Q0121,NLP,3,2026-09-03 06:39:57,a,1,26.0,LSTM,a,11,Board_Exam,30,15.244818195543981,0.3476043834554701,fast,4
A001810,S022,Q0077,Neural_Networks,2,2026-09-01 02:54:57,a,1,9.0,ML,a,11,Board_Exam,30,17.40106819554398,0.29934751114365366,fast,1
A001820,S022,Q0082,Neural_Networks,2,2026-09-03 08:48:57,b,1,20.0,ML,b,11,Board_Exam,30,15.155234862210648,0.34976952844820974,fast,2
A001826,S022,Q0076,Neural_Networks,2,2026-09-03 16:16:57,b,1,22.0,ML,b,11,Board_Exam,30,14.844123751099536,0.3573940756655624,fast,3
A001827,S022,Q0083,Neural_Networks,4,2026-09-04 09:59:57,b,1,32.0,ML,b,11,Board_Exam,30,14.105929306655092,0.3761570589600714,fast,4
A001834,S022,Q0074,Neural_Networks,3,2026-09-05 06:57:57,b,1,20.0,ML,b,11,Board_Exam,30,13.23231819554398,0.39963869404494684,fast,5
A001839,S022,Q0076,Neural_Networks,2,2026-09-07 19:15:57,a,0,14.0,ML,b,11,Board_Exam,30,10.719818195543981,0.47566513232913543,fast,6
A001847,S022,Q0081,Neural_Networks,5,2026-09-11 22:16:57,b,1,40.0,ML,b,11,Board_Exam,30,6.594123751099538,0.633136127488333,fast,7
A001800,S022,Q0020,Python,2,2026-08-29 08:14:57,c,1,22.0,,c,11,Board_Exam,30,20.17884597332176,0.2469199659547477,fast,1
A001807,S022,Q0021,Python,5,2026-08-30 04:44:57,b,1,33.0,,b,11,Board_Exam,30,19.324679306655092,0.26198063303596086,fast,2
A001808,S022,Q0013,Python,2,2026-08-30 20:55:57,b,1,19.0,,b,11,Board_Exam,30,18.650373751099536,0.274516091616667,fast,3
A001825,S022,Q0015,Python,2,2026-09-03 19:51:57,b,1,20.0,,b,11,Board_Exam,30,14.69481819554398,0.3611119780988872,fast,4
A001831,S022,Q0017,Python,2,2026-09-04 22:04:57,b,1,22.0,,b,11,Board_Exam,30,13.602457084432869,0.389515944896451,fast,5
A001841,S022,Q0022,Python,4,2026-09-09 09:00:57,a,1,32.0,,a,11,Board_Exam,30,9.146901528877315,0.530457784684998,fast,6
A001840,S022,Q0024,Python,1,2026-09-09 09:34:57,c,1,12.0,,c,11,Board_Exam,30,9.123290417766205,0.5313266413647975,fast,7
A001845,S022,Q0013,Python,2,2026-09-10 11:20:57,b,1,19.0,,b,11,Board_Exam,30,8.049679306655094,0.5723748033450947,fast,8
A001850,S022,Q0024,Python,1,2026-09-12 13:20:57,c,1,16.0,,c,11,Board_Exam,30,5.966345973321759,0.6612947726664922,fast,9
A001859,S022,Q0023,Python,4,2026-09-18 02:06:57,b,1,30.0,,b,11,Board_Exam,30,0.43440152887731476,0.9703383833564545,fast,10
A001791,S022,Q0106,RNN,5,2026-08-28 06:25:57,d,0,39.0,Neural_Networks,b,11,Board_Exam,30,21.254540417766204,0.22917887278475343,fast,1
A001806,S022,Q0101,RNN,1,2026-08-30 04:56:57,b,1,19.0,Neural_Networks,b,11,Board_Exam,30,19.31634597332176,0.26213200269664966,fast,2
A001812,S022,Q0102,RNN,2,2026-09-01 11:59:57,a,1,25.0,Neural_Networks,a,11,Board_Exam,30,17.02259597332176,0.3073044157402921,fast,3
A001814,S022,Q0097,RNN,2,2026-09-02 08:43:57,b,1,22.0,Neural_Networks,b,11,Board_Exam,30,16.15870708443287,0.3262679751209295,fast,4
A001817,S022,Q0106,RNN,5,2026-09-02 12:20:57,b,1,49.0,Neural_Networks,b,11,Board_Exam,30,16.008012639988426,0.3296938169060035,fast,5
A001819,S022,Q0108,RNN,5,2026-09-03 23:31:57,c,0,43.0,Neural_Networks,b,11,Board_Exam,30,14.542040417766202,0.3649563828737147,fast,6
A001836,S022,Q0103,RNN,3,2026-09-06 15:43:57,b,1,23.0,Neural_Networks,b,11,Board_Exam,30,11.867040417766205,0.4393053451203117,fast,7
A001854,S022,Q0100,RNN,3,2026-09-14 15:34:57,b,1,26.0,Neural_Networks,b,11,Board_Exam,30,3.8732904177662033,0.7645437462141731,fast,8
A001795,S022,Q0042,Statistics,5,2026-08-29 02:12:57,b,1,36.0,Math_Basics,b,11,Board_Exam,30,20.430234862210646,0.24265466713592412,fast,1
A001829,S022,Q0043,Statistics,4,2026-09-04 23:03:57,d,0,36.0,Math_Basics,c,11,Board_Exam,30,13.561484862210648,0.3906237339265448,fast,2
A001844,S022,Q0046,Statistics,3,2026-09-10 08:52:57,c,1,33.0,Math_Basics,c,11,Board_Exam,30,8.152457084432871,0.5683116880098571,fast,3
A001848,S022,Q0040,Statistics,3,2026-09-12 16:10:57,b,1,24.0,Math_Basics,b,11,Board_Exam,30,5.848290417766203,0.6667283406466676,fast,4
A001852,S022,Q0045,Statistics,1,2026-09-12 18:22:57,b,1,6.0,Math_Basics,b,11,Board_Exam,30,5.756623751099537,0.6709781188780529,fast,5
A001856,S022,Q0039,Statistics,3,2026-09-15 06:23:57,b,1,28.0,Math_Basics,b,11,Board_Exam,30,3.2559293066550925,0.7979703625361386,fast,6
A001868,S023,Q0052,AI_Basics,3,2026-08-28 13:05:57,b,1,39.0,Python;Math_Basics,b,10,General_Practice,60,20.976762639988426,0.23363425759462098,normal,1
A001903,S023,Q0055,AI_Basics,3,2026-09-02 13:26:57,a,1,38.0,Python;Math_Basics,a,10,General_Practice,60,15.962179306655091,0.33074289483438246,normal,2
A001911,S023,Q0051,AI_Basics,3,2026-09-04 02:28:57,b,1,39.0,Python;Math_Basics,b,10,General_Practice,60,14.419123751099535,0.36807907086160097,normal,3
A001924,S023,Q0055,AI_Basics,3,2026-09-08 19:17:57,c,0,39.0,Python;Math_Basics,a,10,General_Practice,60,9.718429306655093,0.5098543474248447,normal,4
A001931,S023,Q0050,AI_Basics,3,2026-09-10 05:00:57,c,0,48.0,Python;Math_Basics,b,10,General_Practice,60,8.313568195543981,0.5620004459893448,slow,5
A001939,S023,Q0052,AI_Basics,3,2026-09-12 07:54:57,b,1,38.0,Python;Math_Basics,b,10,General_Practice,60,6.192734862210648,0.6509986757396914,normal,6
A001865,S023,Q0091,CNN,2,2026-08-28 12:41:57,d,0,36.0,Neural_Networks,b,10,General_Practice,60,20.99342930665509,0.2333645085595508,normal,1
A001879,S023,Q0095,CNN,5,2026-08-30 13:05:57,d,0,73.0,Neural_Networks,b,10,General_Practice,60,18.976762639988426,0.2683752873698947,slow,2
A001880,S023,Q0087,CNN,1,2026-08-30 22:08:57,d,0,30.0,Neural_Networks,b,10,General_Practice,60,18.59967930665509,0.27548240253572304,slow,3
A001913,S023,Q0085,CNN,5,2026-09-04 17:05:57,c,0,82.0,Neural_Networks,b,10,General_Practice,60,13.810095973321758,0.3839500132418834,slow,4
A001918,S023,Q0092,CNN,3,2026-09-06 17:19:57,c,0,50.0,Neural_Networks,a,10,General_Practice,60,11.800373751099537,0.4413400644419909,slow,5
A001930,S023,Q0091,CNN,2,2026-09-10 17:48:57,a,0,28.0,Neural_Networks,b,10,General_Practice,60,7.780234862210649,0.5831651912329294,fast,6
A001940,S023,Q0092,CNN,3,2026-09-12 06:10:57,b,0,39.0,Neural_Networks,a,10,General_Practice,60,6.264957084432871,0.6477478790105795,normal,7
A001942,S023,Q0091,CNN,2,2026-09-13 07:27:57,d,0,35.0,Neural_Networks,b,10,General_Practice,60,5.211484862210648,0.6968168973029027,normal,8
A001945,S023,Q0086,CNN,2,2026-09-14 20:24:57,d,0,37.0,Neural_Networks,b,10,General_Practice,60,3.6719015288773145,0.7752910132037822,slow,9
A001948,S023,Q0095,CNN,5,2026-09-17 22:28:57,c,0,79.0,Neural_Networks,b,10,General_Practice,60,0.5857904177662037,0.96020939583143,slow,10
A001869,S023,Q0033,Data_Structures,2,2026-08-29 06:03:57,d,0,31.0,Python,b,10,General_Practice,60,20.26981819554398,0.24536785800206207,normal,1
A001886,S023,Q0034,Data_Structures,3,2026-08-31 18:38:57,b,1,46.0,Python,b,10,General_Practice,60,17.745512639988426,0.2922852104224033,slow,2
A001901,S023,Q0027,Data_Structures,2,2026-09-02 11:58:57,b,1,18.0,Python,b,10,General_Practice,60,16.0232904177662,0.32934486424133,fast,3
A001910,S023,Q0035,Data_Structures,4,2026-09-03 05:24:57,a,0,51.0,Python,c,10,General_Practice,60,15.296901528877314,0.3463517448842052,normal,4
A001916,S023,Q0033,Data_Structures,2,2026-09-07 02:30:57,b,1,38.0,Python,b,10,General_Practice,60,11.417734862210649,0.45320211962863294,slow,5
A001926,S023,Q0031,Data_Structures,3,2026-09-08 20:20:57,c,1,29.0,Python,c,10,General_Practice,60,9.674679306655094,0.5114028371027176,fast,6
A001889,S023,Q0109,LSTM,4,2026-08-31 10:06:57,b,0,57.0,RNN,a,10,General_Practice,60,18.10106819554398,0.28516981373532546,slow,1
A001894,S023,Q0118,LSTM,4,2026-09-01 22:04:57,b,1,42.0,RNN,b,10,General_Practice,60,16.60245708443287,0.3163852596611057,fast,2
A001914,S023,Q0111,LSTM,1,2026-09-05 09:30:57,b,0,22.0,RNN,a,10,General_Practice,60,13.126068195543981,0.4025927732412932,normal,3
A001928,S023,Q0116,LSTM,1,2026-09-10 03:19:57,b,1,17.0,RNN,b,10,General_Practice,60,8.38370708443287,0.5592748233041723,fast,4
A001864,S023,Q0066,ML,2,2026-08-28 22:29:57,a,1,35.0,AI_Basics;Statistics,a,10,General_Practice,60,20.58509597332176,0.2400639042088005,normal,1
A001887,S023,Q0068,ML,2,2026-08-31 17:40:57,b,1,33.0,AI_Basics;Statistics,b,10,General_Practice,60,17.785790417766204,0.2914703340916452,normal,2
A001908,S023,Q0063,ML,2,2026-09-03 06:48:57,b,1,31.0,AI_Basics;Statistics,b,10,General_Practice,60,15.23856819554398,0.34775500420281175,normal,3
A001915,S023,Q0065,ML,1,2026-09-05 21:43:57,b,1,27.0,AI_Basics;Statistics,b,10,General_Practice,60,12.617040417766203,0.4170510680814167,slow,4
A001925,S023,Q0062,ML,2,2026-09-08 13:28:57,a,1,27.0,AI_Basics;Statistics,a,10,General_Practice,60,9.960790417766205,0.5013607488536146,fast,5
A001937,S023,Q0063,ML,2,2026-09-11 22:38:57,b,1,27.0,AI_Basics;Statistics,b,10,General_Practice,60,6.5788459733217595,0.6338069578633476,fast,6
A001941,S023,Q0061,ML,3,2026-09-13 02:47:57,b,1,44.0,AI_Basics;Statistics,b,10,General_Practice,60,5.405929306655092,0.6874883014070163,normal,7
A001861,S023,Q0011,Math_Basics,1,2026-08-28 13:48:57,c,1,18.0,,c,10,General_Practice,60,20.946901528877316,0.23411833797357534,fast,1
A001870,S023,Q0012,Math_Basics,4,2026-08-29 03:31:57,a,1,44.0,,a,10,General_Practice,60,20.375373751099538,0.24357916244678623,normal,2
A001871,S023,Q0011,Math_Basics,1,2026-08-29 14:54:57,c,1,25.0,,c,10,General_Practice,60,19.90106819554398,0.25172024903581974,normal,3
A001873,S023,Q0009,Math_Basics,2,2026-08-29 23:30:57,a,1,32.0,,a,10,General_Practice,60,19.542734862210647,0.2580507115403649,normal,4
A001883,S023,Q0011,Math_Basics,1,2026-08-30 11:02:57,c,1,18.0,,c,10,General_Practice,60,19.062179306655093,0.26679103053942493,fast,5
A001933,S023,Q0001,Math_Basics,5,2026-09-10 13:27:57,d,0,58.0,,c,10,General_Practice,60,7.961484862210648,0.5758845464712146,normal,6
A001943,S023,Q0002,Math_Basics,4,2026-09-13 05:09:57,c,1,45.0,,c,10,General_Practice,60,5.307318195543981,0.6922035187545605,normal,7
A001863,S023,Q0132,NLP,3,2026-08-28 13:41:57,c,0,44.0,LSTM,a,10,General_Practice,60,20.951762639988424,0.23403946589679842,normal,1
A001872,S023,Q0126,NLP,2,2026-08-29 15:58:57,b,1,40.0,LSTM,b,10,General_Practice,60,19.856623751099537,0.25249690775629635,slow,2
A001876,S023,Q0123,NLP,3,2026-08-29 23:39:57,a,1,40.0,LSTM,a,10,General_Practice,60,19.536484862210646,0.2581625277109145,normal,3
A001891,S023,Q0128,NLP,1,2026-08-31 08:00:57,a,0,37.0,LSTM,b,10,General_Practice,60,18.18856819554398,0.28344548238027056,slow,4
A001892,S023,Q0121,NLP,3,2026-08-31 19:22:57,d,0,50.0,LSTM,a,10,General_Practice,60,17.714957084432868,0.2929049118180515,slow,5
A001899,S023,Q0130,NLP,2,2026-09-01 14:42:57,a,1,30.0,LSTM,a,10,General_Practice,60,16.909401528877314,0.3097250224583466,normal,6
A001893,S023,Q0127,NLP,3,2026-09-01 15:25:57,c,0,52.0,LSTM,b,10,General_Practice,60,16.879540417766204,0.31036675970949684,slow,7
A001904,S023,Q0129,NLP,1,2026-09-03 14:36:57,b,1,26.0,LSTM,b,10,General_Practice,60,14.91356819554398,0.3556778851626257,normal,8
A001917,S023,Q0125,NLP,1,2026-09-06 13:41:57,a,1,26.0,LSTM,a,10,General_Practice,60,11.951762639988427,0.4367330860067328,normal,9
A001922,S023,Q0124,NLP,2,2026-09-07 21:37:57,c,0,35.0,LSTM,a,10,General_Practice,60,10.621207084432871,0.4789275361823937,normal,10
A001867,S023,Q0083,Neural_Networks,4,2026-08-28 17:39:57,b,1,44.0,ML,b,10,General_Practice,60,20.786484862210646,0.23673608171484659,normal,1
A001874,S023,Q0079,Neural_Networks,5,2026-08-29 18:21:57,b,1,51.0,ML,b,10,General_Practice,60,19.75731819554398,0.25424092439976853,normal,2
A001882,S023,Q0075,Neural_Networks,5,2026-08-30 20:17:57,c,0,47.0,ML,b,10,General_Practice,60,18.676762639988425,0.274014422644815,fast,3
A001877,S023,Q0073,Neural_Networks,5,2026-08-31 01:21:57,b,0,52.0,ML,a,10,General_Practice,60,18.465651528877313,0.27805358572928024,normal,4
A001885,S023,Q0075,Neural_Networks,5,2026-08-31 11:08:57,d,0,44.0,ML,b,10,General_Practice,60,18.058012639988426,0.28602214108078855,fast,5
A001897,S023,Q0083,Neural_Networks,4,2026-09-01 10:59:57,b,1,54.0,ML,b,10,General_Practice,60,17.064262639988424,0.3064181661952519,slow,6
A001909,S023,Q0078,Neural_Networks,3,2026-09-03 15:47:57,b,1,28.0,ML,b,10,General_Practice,60,14.864262639988425,0.35689552967168303,fast,7
A001920,S023,Q0080,Neural_Networks,2,2026-09-06 17:51:57,a,1,32.0,ML,a,10,General_Practice,60,11.778151528877315,0.44202039632169593,normal,8
A001934,S023,Q0081,Neural_Networks,5,2026-09-11 16:00:57,d,0,64.0,ML,b,10,General_Practice,60,6.855234862210649,0.6217801709125473,slow,9
A001947,S023,Q0078,Neural_Networks,3,2026-09-14 10:02:57,b,1,41.0,ML,b,10,General_Practice,60,4.103845973321759,0.752422764183216,normal,10
A001888,S023,Q0021,Python,5,2026-08-31 14:28:57,b,1,38.0,,b,10,General_Practice,60,17.919123751099537,0.2887889857666234,fast,1
A001895,S023,Q0014,Python,3,2026-09-01 05:04:57,a,1,35.0,,a,10,General_Practice,60,17.310790417766203,0.30122657482014054,normal,2
A001900,S023,Q0019,Python,5,2026-09-02 15:36:57,b,1,50.0,,b,10,General_Practice,60,15.871901528877315,0.3328190335587868,fast,3
A001912,S023,Q0024,Python,1,2026-09-04 23:20:57,c,1,5.0,,c,10,General_Practice,60,13.549679306655092,0.39094351166063995,fast,4
A001935,S023,Q0013,Python,2,2026-09-11 09:42:57,b,1,29.0,,b,10,General_Practice,60,7.117734862210648,0.6105691126703956,normal,5
A001936,S023,Q0022,Python,4,2026-09-12 02:03:57,a,1,44.0,,a,10,General_Practice,60,6.436484862210649,0.6400921468778653,normal,6
A001938,S023,Q0013,Python,2,2026-09-12 16:41:57,b,1,31.0,,b,10,General_Practice,60,5.826762639988425,0.6677239698909487,normal,7
A001946,S023,Q0021,Python,5,2026-09-14 20:07:57,b,1,45.0,,b,10,General_Practice,60,3.68370708443287,0.7746568530346736,fast,8
A001881,S023,Q0103,RNN,3,2026-08-30 17:49:57,b,1,31.0,Neural_Networks,b,10,General_Practice,60,18.779540417766203,0.272069277267664,fast,1
A001884,S023,Q0102,RNN,2,2026-08-31 05:58:57,a,1,34.0,Neural_Networks,a,10,General_Practice,60,18.2732904177662,0.2817858275789939,normal,2
A001890,S023,Q0102,RNN,2,2026-08-31 12:54:57,a,1,35.0,Neural_Networks,a,10,General_Practice,60,17.984401528877314,0.28748525087071897,normal,3
A001898,S023,Q0099,RNN,2,2026-09-01 17:22:57,a,1,30.0,Neural_Networks,a,10,General_Practice,60,16.798290417766204,0.3121196209627626,normal,4
A001896,S023,Q0101,RNN,1,2026-09-02 01:53:57,b,1,19.0,Neural_Networks,b,10,General_Practice,60,16.44342930665509,0.31989205562597106,fast,5
A001906,S023,Q0098,RNN,4,2026-09-03 09:18:57,a,1,50.0,Neural_Networks,a,10,General_Practice,60,15.134401528877314,0.3502749803161212,normal,6
A001907,S023,Q0103,RNN,3,2026-09-03 09:39:57,b,1,35.0,Neural_Networks,b,10,General_Practice,60,15.119818195543981,0.35062923116577127,normal,7
A001921,S023,Q0099,RNN,2,2026-09-06 19:56:57,d,0,30.0,Neural_Networks,a,10,General_Practice,60,11.69134597332176,0.444688007327396,normal,8
A001932,S023,Q0098,RNN,4,2026-09-10 23:21:57,a,1,27.0,Neural_Networks,a,10,General_Practice,60,7.548984862210649,0.5925880808654395,fast,9
A001944,S023,Q0102,RNN,2,2026-09-13 07:55:57,a,1,30.0,Neural_Networks,a,10,General_Practice,60,5.192040417766203,0.697756690668153,normal,10
A001862,S023,Q0045,Statistics,1,2026-08-28 13:44:57,b,1,32.0,Math_Basics,b,10,General_Practice,60,20.949679306655092,0.2340732649612791,slow,1
A001866,S023,Q0042,Statistics,5,2026-08-28 22:24:57,c,0,54.0,Math_Basics,b,10,General_Practice,60,20.58856819554398,0.24000613351582936,normal,2
A001878,S023,Q0039,Statistics,3,2026-08-30 16:07:57,b,1,39.0,Math_Basics,b,10,General_Practice,60,18.850373751099536,0.27073674746205223,normal,3
A001902,S023,Q0046,Statistics,3,2026-09-02 21:54:57,c,1,53.0,Math_Basics,c,10,General_Practice,60,15.609401528877314,0.33893014119900977,slow,4
A001905,S023,Q0042,Statistics,5,2026-09-03 14:25:57,c,0,58.0,Math_Basics,b,10,General_Practice,60,14.92120708443287,0.3554896080430301,normal,5
A001919,S023,Q0043,Statistics,4,2026-09-06 21:43:57,a,0,59.0,Math_Basics,c,10,General_Practice,60,11.617040417766205,0.44698426729207924,slow,6
A001923,S023,Q0041,Statistics,4,2026-09-07 08:01:57,b,1,40.0,Math_Basics,b,10,General_Practice,60,11.187873751099538,0.4604807094066442,fast,7
A001929,S023,Q0043,Statistics,4,2026-09-09 16:23:57,c,1,47.0,Math_Basics,c,10,General_Practice,60,8.839262639988426,0.5418906786937405,normal,8
A001951,S024,Q0056,AI_Basics,1,2026-08-28 07:07:57,b,1,24.0,Python;Math_Basics,b,12,Board_Exam,30,21.225373751099536,0.22964266762674684,normal,1
A001967,S024,Q0049,AI_Basics,4,2026-08-31 08:10:57,a,1,32.0,Python;Math_Basics,a,12,Board_Exam,30,18.181623751099536,0.28358195233168787,fast,2
A001971,S024,Q0060,AI_Basics,1,2026-09-01 16:04:57,b,1,14.0,Python;Math_Basics,b,12,Board_Exam,30,16.85245708443287,0.31094995027102257,fast,3
A001983,S024,Q0055,AI_Basics,3,2026-09-03 13:50:57,a,1,36.0,Python;Math_Basics,a,12,Board_Exam,30,14.945512639988426,0.3548912072792119,normal,4
A001985,S024,Q0052,AI_Basics,3,2026-09-05 01:07:57,b,1,26.0,Python;Math_Basics,b,12,Board_Exam,30,13.475373751099536,0.3929622482118555,fast,5
A001994,S024,Q0053,AI_Basics,4,2026-09-05 12:04:57,b,1,29.0,Python;Math_Basics,b,12,Board_Exam,30,13.019123751099537,0.4055882112295076,fast,6
A002003,S024,Q0060,AI_Basics,1,2026-09-07 17:40:57,b,1,16.0,Python;Math_Basics,b,12,Board_Exam,30,10.785790417766204,0.47349495466538283,fast,7
A002018,S024,Q0051,AI_Basics,3,2026-09-12 12:25:57,b,1,42.0,Python;Math_Basics,b,12,Board_Exam,30,6.004540417766203,0.6595463517580191,normal,8
A002021,S024,Q0049,AI_Basics,4,2026-09-12 18:48:57,a,1,34.0,Python;Math_Basics,a,12,Board_Exam,30,5.738568195543981,0.6718183842498164,fast,9
A001960,S024,Q0087,CNN,1,2026-08-29 22:04:57,b,1,32.0,Neural_Networks,b,12,Board_Exam,30,19.60245708443287,0.2569846853315229,slow,1
A001965,S024,Q0091,CNN,2,2026-08-31 13:22:57,b,1,34.0,Neural_Networks,b,12,Board_Exam,30,17.964957084432868,0.28787298074986134,normal,2
A001982,S024,Q0093,CNN,4,2026-09-03 08:32:57,b,1,30.0,Neural_Networks,b,12,Board_Exam,30,15.166345973321759,0.34950025241870947,fast,3
A001992,S024,Q0096,CNN,3,2026-09-06 02:46:57,b,1,33.0,Neural_Networks,b,12,Board_Exam,30,12.406623751099536,0.4231783204864323,fast,4
A002000,S024,Q0093,CNN,4,2026-09-07 01:44:57,b,1,29.0,Neural_Networks,b,12,Board_Exam,30,11.449679306655094,0.4521997405123011,fast,5
A002027,S024,Q0085,CNN,5,2026-09-14 22:49:57,c,0,41.0,Neural_Networks,b,12,Board_Exam,30,3.5712070844328703,0.7807211679360527,fast,6
A001952,S024,Q0029,Data_Structures,1,2026-08-28 21:36:57,b,1,25.0,Python,b,12,Board_Exam,30,20.621901528877313,0.23945224172724322,normal,1
A001958,S024,Q0033,Data_Structures,2,2026-08-29 20:59:57,b,1,20.0,Python,b,12,Board_Exam,30,19.64759597332176,0.256181890925422,fast,2
A001979,S024,Q0035,Data_Structures,4,2026-09-03 01:18:57,c,1,30.0,Python,c,12,Board_Exam,30,15.467734862210648,0.3422746887090071,fast,3
A002001,S024,Q0031,Data_Structures,3,2026-09-06 10:06:57,c,1,32.0,Python,c,12,Board_Exam,30,12.101068195543982,0.4322366109473172,fast,4
A002012,S024,Q0029,Data_Structures,1,2026-09-09 14:10:57,b,1,6.0,Python,b,12,Board_Exam,30,8.931623751099538,0.5384325841797072,fast,5
A002015,S024,Q0029,Data_Structures,1,2026-09-10 08:40:57,b,1,22.0,Python,b,12,Board_Exam,30,8.160790417766204,0.567983513096094,normal,6
A002019,S024,Q0025,Data_Structures,4,2026-09-12 07:58:57,c,1,28.0,Python,c,12,Board_Exam,30,6.189957084432871,0.6511240316675516,fast,7
A002030,S024,Q0026,Data_Structures,2,2026-09-16 15:10:57,a,1,9.0,Python,a,12,Board_Exam,30,1.8899570844328706,0.8772161581666846,fast,8
A001949,S024,Q0115,LSTM,4,2026-08-28 16:38:57,a,1,32.0,RNN,a,12,Board_Exam,30,20.82884597332176,0.23604198527484735,fast,1
A001964,S024,Q0116,LSTM,1,2026-08-31 12:59:57,b,1,23.0,RNN,b,12,Board_Exam,30,17.980929306655092,0.2875544500279176,normal,2
A001989,S024,Q0109,LSTM,4,2026-09-05 03:54:57,a,1,41.0,RNN,a,12,Board_Exam,30,13.359401528877314,0.39613383788505313,fast,3
A001995,S024,Q0114,LSTM,2,2026-09-05 12:32:57,c,1,25.0,RNN,c,12,Board_Exam,30,12.999679306655091,0.4061352259638124,fast,4
A001991,S024,Q0110,LSTM,2,2026-09-06 01:45:57,a,1,17.0,RNN,a,12,Board_Exam,30,12.448984862210647,0.42193758623246125,fast,5
A002004,S024,Q0111,LSTM,1,2026-09-08 02:36:57,a,1,21.0,RNN,a,12,Board_Exam,30,10.413568195543982,0.4858703095694135,normal,6
A002023,S024,Q0115,LSTM,4,2026-09-12 21:41:57,a,1,34.0,RNN,a,12,Board_Exam,30,5.618429306655092,0.6774362386788255,fast,7
A002025,S024,Q0111,LSTM,1,2026-09-13 04:36:57,a,1,26.0,RNN,a,12,Board_Exam,30,5.330234862210648,0.69110485239491,normal,8
A001953,S024,Q0063,ML,2,2026-08-28 18:16:57,b,1,32.0,AI_Basics;Statistics,b,12,Board_Exam,30,20.760790417766202,0.23715808511051656,normal,1
A001959,S024,Q0064,ML,1,2026-08-29 07:47:57,a,1,14.0,AI_Basics;Statistics,a,12,Board_Exam,30,20.197595973321757,0.24659926462811022,fast,2
A001963,S024,Q0071,ML,3,2026-09-01 03:11:57,b,1,44.0,AI_Basics;Statistics,b,12,Board_Exam,30,17.389262639988424,0.29959256709009685,normal,3
A001997,S024,Q0070,ML,5,2026-09-06 03:41:57,b,1,46.0,AI_Basics;Statistics,b,12,Board_Exam,30,12.368429306655091,0.42430014281412587,fast,4
A002011,S024,Q0063,ML,2,2026-09-10 03:07:57,b,1,31.0,AI_Basics;Statistics,b,12,Board_Exam,30,8.392040417766204,0.5589518667808772,normal,5
A002016,S024,Q0071,ML,3,2026-09-10 10:15:57,b,1,22.0,AI_Basics;Statistics,b,12,Board_Exam,30,8.094818195543981,0.5705867618136479,fast,6
A002024,S024,Q0066,ML,2,2026-09-13 10:10:57,a,1,15.0,AI_Basics;Statistics,a,12,Board_Exam,30,5.098290417766203,0.7023056556040225,fast,7
A001954,S024,Q0011,Math_Basics,1,2026-08-29 02:25:57,c,1,27.0,,c,12,Board_Exam,30,20.42120708443287,0.24280655772231016,slow,1
A001962,S024,Q0005,Math_Basics,3,2026-08-30 05:53:57,b,0,37.0,,a,12,Board_Exam,30,19.276762639988426,0.2628522038207992,normal,2
A001969,S024,Q0012,Math_Basics,4,2026-09-01 04:09:57,a,1,37.0,,a,12,Board_Exam,30,17.348984862210646,0.30043015110204646,fast,3
A001968,S024,Q0012,Math_Basics,4,2026-09-01 05:58:57,a,1,47.0,,a,12,Board_Exam,30,17.2732904177662,0.30201057211799315,normal,4
A001972,S024,Q0005,Math_Basics,3,2026-09-01 06:27:57,a,1,34.0,,a,12,Board_Exam,30,17.253151528877314,0.3024324495255839,fast,5
A001973,S024,Q0007,Math_Basics,5,2026-09-02 05:21:57,b,0,57.0,,c,12,Board_Exam,30,16.29898486221065,0.3231109422345134,normal,6
A001981,S024,Q0005,Math_Basics,3,2026-09-03 15:17:57,b,0,37.0,,a,12,Board_Exam,30,14.885095973321759,0.3563805242551986,normal,7
A002008,S024,Q0001,Math_Basics,5,2026-09-08 22:24:57,b,0,47.0,,c,12,Board_Exam,30,9.588568195543981,0.5144644094964166,fast,8
A002013,S024,Q0004,Math_Basics,2,2026-09-09 11:22:57,b,1,37.0,,b,12,Board_Exam,30,9.048290417766204,0.5340959902273579,slow,9
A002014,S024,Q0001,Math_Basics,5,2026-09-10 08:44:57,d,0,52.0,,c,12,Board_Exam,30,8.158012639988426,0.5680928836723285,normal,10
A001950,S024,Q0131,NLP,1,2026-08-28 16:36:57,a,1,14.0,LSTM,a,12,Board_Exam,30,20.83023486221065,0.23601926250243785,fast,1
A001956,S024,Q0128,NLP,1,2026-08-30 02:41:57,b,1,26.0,LSTM,b,12,Board_Exam,30,19.41009597332176,0.2604341247437649,normal,2
A001970,S024,Q0121,NLP,3,2026-09-01 07:10:57,a,1,23.0,LSTM,a,12,Board_Exam,30,17.223290417766204,0.30305907687159783,fast,3
A001975,S024,Q0127,NLP,3,2026-09-02 21:23:57,b,1,38.0,LSTM,b,12,Board_Exam,30,15.630929306655093,0.33842476955509354,normal,4
A001986,S024,Q0126,NLP,2,2026-09-04 21:26:57,b,1,25.0,LSTM,b,12,Board_Exam,30,13.628845973321758,0.38880411754073807,fast,5
A001998,S024,Q0121,NLP,3,2026-09-06 16:52:57,a,1,26.0,LSTM,a,12,Board_Exam,30,11.819123751099538,0.4407668489726887,fast,6
A001996,S024,Q0124,NLP,2,2026-09-07 02:48:57,a,1,23.0,LSTM,a,12,Board_Exam,30,11.405234862210648,0.45359495950327,fast,7
A002002,S024,Q0132,NLP,3,2026-09-07 13:52:57,a,1,29.0,LSTM,a,12,Board_Exam,30,10.944123751099538,0.46832683933020974,fast,8
A002020,S024,Q0129,NLP,1,2026-09-12 16:24:57,b,1,15.0,LSTM,b,12,Board_Exam,30,5.838568195543981,0.6671777956951276,fast,9
A001955,S024,Q0075,Neural_Networks,5,2026-08-28 04:14:57,d,0,38.0,ML,b,12,Board_Exam,30,21.345512639988424,0.22773828311975264,fast,1
A001966,S024,Q0084,Neural_Networks,1,2026-08-31 19:03:57,b,1,21.0,ML,b,12,Board_Exam,30,17.728151528877316,0.29263715246906796,normal,2
A001987,S024,Q0084,Neural_Networks,1,2026-09-04 04:36:57,b,1,12.0,ML,b,12,Board_Exam,30,14.330234862210647,0.3703539203134633,fast,3
A002028,S024,Q0084,Neural_Networks,1,2026-09-14 04:53:57,b,1,12.0,ML,b,12,Board_Exam,30,4.3184293066550925,0.7413142089920057,fast,4
A002026,S024,Q0077,Neural_Networks,2,2026-09-14 14:37:57,a,1,21.0,ML,a,12,Board_Exam,30,3.912873751099537,0.7624489368213617,fast,5
A001957,S024,Q0018,Python,1,2026-08-29 05:23:57,b,1,21.0,,b,12,Board_Exam,30,20.29759597332176,0.2448958790824679,normal,1
A001980,S024,Q0016,Python,3,2026-09-02 09:16:57,a,1,27.0,,a,12,Board_Exam,30,16.135790417766202,0.3267866513351891,fast,2
A001976,S024,Q0020,Python,2,2026-09-02 22:53:57,c,1,28.0,,c,12,Board_Exam,30,15.568429306655093,0.339894063465371,fast,3
A001977,S024,Q0020,Python,2,2026-09-03 01:49:57,c,1,29.0,,c,12,Board_Exam,30,15.446207084432869,0.3427858094592146,normal,4
A001984,S024,Q0019,Python,5,2026-09-03 06:27:57,a,0,33.0,,b,12,Board_Exam,30,15.253151528877314,0.34740365726776207,fast,5
A001988,S024,Q0016,Python,3,2026-09-05 00:06:57,a,1,21.0,,a,12,Board_Exam,30,13.517734862210647,0.3918101057265943,fast,6
A002005,S024,Q0020,Python,2,2026-09-08 00:41:57,c,1,33.0,,c,12,Board_Exam,30,10.493429306655093,0.48318818036236766,normal,7
A002010,S024,Q0014,Python,3,2026-09-09 05:24:57,a,1,43.0,,a,12,Board_Exam,30,9.296901528877315,0.5249710775607729,normal,8
A002009,S024,Q0023,Python,4,2026-09-09 09:52:57,a,0,29.0,,b,12,Board_Exam,30,9.110790417766204,0.5317872003122183,fast,9
A002031,S024,Q0014,Python,3,2026-09-16 04:55:57,a,1,34.0,,a,12,Board_Exam,30,2.317040417766204,0.8516283951005251,fast,10
A001978,S024,Q0097,RNN,2,2026-09-02 04:58:57,b,1,18.0,Neural_Networks,b,12,Board_Exam,30,16.31495708443287,0.3227534207976985,fast,1
A001974,S024,Q0107,RNN,1,2026-09-02 18:04:57,a,1,14.0,Neural_Networks,a,12,Board_Exam,30,15.769123751099537,0.3351985062102242,fast,2
A001990,S024,Q0101,RNN,1,2026-09-05 04:19:57,b,1,16.0,Neural_Networks,b,12,Board_Exam,30,13.342040417766203,0.3966108245702737,fast,3
A001999,S024,Q0106,RNN,5,2026-09-06 21:41:57,b,1,33.0,Neural_Networks,b,12,Board_Exam,30,11.618429306655093,0.44694123799047236,fast,4
A002007,S024,Q0107,RNN,1,2026-09-08 04:15:57,a,1,28.0,Neural_Networks,a,12,Board_Exam,30,10.344818195543981,0.4881911951281009,slow,5
A002006,S024,Q0106,RNN,5,2026-09-08 07:09:57,d,0,40.0,Neural_Networks,b,12,Board_Exam,30,10.22398486221065,0.4922972254469108,fast,6
A002017,S024,Q0102,RNN,2,2026-09-10 12:02:57,a,1,23.0,Neural_Networks,a,12,Board_Exam,30,8.020512639988427,0.5735331321135924,fast,7
A002029,S024,Q0104,RNN,2,2026-09-16 09:42:57,b,1,27.0,Neural_Networks,b,12,Board_Exam,30,2.117734862210648,0.8634751199045798,fast,8
A002032,S024,Q0100,RNN,3,2026-09-16 10:47:57,b,1,32.0,Neural_Networks,b,12,Board_Exam,30,2.0725959733217594,0.866180982499171,fast,9
A001993,S024,Q0046,Statistics,3,2026-09-05 16:57:57,c,1,21.0,Math_Basics,c,12,Board_Exam,30,12.815651528877314,0.41134900162974797,fast,1
A002022,S024,Q0045,Statistics,1,2026-09-12 04:36:57,b,1,5.0,Math_Basics,b,12,Board_Exam,30,6.330234862210649,0.6448236278956266,fast,2
A002039,S025,Q0053,AI_Basics,4,2026-08-29 00:40:57,b,1,47.0,Python;Math_Basics,b,10,General_Practice,15,20.494123751099536,0.24158246127617375,normal,1
A002050,S025,Q0060,AI_Basics,1,2026-08-31 08:39:57,b,1,23.0,Python;Math_Basics,b,10,General_Practice,15,18.161484862210646,0.2839780868711188,normal,2
A002065,S025,Q0051,AI_Basics,3,2026-09-03 08:05:57,b,1,42.0,Python;Math_Basics,b,10,General_Practice,15,15.185095973321758,0.3490463191202116,normal,3
A002070,S025,Q0052,AI_Basics,3,2026-09-05 01:57:57,b,1,32.0,Python;Math_Basics,b,10,General_Practice,15,13.440651528877314,0.39390915347272953,fast,4
A002096,S025,Q0049,AI_Basics,4,2026-09-14 13:02:57,a,1,43.0,Python;Math_Basics,a,10,General_Practice,15,3.978845973321759,0.7589703348806655,fast,5
A002041,S025,Q0090,CNN,1,2026-08-28 10:50:57,a,1,24.0,Neural_Networks,a,10,General_Practice,15,21.070512639988426,0.23212096486070194,normal,1
A002037,S025,Q0093,CNN,4,2026-08-28 15:14:57,d,0,52.0,Neural_Networks,b,10,General_Practice,15,20.887179306655092,0.23508950979234894,normal,2
A002054,S025,Q0096,CNN,3,2026-09-01 03:59:57,b,1,47.0,Neural_Networks,b,10,General_Practice,15,17.355929306655092,0.30028557318448823,slow,3
A002059,S025,Q0093,CNN,4,2026-09-03 02:27:57,b,1,46.0,Neural_Networks,b,10,General_Practice,15,15.41981819554398,0.34341338593105514,normal,4
A002069,S025,Q0091,CNN,2,2026-09-03 05:34:57,b,1,29.0,Neural_Networks,b,10,General_Practice,15,15.289957084432869,0.3465185021928797,normal,5
A002083,S025,Q0096,CNN,3,2026-09-09 21:57:57,b,1,49.0,Neural_Networks,b,10,General_Practice,15,8.607318195543982,0.550673153352785,slow,6
A002092,S025,Q0089,CNN,1,2026-09-12 15:28:57,b,1,20.0,Neural_Networks,b,10,General_Practice,15,5.87745708443287,0.6653817913812439,fast,7
A002042,S025,Q0032,Data_Structures,5,2026-08-29 01:23:57,b,0,44.0,Python,c,10,General_Practice,15,20.464262639988426,0.2420830099996671,fast,1
A002061,S025,Q0032,Data_Structures,5,2026-09-02 05:14:57,a,0,44.0,Python,c,10,General_Practice,15,16.30384597332176,0.3230020894583319,fast,2
A002068,S025,Q0029,Data_Structures,1,2026-09-03 22:10:57,b,1,19.0,Python,b,10,General_Practice,15,14.598290417766203,0.3635362055311336,fast,3
A002102,S025,Q0029,Data_Structures,1,2026-09-15 12:31:57,b,1,7.0,Python,b,10,General_Practice,15,3.000373751099537,0.8122313540510132,fast,4
A002103,S025,Q0031,Data_Structures,3,2026-09-16 01:53:57,c,1,31.0,Python,c,10,General_Practice,15,2.443429306655093,0.844200195983743,fast,5
A002038,S025,Q0111,LSTM,1,2026-08-28 05:21:57,a,1,18.0,RNN,a,10,General_Practice,15,21.29898486221065,0.22847393832959922,fast,1
A002043,S025,Q0118,LSTM,4,2026-08-29 20:18:57,b,1,39.0,RNN,b,10,General_Practice,15,19.67606819554398,0.25567680324772235,fast,2
A002052,S025,Q0112,LSTM,3,2026-09-01 08:02:57,a,1,31.0,RNN,a,10,General_Practice,15,17.187179306655093,0.3038185934333225,fast,3
A002066,S025,Q0116,LSTM,1,2026-09-03 05:29:57,b,1,16.0,RNN,b,10,General_Practice,15,15.293429306655092,0.3464351135049176,fast,4
A002064,S025,Q0120,LSTM,5,2026-09-03 19:44:57,b,1,36.0,RNN,b,10,General_Practice,15,14.699679306655092,0.36099032316186586,fast,5
A002072,S025,Q0117,LSTM,5,2026-09-04 13:07:57,b,1,44.0,RNN,b,10,General_Practice,15,13.975373751099536,0.37957651144381366,fast,6
A002075,S025,Q0120,LSTM,5,2026-09-06 14:27:57,b,1,38.0,RNN,b,10,General_Practice,15,11.919818195543982,0.4377011806021174,fast,7
A002077,S025,Q0113,LSTM,5,2026-09-07 15:58:57,b,1,50.0,RNN,b,10,General_Practice,15,10.856623751099537,0.47117589039530106,fast,8
A002099,S025,Q0120,LSTM,5,2026-09-14 07:23:57,d,0,46.0,RNN,b,10,General_Practice,15,4.2142626399884255,0.7466860773376508,fast,9
A002097,S025,Q0118,LSTM,4,2026-09-14 12:55:57,b,1,37.0,RNN,b,10,General_Practice,15,3.9837070844328704,0.7587146455269723,fast,10
A002104,S025,Q0109,LSTM,4,2026-09-17 02:26:57,a,1,39.0,RNN,a,10,General_Practice,15,1.4205126399884258,0.9062297361842683,fast,11
A002035,S025,Q0063,ML,2,2026-08-28 03:53:57,d,0,33.0,AI_Basics;Statistics,b,10,General_Practice,15,21.36009597332176,0.22750819254794039,normal,1
A002040,S025,Q0067,ML,3,2026-08-28 18:53:57,b,1,36.0,AI_Basics;Statistics,b,10,General_Practice,15,20.73509597332176,0.23758084076526206,normal,2
A002044,S025,Q0070,ML,5,2026-08-30 02:43:57,c,0,46.0,AI_Basics;Statistics,b,10,General_Practice,15,19.40870708443287,0.26045919805888956,fast,3
A002049,S025,Q0061,ML,3,2026-08-30 08:11:57,a,0,41.0,AI_Basics;Statistics,b,10,General_Practice,15,19.18092930665509,0.2646040537979175,normal,4
A002057,S025,Q0072,ML,5,2026-09-02 05:45:57,b,0,47.0,AI_Basics;Statistics,a,10,General_Practice,15,16.28231819554398,0.3234844303258534,fast,5
A002067,S025,Q0071,ML,3,2026-09-03 08:53:57,b,1,30.0,AI_Basics;Statistics,b,10,General_Practice,15,15.151762639988425,0.3498537197467514,fast,6
A002078,S025,Q0063,ML,2,2026-09-07 21:21:57,b,1,33.0,AI_Basics;Statistics,b,10,General_Practice,15,10.632318195543982,0.47855882566054325,normal,7
A002084,S025,Q0064,ML,1,2026-09-10 19:19:57,a,1,14.0,AI_Basics;Statistics,a,10,General_Practice,15,7.717040417766204,0.5857252354880043,fast,8
A002033,S025,Q0012,Math_Basics,4,2026-08-28 15:31:57,a,1,19.0,,a,10,General_Practice,15,20.875373751099538,0.23528196197643725,fast,1
A002047,S025,Q0002,Math_Basics,4,2026-08-30 01:09:57,c,1,21.0,,c,10,General_Practice,15,19.473984862210646,0.25928335769722477,fast,2
A002071,S025,Q0005,Math_Basics,3,2026-09-04 14:59:57,a,1,23.0,,a,10,General_Practice,15,13.897595973321758,0.38162838937175947,fast,3
A002094,S025,Q0008,Math_Basics,5,2026-09-12 13:11:57,d,0,39.0,,a,10,General_Practice,15,5.972595973321759,0.6610083505829323,fast,4
A002095,S025,Q0012,Math_Basics,4,2026-09-14 03:18:57,c,0,36.0,,a,10,General_Practice,15,4.384401528877315,0.7379320322696983,fast,5
A002036,S025,Q0128,NLP,1,2026-08-28 19:42:57,b,1,19.0,LSTM,b,10,General_Practice,15,20.701068195543982,0.23814186643600854,fast,1
A002053,S025,Q0123,NLP,3,2026-09-01 22:51:57,a,1,32.0,LSTM,a,10,General_Practice,15,16.56981819554398,0.3171018458364231,fast,2
A002063,S025,Q0131,NLP,1,2026-09-02 09:24:57,a,1,14.0,LSTM,a,10,General_Practice,15,16.130234862210646,0.3269125151486845,fast,3
A002062,S025,Q0124,NLP,2,2026-09-02 20:26:57,a,1,15.0,LSTM,a,10,General_Practice,15,15.670512639988425,0.3374975036013341,fast,4
A002073,S025,Q0128,NLP,1,2026-09-04 06:38:57,b,1,11.0,LSTM,b,10,General_Practice,15,14.245512639988425,0.3725352211521209,fast,5
A002074,S025,Q0124,NLP,2,2026-09-04 07:30:57,a,1,27.0,LSTM,a,10,General_Practice,15,14.209401528877313,0.3734688565119709,fast,6
A002081,S025,Q0132,NLP,3,2026-09-09 01:19:57,a,1,22.0,LSTM,a,10,General_Practice,15,9.467040417766205,0.5188163887138554,fast,7
A002088,S025,Q0128,NLP,1,2026-09-12 01:31:57,b,1,20.0,LSTM,b,10,General_Practice,15,6.458707084432871,0.6391069545720495,fast,8
A002091,S025,Q0132,NLP,3,2026-09-12 03:21:57,a,1,37.0,LSTM,a,10,General_Practice,15,6.382318195543982,0.6424999202946593,normal,9
A002093,S025,Q0121,NLP,3,2026-09-12 08:01:57,a,1,30.0,LSTM,a,10,General_Practice,15,6.187873751099538,0.6512180644540603,fast,10
A002101,S025,Q0122,NLP,5,2026-09-14 05:29:57,b,1,44.0,LSTM,b,10,General_Practice,15,4.293429306655092,0.7425999222906386,fast,11
A002105,S025,Q0123,NLP,3,2026-09-16 16:25:57,a,1,30.0,LSTM,a,10,General_Practice,15,1.837873751099537,0.8803887559990523,fast,12
A002034,S025,Q0079,Neural_Networks,5,2026-08-28 22:17:57,d,0,47.0,ML,b,10,General_Practice,15,20.593429306655093,0.23992527790087217,fast,1
A002079,S025,Q0080,Neural_Networks,2,2026-09-07 13:14:57,d,0,34.0,ML,a,10,General_Practice,15,10.970512639988426,0.46747098770200884,normal,2
A002080,S025,Q0080,Neural_Networks,2,2026-09-09 02:53:57,a,1,22.0,ML,a,10,General_Practice,15,9.401762639988426,0.5211692016963814,fast,3
A002082,S025,Q0074,Neural_Networks,3,2026-09-09 22:28:57,d,0,43.0,ML,b,10,General_Practice,15,8.585790417766205,0.5514954767221302,normal,4
A002090,S025,Q0079,Neural_Networks,5,2026-09-11 12:32:57,a,0,45.0,ML,b,10,General_Practice,15,6.999679306655093,0.6155858902367943,fast,5
A002098,S025,Q0074,Neural_Networks,3,2026-09-14 17:38:57,b,1,36.0,ML,b,10,General_Practice,15,3.7871793066550925,0.7691207760180072,normal,6
A002100,S025,Q0081,Neural_Networks,5,2026-09-14 21:25:57,a,0,55.0,ML,b,10,General_Practice,15,3.6295404177662034,0.7775708056381728,normal,7
A002046,S025,Q0015,Python,2,2026-08-29 13:55:57,b,1,22.0,,b,10,General_Practice,15,19.942040417766204,0.2510063832199069,fast,1
A002056,S025,Q0017,Python,2,2026-09-02 23:01:57,b,1,42.0,,b,10,General_Practice,15,15.562873751099536,0.3400249756762505,slow,2
A002085,S025,Q0018,Python,1,2026-09-11 03:06:57,b,1,24.0,,b,10,General_Practice,15,7.392734862210649,0.5990409419888115,normal,3
A002051,S025,Q0097,RNN,2,2026-08-31 19:44:57,b,1,25.0,Neural_Networks,b,10,General_Practice,15,17.699679306655092,0.2932152550496374,fast,1
A002058,S025,Q0108,RNN,5,2026-09-02 22:14:57,b,1,48.0,Neural_Networks,b,10,General_Practice,15,15.595512639988424,0.33925658785375284,fast,2
A002076,S025,Q0098,RNN,4,2026-09-06 14:16:57,a,1,43.0,Neural_Networks,a,10,General_Practice,15,11.92745708443287,0.4374694846745237,fast,3
A002086,S025,Q0101,RNN,1,2026-09-10 16:37:57,b,1,21.0,Neural_Networks,b,10,General_Practice,15,7.8295404177662045,0.5811755672843432,normal,4
A002045,S025,Q0040,Statistics,3,2026-08-29 17:17:57,b,1,29.0,Math_Basics,b,10,General_Practice,15,19.801762639988425,0.25345890123444836,fast,1
A002048,S025,Q0044,Statistics,3,2026-08-31 01:23:57,c,1,35.0,Math_Basics,c,10,General_Practice,15,18.464262639988426,0.27808035535934833,normal,2
A002055,S025,Q0037,Statistics,4,2026-09-01 16:52:57,c,1,35.0,Math_Basics,c,10,General_Practice,15,16.819123751099536,0.3116692278308151,fast,3
A002060,S025,Q0044,Statistics,3,2026-09-02 09:59:57,c,1,31.0,Math_Basics,c,10,General_Practice,15,16.105929306655092,0.32746373956550356,fast,4
A002087,S025,Q0040,Statistics,3,2026-09-10 16:46:57,b,1,30.0,Math_Basics,b,10,General_Practice,15,7.823290417766204,0.5814273969575218,fast,5
A002089,S025,Q0046,Statistics,3,2026-09-11 11:53:57,c,1,27.0,Math_Basics,c,10,General_Practice,15,7.026762639988426,0.6144313511198669,fast,6
A002106,S025,Q0038,Statistics,2,2026-09-17 11:30:57,b,1,27.0,Math_Basics,b,10,General_Practice,15,1.042734862210648,0.930273292611231,fast,7
A002115,S026,Q0054,AI_Basics,4,2026-08-30 10:29:57,b,1,39.0,Python;Math_Basics,b,10,General_Practice,15,19.08509597332176,0.2663675794555045,fast,1
A002126,S026,Q0060,AI_Basics,1,2026-09-01 04:10:57,b,1,16.0,Python;Math_Basics,b,10,General_Practice,15,17.348290417766204,0.3004446127217802,fast,2
A002129,S026,Q0052,AI_Basics,3,2026-09-01 20:39:57,b,1,34.0,Python;Math_Basics,b,10,General_Practice,15,16.661484862210646,0.31509341592842394,fast,3
A002132,S026,Q0057,AI_Basics,1,2026-09-02 19:43:57,a,1,24.0,Python;Math_Basics,a,10,General_Practice,15,15.700373751099535,0.3367996688189177,normal,4
A002133,S026,Q0059,AI_Basics,4,2026-09-02 21:24:57,a,1,41.0,Python;Math_Basics,a,10,General_Practice,15,15.630234862210648,0.33844106009819597,fast,5
A002143,S026,Q0055,AI_Basics,3,2026-09-05 00:41:57,a,1,34.0,Python;Math_Basics,a,10,General_Practice,15,13.493429306655091,0.3924707573903421,fast,6
A002158,S026,Q0056,AI_Basics,1,2026-09-07 06:30:57,b,1,22.0,Python;Math_Basics,b,10,General_Practice,15,11.251068195543981,0.4584680746023626,normal,7
A002165,S026,Q0060,AI_Basics,1,2026-09-10 19:41:57,b,1,17.0,Python;Math_Basics,b,10,General_Practice,15,7.701762639988426,0.5863458323270073,fast,8
A002186,S026,Q0050,AI_Basics,3,2026-09-15 04:56:57,b,1,22.0,Python;Math_Basics,b,10,General_Practice,15,3.316345973321759,0.7946356381997205,fast,9
A002197,S026,Q0060,AI_Basics,1,2026-09-17 20:20:57,b,1,20.0,Python;Math_Basics,b,10,General_Practice,15,0.6746793066550926,0.9543114379647186,fast,10
A002114,S026,Q0093,CNN,4,2026-08-29 23:48:57,b,1,48.0,Neural_Networks,b,10,General_Practice,15,19.530234862210648,0.25827439233262284,normal,1
A002119,S026,Q0085,CNN,5,2026-08-30 15:21:57,c,0,66.0,Neural_Networks,b,10,General_Practice,15,18.88231819554398,0.27013793988828816,slow,2
A002138,S026,Q0094,CNN,5,2026-09-02 14:22:57,b,0,58.0,Neural_Networks,a,10,General_Practice,15,15.923290417766204,0.3316356389304838,normal,3
A002136,S026,Q0087,CNN,1,2026-09-03 01:02:57,b,1,31.0,Neural_Networks,b,10,General_Practice,15,15.478845973321759,0.3420111827095482,slow,4
A002134,S026,Q0086,CNN,2,2026-09-03 02:33:57,c,0,28.0,Neural_Networks,b,10,General_Practice,15,15.415651528877314,0.3435125819299231,fast,5
A002144,S026,Q0086,CNN,2,2026-09-05 02:23:57,d,0,37.0,Neural_Networks,b,10,General_Practice,15,13.422595973321759,0.39440244559652826,slow,6
A002152,S026,Q0095,CNN,5,2026-09-05 17:50:57,d,0,62.0,Neural_Networks,b,10,General_Practice,15,12.778845973321758,0.4123997612689482,normal,7
A002156,S026,Q0096,CNN,3,2026-09-07 09:33:57,b,1,44.0,Neural_Networks,b,10,General_Practice,15,11.123984862210648,0.46252444268231185,normal,8
A002176,S026,Q0086,CNN,2,2026-09-12 11:29:57,b,1,36.0,Neural_Networks,b,10,General_Practice,15,6.043429306655092,0.6577708908529847,normal,9
A002182,S026,Q0087,CNN,1,2026-09-14 07:36:57,b,1,28.0,Neural_Networks,b,10,General_Practice,15,4.205234862210648,0.7471534682494835,slow,10
A002190,S026,Q0090,CNN,1,2026-09-17 00:36:57,a,1,24.0,Neural_Networks,a,10,General_Practice,15,1.4969015288773149,0.9014440446463257,normal,11
A002117,S026,Q0027,Data_Structures,2,2026-08-30 19:27:57,b,1,31.0,Python,b,10,General_Practice,15,18.711484862210646,0.27335572838480543,normal,1
A002123,S026,Q0025,Data_Structures,4,2026-08-31 19:16:57,c,1,40.0,Python,c,10,General_Practice,15,17.719123751099538,0.29282032977701555,fast,2
A002130,S026,Q0035,Data_Structures,4,2026-09-02 08:34:57,c,1,36.0,Python,c,10,General_Practice,15,16.16495708443287,0.3261266609035855,fast,3
A002135,S026,Q0029,Data_Structures,1,2026-09-02 22:38:57,b,1,15.0,Python,b,10,General_Practice,15,15.578845973321759,0.33964873890439734,fast,4
A002141,S026,Q0027,Data_Structures,2,2026-09-04 03:27:57,b,1,26.0,Python,b,10,General_Practice,15,14.378151528877314,0.3691258931091883,fast,5
A002142,S026,Q0033,Data_Structures,2,2026-09-05 01:19:57,b,1,15.0,Python,b,10,General_Practice,15,13.467040417766203,0.3931892976753445,fast,6
A002183,S026,Q0025,Data_Structures,4,2026-09-14 20:05:57,d,0,28.0,Python,c,10,General_Practice,15,3.685095973321759,0.7745822800668755,fast,7
A002188,S026,Q0028,Data_Structures,5,2026-09-16 01:09:57,b,1,47.0,Python,b,10,General_Practice,15,2.4739848622106484,0.8424141144994469,fast,8
A002111,S026,Q0109,LSTM,4,2026-08-29 22:41:57,a,1,55.0,RNN,a,10,General_Practice,15,19.576762639988424,0.2574427836875468,slow,1
A002118,S026,Q0113,LSTM,5,2026-08-30 12:40:57,c,0,47.0,RNN,b,10,General_Practice,15,18.994123751099536,0.2680525240190547,fast,2
A002128,S026,Q0119,LSTM,4,2026-09-01 21:30:57,a,0,49.0,RNN,b,10,General_Practice,15,16.62606819554398,0.3158678878132712,normal,3
A002125,S026,Q0117,LSTM,5,2026-09-02 01:17:57,c,0,57.0,RNN,b,10,General_Practice,15,16.468429306655093,0.3193382049485071,normal,4
A002131,S026,Q0114,LSTM,2,2026-09-02 21:58:57,c,1,23.0,RNN,c,10,General_Practice,15,15.606623751099535,0.3389954053906482,fast,5
A002161,S026,Q0111,LSTM,1,2026-09-07 06:03:57,a,1,20.0,RNN,a,10,General_Practice,15,11.269818195543982,0.457872613157285,fast,6
A002160,S026,Q0114,LSTM,2,2026-09-07 10:02:57,c,1,19.0,RNN,c,10,General_Practice,15,11.103845973321759,0.4631705412988528,fast,7
A002162,S026,Q0111,LSTM,1,2026-09-08 15:01:57,a,1,12.0,RNN,a,10,General_Practice,15,9.89620708443287,0.5036101591903931,fast,8
A002173,S026,Q0116,LSTM,1,2026-09-11 14:12:57,b,1,25.0,RNN,b,10,General_Practice,15,6.930234862210648,0.6185561695334203,normal,9
A002178,S026,Q0110,LSTM,2,2026-09-12 10:50:57,a,1,31.0,RNN,a,10,General_Practice,15,6.070512639988427,0.6565372332342666,normal,10
A002185,S026,Q0118,LSTM,4,2026-09-16 02:56:57,a,0,47.0,RNN,b,10,General_Practice,15,2.3996793066550928,0.8467641346774929,normal,11
A002113,S026,Q0067,ML,3,2026-08-29 21:49:57,d,0,22.0,AI_Basics;Statistics,b,10,General_Practice,15,19.612873751099535,0.2567992020828215,fast,1
A002180,S026,Q0069,ML,5,2026-09-14 02:59:57,b,0,51.0,AI_Basics;Statistics,a,10,General_Practice,15,4.397595973321759,0.7372574508865177,normal,2
A002112,S026,Q0004,Math_Basics,2,2026-08-30 01:01:57,b,1,27.0,,b,10,General_Practice,15,19.479540417766202,0.2591835316255284,fast,1
A002150,S026,Q0004,Math_Basics,2,2026-09-05 09:54:57,b,1,29.0,,b,10,General_Practice,15,13.109401528877314,0.4030581354027393,normal,2
A002153,S026,Q0009,Math_Basics,2,2026-09-07 03:20:57,a,1,22.0,,a,10,General_Practice,15,11.383012639988426,0.4542941824750474,fast,3
A002166,S026,Q0002,Math_Basics,4,2026-09-10 17:12:57,c,1,26.0,,c,10,General_Practice,15,7.805234862210648,0.5821555180304935,fast,4
A002192,S026,Q0011,Math_Basics,1,2026-09-16 13:56:57,c,1,19.0,,c,10,General_Practice,15,1.9413459733217593,0.8740970670548126,fast,5
A002189,S026,Q0011,Math_Basics,1,2026-09-16 19:42:57,c,1,20.0,,c,10,General_Practice,15,1.7010681955439817,0.8887768722037915,fast,6
A002148,S026,Q0125,NLP,1,2026-09-04 18:39:57,a,1,22.0,LSTM,a,10,General_Practice,15,13.744818195543981,0.38569121223915476,normal,1
A002147,S026,Q0129,NLP,1,2026-09-04 18:59:57,b,1,28.0,LSTM,b,10,General_Practice,15,13.730929306655092,0.38606269765958345,slow,2
A002159,S026,Q0122,NLP,5,2026-09-07 19:37:57,d,0,63.0,LSTM,b,10,General_Practice,15,10.704540417766204,0.4761691165518768,normal,3
A002164,S026,Q0123,NLP,3,2026-09-10 12:20:57,c,0,53.0,LSTM,a,10,General_Practice,15,8.008012639988426,0.5740302760455411,slow,4
A002170,S026,Q0125,NLP,1,2026-09-11 05:13:57,a,1,27.0,LSTM,a,10,General_Practice,15,7.304540417766204,0.6027141991205409,slow,5
A002174,S026,Q0122,NLP,5,2026-09-11 17:52:57,c,0,79.0,LSTM,b,10,General_Practice,15,6.7774570844328705,0.6251413299154502,slow,6
A002181,S026,Q0128,NLP,1,2026-09-13 16:26:57,c,0,32.0,LSTM,b,10,General_Practice,15,4.837179306655092,0.7151322990080138,slow,7
A002191,S026,Q0129,NLP,1,2026-09-17 01:03:57,b,1,21.0,LSTM,b,10,General_Practice,15,1.4781515288773148,0.9026163689087016,normal,8
A002196,S026,Q0132,NLP,3,2026-09-17 09:42:57,a,1,53.0,LSTM,a,10,General_Practice,15,1.1177348622106482,0.9254497190740725,slow,9
A002122,S026,Q0082,Neural_Networks,2,2026-08-31 16:04:57,b,1,37.0,ML,b,10,General_Practice,15,17.85245708443287,0.2901265623195937,slow,1
A002154,S026,Q0078,Neural_Networks,3,2026-09-06 06:16:57,b,1,35.0,ML,b,10,General_Practice,15,12.260790417766202,0.42747766783550345,normal,2
A002155,S026,Q0083,Neural_Networks,4,2026-09-06 16:07:57,d,0,48.0,ML,b,10,General_Practice,15,11.850373751099538,0.4398131438154898,normal,3
A002109,S026,Q0019,Python,5,2026-08-29 08:01:57,b,1,57.0,,b,10,General_Practice,15,20.187873751099538,0.24676550217596382,normal,1
A002120,S026,Q0013,Python,2,2026-08-30 06:31:57,b,1,26.0,,b,10,General_Practice,15,19.250373751099538,0.2633334368652756,fast,2
A002157,S026,Q0015,Python,2,2026-09-07 20:22:57,c,0,10.0,,b,10,General_Practice,15,10.673290417766204,0.4772016571854167,fast,3
A002167,S026,Q0023,Python,4,2026-09-10 08:38:57,b,1,32.0,,b,10,General_Practice,15,8.162179306655093,0.5679288357043353,fast,4
A002169,S026,Q0021,Python,5,2026-09-11 07:44:57,b,1,43.0,,b,10,General_Practice,15,7.199679306655093,0.6071109373761858,fast,5
A002193,S026,Q0014,Python,3,2026-09-16 10:29:57,a,1,18.0,,a,10,General_Practice,15,2.0850959733217596,0.865430818897374,fast,6
A002137,S026,Q0097,RNN,2,2026-09-02 14:14:57,b,1,26.0,Neural_Networks,b,10,General_Practice,15,15.928845973321758,0.3315079566782831,fast,1
A002139,S026,Q0107,RNN,1,2026-09-03 19:11:57,a,1,20.0,Neural_Networks,a,10,General_Practice,15,14.722595973321758,0.3604173588334977,fast,2
A002145,S026,Q0098,RNN,4,2026-09-04 14:34:57,d,0,57.0,Neural_Networks,a,10,General_Practice,15,13.914957084432869,0.3811694214133591,slow,3
A002168,S026,Q0101,RNN,1,2026-09-11 00:53:57,c,0,22.0,Neural_Networks,b,10,General_Practice,15,7.4850959733217595,0.5952181410501306,normal,4
A002172,S026,Q0108,RNN,5,2026-09-11 05:51:57,d,0,54.0,Neural_Networks,b,10,General_Practice,15,7.2781515288773155,0.6038176556819691,normal,5
A002187,S026,Q0098,RNN,4,2026-09-15 20:03:57,a,1,41.0,Neural_Networks,a,10,General_Practice,15,2.6864848622106483,0.8300968146926995,fast,6
A002194,S026,Q0105,RNN,4,2026-09-17 02:29:57,d,0,40.0,Neural_Networks,b,10,General_Practice,15,1.4184293066550926,0.906360610339062,fast,7
A002107,S026,Q0042,Statistics,5,2026-08-28 17:03:57,b,1,36.0,Math_Basics,b,10,General_Practice,15,20.811484862210648,0.2363262045799444,fast,1
A002108,S026,Q0045,Statistics,1,2026-08-28 23:27:57,b,1,12.0,Math_Basics,b,10,General_Practice,15,20.544818195543982,0.2407350613405161,fast,2
A002110,S026,Q0039,Statistics,3,2026-08-29 18:51:57,b,1,19.0,Math_Basics,b,10,General_Practice,15,19.73648486221065,0.25460832790317695,fast,3
A002116,S026,Q0043,Statistics,4,2026-08-30 14:43:57,c,1,30.0,Math_Basics,c,10,General_Practice,15,18.90870708443287,0.26964427184222256,fast,4
A002121,S026,Q0039,Statistics,3,2026-08-31 04:29:57,b,1,26.0,Math_Basics,b,10,General_Practice,15,18.33509597332176,0.2805812294400323,fast,5
A002124,S026,Q0039,Statistics,3,2026-09-01 11:50:57,b,1,34.0,Math_Basics,b,10,General_Practice,15,17.028845973321758,0.30717131507976736,fast,6
A002140,S026,Q0047,Statistics,5,2026-09-03 14:30:57,b,1,49.0,Math_Basics,b,10,General_Practice,15,14.917734862210647,0.3555751761937263,fast,7
A002146,S026,Q0037,Statistics,4,2026-09-04 18:53:57,c,1,36.0,Math_Basics,c,10,General_Practice,15,13.735095973321759,0.3859512144798266,fast,8
A002149,S026,Q0041,Statistics,4,2026-09-05 00:20:57,b,1,35.0,Math_Basics,b,10,General_Practice,15,13.508012639988426,0.3920742328370238,fast,9
A002151,S026,Q0039,Statistics,3,2026-09-06 03:01:57,b,1,26.0,Math_Basics,b,10,General_Practice,15,12.39620708443287,0.42348397754855405,fast,10
A002163,S026,Q0040,Statistics,3,2026-09-09 11:40:57,b,1,17.0,Math_Basics,b,10,General_Practice,15,9.035790417766204,0.5345589496725099,fast,11
A002175,S026,Q0037,Statistics,4,2026-09-11 22:15:57,c,1,35.0,Math_Basics,c,10,General_Practice,15,6.594818195543982,0.6331056520744704,fast,12
A002177,S026,Q0044,Statistics,3,2026-09-12 07:43:57,c,1,17.0,Math_Basics,c,10,General_Practice,15,6.200373751099537,0.6506540713640981,fast,13
A002179,S026,Q0045,Statistics,1,2026-09-12 11:37:57,b,1,16.0,Math_Basics,b,10,General_Practice,15,6.037873751099537,0.6580242352059158,fast,14
A002184,S026,Q0038,Statistics,2,2026-09-14 08:03:57,b,1,16.0,Math_Basics,b,10,General_Practice,15,4.186484862210648,0.7481251382535721,fast,15
A002195,S026,Q0043,Statistics,4,2026-09-17 09:22:57,c,1,29.0,Math_Basics,c,10,General_Practice,15,1.131623751099537,0.9245592132571158,fast,16
A002205,S027,Q0051,AI_Basics,3,2026-08-30 13:32:57,b,1,28.0,Python;Math_Basics,b,12,General_Practice,60,18.958012639988425,0.26872430832430044,fast,1
A002208,S027,Q0057,AI_Basics,1,2026-08-31 13:09:57,a,1,21.0,Python;Math_Basics,a,12,General_Practice,60,17.973984862210646,0.28769289831608785,normal,2
A002220,S027,Q0049,AI_Basics,4,2026-09-01 15:12:57,a,1,42.0,Python;Math_Basics,a,12,General_Practice,60,16.888568195543982,0.31017260601954194,fast,3
A002221,S027,Q0050,AI_Basics,3,2026-09-01 23:45:57,b,1,20.0,Python;Math_Basics,b,12,General_Practice,60,16.53231819554398,0.31792716143292477,fast,4
A002235,S027,Q0054,AI_Basics,4,2026-09-04 08:53:57,b,1,34.0,Python;Math_Basics,b,12,General_Practice,60,14.151762639988425,0.3749639325941776,fast,5
A002253,S027,Q0054,AI_Basics,4,2026-09-10 03:03:57,b,1,37.0,Python;Math_Basics,b,12,General_Practice,60,8.394818195543982,0.558844256054684,fast,6
A002259,S027,Q0050,AI_Basics,3,2026-09-11 12:45:57,b,1,31.0,Python;Math_Basics,b,12,General_Practice,60,6.990651528877315,0.6159712185016188,fast,7
A002271,S027,Q0055,AI_Basics,3,2026-09-15 17:41:57,a,1,33.0,Python;Math_Basics,a,12,General_Practice,60,2.7850959733217593,0.8244422827599197,fast,8
A002198,S027,Q0086,CNN,2,2026-08-28 18:40:57,b,1,14.0,Neural_Networks,b,12,General_Practice,60,20.744123751099536,0.23743221918948404,fast,1
A002200,S027,Q0088,CNN,2,2026-08-29 21:49:57,b,1,13.0,Neural_Networks,b,12,General_Practice,60,19.612873751099535,0.2567992020828215,fast,2
A002202,S027,Q0092,CNN,3,2026-08-30 03:16:57,a,1,24.0,Neural_Networks,a,12,General_Practice,60,19.385790417766202,0.2608732564437746,fast,3
A002207,S027,Q0091,CNN,2,2026-08-31 00:54:57,b,1,26.0,Neural_Networks,b,12,General_Practice,60,18.484401528877314,0.27769244784610053,fast,4
A002223,S027,Q0095,CNN,5,2026-09-01 17:24:57,b,1,42.0,Neural_Networks,b,12,General_Practice,60,16.796901528877314,0.31214967030295826,fast,5
A002229,S027,Q0090,CNN,1,2026-09-02 10:27:57,a,1,24.0,Neural_Networks,a,12,General_Practice,60,16.086484862210646,0.32790538822671556,normal,6
A002231,S027,Q0089,CNN,1,2026-09-03 03:25:57,d,0,24.0,Neural_Networks,b,12,General_Practice,60,15.379540417766203,0.34437348171827414,normal,7
A002240,S027,Q0088,CNN,2,2026-09-05 08:21:57,d,0,26.0,Neural_Networks,b,12,General_Practice,60,13.173984862210647,0.4012578477803548,fast,8
A002255,S027,Q0096,CNN,3,2026-09-11 00:24:57,b,1,26.0,Neural_Networks,b,12,General_Practice,60,7.505234862210648,0.5943878429564864,fast,9
A002260,S027,Q0088,CNN,2,2026-09-11 20:51:57,b,1,21.0,Neural_Networks,b,12,General_Practice,60,6.6531515288773155,0.6305509471954637,fast,10
A002273,S027,Q0085,CNN,5,2026-09-16 08:29:57,a,0,42.0,Neural_Networks,b,12,General_Practice,60,2.1684293066550926,0.8604463041652922,fast,11
A002203,S027,Q0032,Data_Structures,5,2026-08-29 03:58:57,a,0,51.0,Python,c,12,General_Practice,60,20.356623751099537,0.2438959361429923,normal,1
A002210,S027,Q0035,Data_Structures,4,2026-08-31 19:13:57,c,1,39.0,Python,c,12,General_Practice,60,17.72120708443287,0.29277804791621004,fast,2
A002234,S027,Q0028,Data_Structures,5,2026-09-03 06:38:57,b,1,40.0,Python,b,12,General_Practice,60,15.245512639988425,0.3475876518443895,fast,3
A002237,S027,Q0030,Data_Structures,2,2026-09-04 07:11:57,c,1,23.0,Python,c,12,General_Practice,60,14.222595973321758,0.37312744954387145,fast,4
A002241,S027,Q0032,Data_Structures,5,2026-09-06 00:29:57,c,1,34.0,Python,c,12,General_Practice,60,12.501762639988424,0.4203968417087603,fast,5
A002246,S027,Q0036,Data_Structures,4,2026-09-07 12:51:57,b,1,41.0,Python,b,12,General_Practice,60,10.986484862210649,0.466953732241588,fast,6
A002250,S027,Q0031,Data_Structures,3,2026-09-08 04:24:57,c,1,32.0,Python,c,12,General_Practice,60,10.338568195543981,0.48840273366488457,fast,7
A002268,S027,Q0031,Data_Structures,3,2026-09-14 08:45:57,c,1,29.0,Python,c,12,General_Practice,60,4.157318195543981,0.7496391372364255,fast,8
A002214,S027,Q0114,LSTM,2,2026-08-31 20:53:57,c,1,26.0,RNN,c,12,General_Practice,60,17.651762639988426,0.2941907387982209,fast,1
A002222,S027,Q0112,LSTM,3,2026-09-01 14:18:57,c,0,45.0,RNN,a,12,General_Practice,60,16.92606819554398,0.3093674206802281,normal,2
A002243,S027,Q0115,LSTM,4,2026-09-06 14:53:57,a,1,47.0,RNN,a,12,General_Practice,60,11.901762639988426,0.4382493134471272,normal,3
A002261,S027,Q0111,LSTM,1,2026-09-11 03:51:57,a,1,15.0,RNN,a,12,General_Practice,60,7.361484862210649,0.6003399218937588,fast,4
A002265,S027,Q0120,LSTM,5,2026-09-14 14:54:57,b,1,47.0,RNN,b,12,General_Practice,60,3.9010681955439814,0.76307310317943,fast,5
A002276,S027,Q0110,LSTM,2,2026-09-17 07:30:57,a,1,26.0,RNN,a,12,General_Practice,60,1.2094015288773148,0.9195881925060542,fast,6
A002213,S027,Q0066,ML,2,2026-08-31 17:03:57,d,0,23.0,AI_Basics;Statistics,a,12,General_Practice,60,17.811484862210648,0.2909516864956064,fast,1
A002224,S027,Q0069,ML,5,2026-09-01 08:51:57,b,0,61.0,AI_Basics;Statistics,a,12,General_Practice,60,17.153151528877313,0.30453603356703524,normal,2
A002238,S027,Q0066,ML,2,2026-09-04 09:09:57,a,1,18.0,AI_Basics;Statistics,a,12,General_Practice,60,14.140651528877314,0.37525282737544324,fast,3
A002242,S027,Q0063,ML,2,2026-09-06 08:26:57,b,1,28.0,AI_Basics;Statistics,b,12,General_Practice,60,12.170512639988425,0.4301610299088014,fast,4
A002264,S027,Q0065,ML,1,2026-09-13 05:17:57,b,1,6.0,AI_Basics;Statistics,b,12,General_Practice,60,5.301762639988426,0.6924701250379856,fast,5
A002201,S027,Q0010,Math_Basics,2,2026-08-29 08:34:57,b,1,28.0,,b,12,General_Practice,60,20.16495708443287,0.24715779135614177,fast,1
A002219,S027,Q0003,Math_Basics,1,2026-09-01 14:14:57,b,1,16.0,,b,12,General_Practice,60,16.92884597332176,0.3093078605377928,fast,2
A002228,S027,Q0007,Math_Basics,5,2026-09-02 06:54:57,b,0,53.0,,c,12,General_Practice,60,16.234401528877314,0.32456061513980256,normal,3
A002233,S027,Q0002,Math_Basics,4,2026-09-03 17:07:57,c,1,39.0,,c,12,General_Practice,60,14.80870708443287,0.3582725188491446,fast,4
A002247,S027,Q0001,Math_Basics,5,2026-09-07 10:57:57,b,0,57.0,,c,12,General_Practice,60,11.065651528877316,0.46439838079252466,normal,5
A002244,S027,Q0002,Math_Basics,4,2026-09-07 12:57:57,c,1,42.0,,c,12,General_Practice,60,10.982318195543982,0.46708861324446227,fast,6
A002249,S027,Q0007,Math_Basics,5,2026-09-08 10:34:57,b,0,52.0,,c,12,General_Practice,60,10.081623751099537,0.4971791237518574,normal,7
A002251,S027,Q0012,Math_Basics,4,2026-09-08 12:23:57,a,1,39.0,,a,12,General_Practice,60,10.005929306655093,0.49979454811251195,fast,8
A002272,S027,Q0009,Math_Basics,2,2026-09-16 21:22:57,a,1,20.0,,a,12,General_Practice,60,1.6316237510995373,0.8930653323272219,fast,9
A002199,S027,Q0127,NLP,3,2026-08-28 18:08:57,b,1,34.0,LSTM,b,12,General_Practice,60,20.76634597332176,0.23706677743763746,fast,1
A002216,S027,Q0128,NLP,1,2026-09-01 08:19:57,b,1,12.0,LSTM,b,12,General_Practice,60,17.175373751099535,0.3040673095581916,fast,2
A002226,S027,Q0130,NLP,2,2026-09-03 02:55:57,a,1,21.0,LSTM,a,12,General_Practice,60,15.400373751099536,0.3438765457982818,fast,3
A002252,S027,Q0121,NLP,3,2026-09-09 11:37:57,a,1,34.0,LSTM,a,12,General_Practice,60,9.037873751099538,0.5344817619064842,fast,4
A002263,S027,Q0130,NLP,2,2026-09-12 17:26:57,d,0,32.0,LSTM,a,12,General_Practice,60,5.795512639988425,0.6691718843123912,normal,5
A002270,S027,Q0132,NLP,3,2026-09-15 11:17:57,a,1,28.0,LSTM,a,12,General_Practice,60,3.051762639988426,0.8093433274527584,fast,6
A002275,S027,Q0127,NLP,3,2026-09-17 21:19:57,d,0,41.0,LSTM,b,12,General_Practice,60,0.6337070844328704,0.9570255136171323,normal,7
A002206,S027,Q0076,Neural_Networks,2,2026-08-31 03:08:57,b,1,22.0,ML,b,12,General_Practice,60,18.39134597332176,0.2794893863499988,fast,1
A002232,S027,Q0079,Neural_Networks,5,2026-09-03 18:21:57,a,0,41.0,ML,b,12,General_Practice,60,14.75731819554398,0.3595509633964254,fast,2
A002239,S027,Q0082,Neural_Networks,2,2026-09-06 02:53:57,b,1,28.0,ML,b,12,General_Practice,60,12.401762639988425,0.42332093298495205,fast,3
A002256,S027,Q0083,Neural_Networks,4,2026-09-10 22:48:57,b,1,34.0,ML,b,12,General_Practice,60,7.571901528877316,0.5916475242633175,fast,4
A002267,S027,Q0073,Neural_Networks,5,2026-09-14 06:51:57,a,1,42.0,ML,a,12,General_Practice,60,4.236484862210648,0.7455368219033497,fast,5
A002266,S027,Q0076,Neural_Networks,2,2026-09-14 21:11:57,b,1,23.0,ML,b,12,General_Practice,60,3.639262639988426,0.7770469825637477,fast,6
A002217,S027,Q0014,Python,3,2026-09-01 20:48:57,a,1,29.0,,a,12,General_Practice,60,16.655234862210648,0.315229949321121,fast,1
A002227,S027,Q0015,Python,2,2026-09-02 19:19:57,b,1,23.0,,b,12,General_Practice,60,15.717040417766203,0.3364108072426607,fast,2
A002254,S027,Q0024,Python,1,2026-09-09 19:42:57,c,1,22.0,,c,12,General_Practice,60,8.701068195543982,0.5471063404619333,normal,3
A002262,S027,Q0023,Python,4,2026-09-12 04:50:57,b,1,29.0,,b,12,General_Practice,60,6.320512639988427,0.6452583165345449,fast,4
A002204,S027,Q0104,RNN,2,2026-08-29 21:58:57,b,1,21.0,Neural_Networks,b,12,General_Practice,60,19.606623751099537,0.25691047596075683,fast,1
A002212,S027,Q0099,RNN,2,2026-08-31 03:35:57,a,1,13.0,Neural_Networks,a,12,General_Practice,60,18.372595973321758,0.279852861144292,fast,2
A002215,S027,Q0107,RNN,1,2026-09-01 01:37:57,a,1,23.0,Neural_Networks,a,12,General_Practice,60,17.454540417766204,0.29824005953780186,normal,3
A002218,S027,Q0103,RNN,3,2026-09-01 17:46:57,d,0,31.0,Neural_Networks,b,12,General_Practice,60,16.781623751099538,0.312480404044564,fast,4
A002225,S027,Q0097,RNN,2,2026-09-02 21:51:57,b,1,31.0,Neural_Networks,b,12,General_Practice,60,15.611484862210647,0.3388812013010734,normal,5
A002230,S027,Q0108,RNN,5,2026-09-03 16:36:57,b,1,35.0,Neural_Networks,b,12,General_Practice,60,14.830234862210647,0.3577383061905115,fast,6
A002236,S027,Q0103,RNN,3,2026-09-04 05:40:57,b,1,23.0,Neural_Networks,b,12,General_Practice,60,14.285790417766203,0.3714966118648023,fast,7
A002245,S027,Q0108,RNN,5,2026-09-07 08:31:57,b,1,57.0,Neural_Networks,b,12,General_Practice,60,11.167040417766204,0.46114614997758074,normal,8
A002258,S027,Q0107,RNN,1,2026-09-11 00:28:57,a,1,22.0,Neural_Networks,a,12,General_Practice,60,7.502457084432871,0.5945022979351821,normal,9
A002277,S027,Q0101,RNN,1,2026-09-17 12:06:57,b,1,24.0,Neural_Networks,b,12,General_Practice,60,1.0177348622106481,0.9318867309200686,normal,10
A002209,S027,Q0047,Statistics,5,2026-08-31 06:46:57,a,0,34.0,Math_Basics,b,12,General_Practice,60,18.23995708443287,0.28243764380301467,fast,1
A002211,S027,Q0041,Statistics,4,2026-08-31 09:33:57,b,1,40.0,Math_Basics,b,12,General_Practice,60,18.123984862210648,0.2847171918218996,fast,2
A002248,S027,Q0037,Statistics,4,2026-09-08 23:19:57,c,1,43.0,Math_Basics,c,12,General_Practice,60,9.550373751099537,0.515828226198353,fast,3
A002257,S027,Q0040,Statistics,3,2026-09-10 20:55:57,b,1,33.0,Math_Basics,b,12,General_Practice,60,7.650373751099537,0.5884381240678509,fast,4
A002269,S027,Q0041,Statistics,4,2026-09-16 00:22:57,d,0,40.0,Math_Basics,b,12,General_Practice,60,2.506623751099537,0.8405104286134495,fast,5
A002274,S027,Q0046,Statistics,3,2026-09-17 10:11:57,c,1,32.0,Math_Basics,c,12,General_Practice,60,1.0975959733217593,0.9267424762302228,fast,6
A002306,S028,Q0058,AI_Basics,5,2026-08-31 10:35:57,b,1,43.0,Python;Math_Basics,b,10,Coding_Interview,45,18.08092930665509,0.28556816635224913,fast,1
A002316,S028,Q0059,AI_Basics,4,2026-09-02 08:58:57,d,0,44.0,Python;Math_Basics,a,10,Coding_Interview,45,16.1482904177662,0.3265036349028986,normal,2
A002322,S028,Q0055,AI_Basics,3,2026-09-04 02:57:57,a,1,42.0,Python;Math_Basics,a,10,Coding_Interview,45,14.398984862210646,0.36859323910119113,normal,3
A002324,S028,Q0059,AI_Basics,4,2026-09-04 04:18:57,b,0,39.0,Python;Math_Basics,a,10,Coding_Interview,45,14.342734862210648,0.3700331720675247,fast,4
A002335,S028,Q0056,AI_Basics,1,2026-09-06 05:59:57,b,1,16.0,Python;Math_Basics,b,10,Coding_Interview,45,12.272595973321758,0.42712800647543625,fast,5
A002338,S028,Q0052,AI_Basics,3,2026-09-06 17:04:57,b,1,37.0,Python;Math_Basics,b,10,Coding_Interview,45,11.810790417766205,0.44102151943286244,normal,6
A002340,S028,Q0060,AI_Basics,1,2026-09-07 00:54:57,b,1,21.0,Python;Math_Basics,b,10,Coding_Interview,45,11.484401528877315,0.45111271242604817,normal,7
A002343,S028,Q0058,AI_Basics,5,2026-09-08 04:18:57,d,0,45.0,Python;Math_Basics,b,10,Coding_Interview,45,10.342734862210648,0.48826169779148637,fast,8
A002349,S028,Q0050,AI_Basics,3,2026-09-11 19:05:57,b,1,33.0,Python;Math_Basics,b,10,Coding_Interview,45,6.726762639988427,0.6273418599080381,fast,9
A002278,S028,Q0090,CNN,1,2026-08-28 08:36:57,a,1,19.0,Neural_Networks,a,10,Coding_Interview,45,21.16356819554398,0.2306285750967562,fast,1
A002288,S028,Q0087,CNN,1,2026-08-29 14:47:57,b,1,18.0,Neural_Networks,b,10,Coding_Interview,45,19.905929306655093,0.25163544705499186,fast,2
A002289,S028,Q0088,CNN,2,2026-08-29 22:42:57,b,1,28.0,Neural_Networks,b,10,Coding_Interview,45,19.576068195543982,0.25745517605105367,fast,3
A002295,S028,Q0095,CNN,5,2026-08-30 10:24:57,a,0,51.0,Neural_Networks,b,10,Coding_Interview,45,19.08856819554398,0.2663034788582035,normal,4
A002298,S028,Q0088,CNN,2,2026-08-31 11:52:57,b,1,17.0,Neural_Networks,b,10,Coding_Interview,45,18.027457084432868,0.28662856355340666,fast,5
A002344,S028,Q0093,CNN,4,2026-09-09 02:26:57,b,1,36.0,Neural_Networks,b,10,Coding_Interview,45,9.420512639988427,0.5204923036021329,fast,6
A002351,S028,Q0087,CNN,1,2026-09-13 02:40:57,b,1,16.0,Neural_Networks,b,10,Coding_Interview,45,5.410790417766203,0.6872566936202824,fast,7
A002365,S028,Q0091,CNN,2,2026-09-18 00:41:57,b,1,25.0,Neural_Networks,b,10,Coding_Interview,45,0.49342930665509255,0.9663763607247353,fast,8
A002282,S028,Q0027,Data_Structures,2,2026-08-29 01:55:57,d,0,35.0,Python,b,10,Coding_Interview,45,20.442040417766204,0.24245618434413985,normal,1
A002296,S028,Q0036,Data_Structures,4,2026-08-30 05:39:57,d,0,56.0,Python,b,10,Coding_Interview,45,19.286484862210646,0.26267512920775254,slow,2
A002293,S028,Q0032,Data_Structures,5,2026-08-31 01:45:57,d,0,82.0,Python,c,10,Coding_Interview,45,18.448984862210647,0.2783749914430765,slow,3
A002334,S028,Q0033,Data_Structures,2,2026-09-06 10:27:57,c,0,45.0,Python,b,10,Coding_Interview,45,12.086484862210648,0.43267375375020817,slow,4
A002342,S028,Q0025,Data_Structures,4,2026-09-07 04:08:57,d,0,61.0,Python,c,10,Coding_Interview,45,11.349679306655093,0.4553450384430698,slow,5
A002350,S028,Q0027,Data_Structures,2,2026-09-11 11:59:57,b,1,36.0,Python,b,10,Coding_Interview,45,7.02259597332176,0.6146088314805841,normal,6
A002355,S028,Q0036,Data_Structures,4,2026-09-12 16:45:57,d,0,61.0,Python,b,10,Coding_Interview,45,5.823984862210648,0.6678525464317614,slow,7
A002360,S028,Q0035,Data_Structures,4,2026-09-15 10:15:57,b,0,61.0,Python,c,10,Coding_Interview,45,3.094818195543981,0.8069315370674076,slow,8
A002281,S028,Q0114,LSTM,2,2026-08-28 15:46:57,c,1,21.0,RNN,c,10,Coding_Interview,45,20.86495708443287,0.2354519035584761,fast,1
A002283,S028,Q0119,LSTM,4,2026-08-29 22:07:57,b,1,33.0,RNN,b,10,Coding_Interview,45,19.600373751099536,0.2570217980548698,fast,2
A002318,S028,Q0118,LSTM,4,2026-09-03 13:47:57,d,0,45.0,RNN,b,10,Coding_Interview,45,14.947595973321759,0.3548399626793622,normal,3
A002327,S028,Q0109,LSTM,4,2026-09-04 18:01:57,a,1,43.0,RNN,a,10,Coding_Interview,45,13.77120708443287,0.3849863744543937,fast,4
A002356,S028,Q0114,LSTM,2,2026-09-12 04:56:57,c,1,32.0,RNN,c,10,Coding_Interview,45,6.316345973321759,0.6454447013577894,normal,5
A002364,S028,Q0109,LSTM,4,2026-09-17 14:29:57,a,1,30.0,RNN,a,10,Coding_Interview,45,0.9184293066550926,0.9383233482354935,fast,6
A002285,S028,Q0069,ML,5,2026-08-29 06:42:57,c,0,60.0,AI_Basics;Statistics,a,10,Coding_Interview,45,20.242734862210646,0.2458289132356268,normal,1
A002303,S028,Q0067,ML,3,2026-08-31 13:23:57,b,1,28.0,AI_Basics;Statistics,b,10,Coding_Interview,45,17.964262639988426,0.287886837912879,fast,2
A002311,S028,Q0062,ML,2,2026-09-01 22:33:57,a,1,28.0,AI_Basics;Statistics,a,10,Coding_Interview,45,16.58231819554398,0.31682721701448485,fast,3
A002329,S028,Q0067,ML,3,2026-09-05 13:21:57,d,0,37.0,AI_Basics;Statistics,b,10,Coding_Interview,45,12.965651528877315,0.40709427757262984,normal,4
A002336,S028,Q0070,ML,5,2026-09-06 22:16:57,d,0,55.0,AI_Basics;Statistics,b,10,Coding_Interview,45,11.594123751099538,0.44769484916119073,normal,5
A002346,S028,Q0071,ML,3,2026-09-08 09:12:57,b,1,32.0,AI_Basics;Statistics,b,10,Coding_Interview,45,10.138568195543982,0.49522058175487454,fast,6
A002352,S028,Q0068,ML,2,2026-09-12 11:38:57,b,1,35.0,AI_Basics;Statistics,b,10,Coding_Interview,45,6.0371793066550925,0.6580559101101499,normal,7
A002359,S028,Q0063,ML,2,2026-09-15 18:26:57,b,1,25.0,AI_Basics;Statistics,b,10,Coding_Interview,45,2.7538459733217593,0.8262300302793774,fast,8
A002284,S028,Q0011,Math_Basics,1,2026-08-29 06:03:57,c,1,20.0,,c,10,Coding_Interview,45,20.26981819554398,0.24536785800206207,fast,1
A002294,S028,Q0012,Math_Basics,4,2026-08-30 21:44:57,a,1,33.0,,a,10,Coding_Interview,45,18.61634597332176,0.2751643365422,fast,2
A002304,S028,Q0009,Math_Basics,2,2026-08-31 04:45:57,a,1,14.0,,a,10,Coding_Interview,45,18.323984862210647,0.2807974061062666,fast,3
A002300,S028,Q0009,Math_Basics,2,2026-08-31 09:51:57,a,1,36.0,,a,10,Coding_Interview,45,18.11148486221065,0.284963987370945,normal,4
A002309,S028,Q0011,Math_Basics,1,2026-09-01 10:53:57,c,1,17.0,,c,10,Coding_Interview,45,17.06842930665509,0.3063296819368405,fast,5
A002319,S028,Q0003,Math_Basics,1,2026-09-03 06:56:57,b,1,27.0,,b,10,Coding_Interview,45,15.233012639988425,0.3478889441015568,slow,6
A002331,S028,Q0007,Math_Basics,5,2026-09-05 15:59:57,a,0,53.0,,c,10,Coding_Interview,45,12.855929306655092,0.41020218149257914,normal,7
A002341,S028,Q0004,Math_Basics,2,2026-09-07 06:55:57,b,1,26.0,,b,10,Coding_Interview,45,11.23370708443287,0.4590201182458736,fast,8
A002347,S028,Q0008,Math_Basics,5,2026-09-09 17:30:57,a,1,44.0,,a,10,Coding_Interview,45,8.792734862210649,0.5436411296740825,fast,9
A002348,S028,Q0006,Math_Basics,5,2026-09-10 17:49:57,b,1,53.0,,b,10,Coding_Interview,45,7.779540417766204,0.583193262693822,normal,10
A002280,S028,Q0123,NLP,3,2026-08-28 12:25:57,c,0,33.0,LSTM,a,10,Coding_Interview,45,21.004540417766204,0.23318484891747163,fast,1
A002290,S028,Q0132,NLP,3,2026-08-29 05:53:57,c,0,30.0,LSTM,a,10,Coding_Interview,45,20.276762639988426,0.24524977806296291,fast,2
A002287,S028,Q0126,NLP,2,2026-08-29 08:11:57,b,1,19.0,LSTM,b,10,Coding_Interview,45,20.18092930665509,0.24688431188783727,fast,3
A002297,S028,Q0122,NLP,5,2026-08-30 12:24:57,a,0,51.0,LSTM,b,10,Coding_Interview,45,19.005234862210646,0.2678461592173935,normal,4
A002299,S028,Q0123,NLP,3,2026-08-31 07:52:57,a,1,25.0,LSTM,a,10,Coding_Interview,45,18.194123751099536,0.28333635370615357,fast,5
A002302,S028,Q0122,NLP,5,2026-08-31 11:13:57,c,0,52.0,LSTM,b,10,Coding_Interview,45,18.0545404177662,0.286090988060044,normal,6
A002315,S028,Q0123,NLP,3,2026-09-02 17:30:57,a,1,40.0,LSTM,a,10,Coding_Interview,45,15.792734862210647,0.334650369831383,normal,7
A002313,S028,Q0131,NLP,1,2026-09-03 03:18:57,a,1,21.0,LSTM,a,10,Coding_Interview,45,15.384401528877314,0.3442574658097163,normal,8
A002325,S028,Q0128,NLP,1,2026-09-04 15:51:57,b,1,22.0,LSTM,b,10,Coding_Interview,45,13.861484862210647,0.3825848137268531,normal,9
A002332,S028,Q0125,NLP,1,2026-09-06 03:42:57,a,1,18.0,LSTM,a,10,Coding_Interview,45,12.367734862210646,0.42432056708677585,fast,10
A002337,S028,Q0123,NLP,3,2026-09-06 13:34:57,a,1,40.0,LSTM,a,10,Coding_Interview,45,11.956623751099537,0.4365859550908518,normal,11
A002354,S028,Q0124,NLP,2,2026-09-12 04:47:57,a,1,33.0,LSTM,a,10,Coding_Interview,45,6.32259597332176,0.6451651443072475,normal,12
A002353,S028,Q0122,NLP,5,2026-09-12 11:01:57,a,0,47.0,LSTM,b,10,Coding_Interview,45,6.062873751099537,0.6568849534949546,fast,13
A002362,S028,Q0123,NLP,3,2026-09-15 08:35:57,a,1,29.0,LSTM,a,10,Coding_Interview,45,3.1642626399884257,0.8030566876092675,fast,14
A002286,S028,Q0082,Neural_Networks,2,2026-08-29 08:26:57,b,1,22.0,ML,b,10,Coding_Interview,45,20.170512639988424,0.2470626337200353,fast,1
A002291,S028,Q0082,Neural_Networks,2,2026-08-29 16:23:57,b,1,21.0,ML,b,10,Coding_Interview,45,19.839262639988426,0.2528009405137658,fast,2
A002292,S028,Q0076,Neural_Networks,2,2026-08-30 15:39:57,b,1,17.0,ML,b,10,Coding_Interview,45,18.86981819554398,0.2703720980041579,fast,3
A002301,S028,Q0083,Neural_Networks,4,2026-08-31 23:31:57,b,1,43.0,ML,b,10,Coding_Interview,45,17.542040417766202,0.2964366965546785,fast,4
A002310,S028,Q0078,Neural_Networks,3,2026-09-01 05:32:57,b,1,29.0,ML,b,10,Coding_Interview,45,17.291345973321757,0.30163283755221376,fast,5
A002317,S028,Q0078,Neural_Networks,3,2026-09-03 00:22:57,b,1,39.0,ML,b,10,Coding_Interview,45,15.506623751099536,0.3413533049018405,normal,6
A002320,S028,Q0081,Neural_Networks,5,2026-09-03 18:46:57,c,0,50.0,ML,b,10,Coding_Interview,45,14.73995708443287,0.35998390046414463,fast,7
A002330,S028,Q0076,Neural_Networks,2,2026-09-05 08:16:57,b,1,26.0,ML,b,10,Coding_Interview,45,13.17745708443287,0.40116128622520214,fast,8
A002358,S028,Q0075,Neural_Networks,5,2026-09-15 01:18:57,a,0,45.0,ML,b,10,Coding_Interview,45,3.467734862210648,0.7863407437543174,fast,9
A002305,S028,Q0022,Python,4,2026-09-01 01:12:57,a,1,35.0,,a,10,Coding_Interview,45,17.471901528877314,0.2978813791171324,fast,1
A002326,S028,Q0020,Python,2,2026-09-04 03:23:57,c,1,20.0,,c,10,Coding_Interview,45,14.380929306655093,0.36905482812528734,fast,2
A002333,S028,Q0022,Python,4,2026-09-06 14:55:57,a,1,40.0,,a,10,Coding_Interview,45,11.900373751099538,0.438291505933039,fast,3
A002307,S028,Q0104,RNN,2,2026-08-31 16:26:57,b,1,23.0,Neural_Networks,b,10,Coding_Interview,45,17.83717930665509,0.29043396179050157,fast,1
A002312,S028,Q0100,RNN,3,2026-09-01 19:23:57,b,1,17.0,Neural_Networks,b,10,Coding_Interview,45,16.714262639988426,0.3139428228765442,fast,2
A002308,S028,Q0099,RNN,2,2026-09-02 02:37:57,a,1,28.0,Neural_Networks,a,10,Coding_Interview,45,16.412873751099536,0.3205702888935445,fast,3
A002314,S028,Q0102,RNN,2,2026-09-02 13:16:57,a,1,21.0,Neural_Networks,a,10,Coding_Interview,45,15.969123751099536,0.33058372932184343,fast,4
A002363,S028,Q0107,RNN,1,2026-09-16 21:57:57,a,1,19.0,Neural_Networks,a,10,Coding_Interview,45,1.6073181955439817,0.8945711768396888,fast,5
A002279,S028,Q0039,Statistics,3,2026-08-28 16:14:57,b,1,27.0,Math_Basics,b,10,Coding_Interview,45,20.845512639988424,0.23576945632973675,fast,1
A002321,S028,Q0047,Statistics,5,2026-09-03 20:22:57,b,1,41.0,Math_Basics,b,10,Coding_Interview,45,14.673290417766204,0.36165122868107596,fast,2
A002328,S028,Q0038,Statistics,2,2026-09-04 12:00:57,b,1,26.0,Math_Basics,b,10,Coding_Interview,45,14.021901528877313,0.3783543263656354,fast,3
A002323,S028,Q0042,Statistics,5,2026-09-04 20:56:57,b,1,41.0,Math_Basics,b,10,Coding_Interview,45,13.649679306655091,0.3882430675699829,fast,4
A002339,S028,Q0038,Statistics,2,2026-09-06 10:14:57,b,1,28.0,Math_Basics,b,10,Coding_Interview,45,12.095512639988426,0.43240308943707156,fast,5
A002345,S028,Q0048,Statistics,4,2026-09-08 04:24:57,b,1,36.0,Math_Basics,b,10,Coding_Interview,45,10.338568195543981,0.48840273366488457,fast,6
A002357,S028,Q0043,Statistics,4,2026-09-15 00:04:57,c,1,37.0,Math_Basics,c,10,Coding_Interview,45,3.519123751099537,0.7835447756204508,fast,7
A002361,S028,Q0043,Statistics,4,2026-09-15 12:28:57,c,1,44.0,Math_Basics,c,10,Coding_Interview,45,3.0024570844328706,0.8121140717124542,normal,8
A002375,S029,Q0051,AI_Basics,3,2026-08-28 19:13:57,b,1,33.0,Python;Math_Basics,b,9,Entrance_Exam,30,20.72120708443287,0.23780967102044231,fast,1
A002380,S029,Q0053,AI_Basics,4,2026-08-29 19:13:57,a,0,42.0,Python;Math_Basics,b,9,Entrance_Exam,30,19.72120708443287,0.25487809453419624,fast,2
A002392,S029,Q0051,AI_Basics,3,2026-08-31 14:58:57,b,1,38.0,Python;Math_Basics,b,9,Entrance_Exam,30,17.8982904177662,0.28920631466584346,normal,3
A002403,S029,Q0052,AI_Basics,3,2026-09-02 18:03:57,b,1,29.0,Python;Math_Basics,b,9,Entrance_Exam,30,15.76981819554398,0.3351823717444129,fast,4
A002406,S029,Q0050,AI_Basics,3,2026-09-03 11:44:57,b,1,32.0,Python;Math_Basics,b,9,Entrance_Exam,30,15.033012639988424,0.3527452927859171,fast,5
A002389,S029,Q0093,CNN,4,2026-09-01 03:15:57,d,0,56.0,Neural_Networks,b,9,Entrance_Exam,30,17.386484862210647,0.29965025646125404,slow,1
A002394,S029,Q0093,CNN,4,2026-09-01 09:49:57,d,0,63.0,Neural_Networks,b,9,Entrance_Exam,30,17.112873751099535,0.3053874382439129,slow,2
A002396,S029,Q0086,CNN,2,2026-09-02 02:01:57,b,1,35.0,Neural_Networks,b,9,Entrance_Exam,30,16.437873751099538,0.32001526394510965,normal,3
A002416,S029,Q0086,CNN,2,2026-09-05 20:43:57,b,1,38.0,Neural_Networks,b,9,Entrance_Exam,30,12.65870708443287,0.41584831504431724,slow,4
A002383,S029,Q0035,Data_Structures,4,2026-08-30 08:20:57,b,0,36.0,Python,c,9,Entrance_Exam,30,19.17467930665509,0.26471870960270477,fast,1
A002387,S029,Q0036,Data_Structures,4,2026-08-30 10:25:57,b,1,50.0,Python,b,9,Entrance_Exam,30,19.087873751099536,0.26631629774349486,normal,2
A002402,S029,Q0036,Data_Structures,4,2026-09-02 08:25:57,b,1,46.0,Python,b,9,Entrance_Exam,30,16.17120708443287,0.3259854078927025,normal,3
A002400,S029,Q0028,Data_Structures,5,2026-09-02 14:01:57,c,0,53.0,Python,b,9,Entrance_Exam,30,15.937873751099536,0.33130057785621236,normal,4
A002417,S029,Q0030,Data_Structures,2,2026-09-05 05:01:57,c,1,32.0,Python,c,9,Entrance_Exam,30,13.312873751099536,0.39741345551299245,normal,5
A002441,S029,Q0026,Data_Structures,2,2026-09-12 02:21:57,a,1,20.0,Python,a,9,Entrance_Exam,30,6.423984862210649,0.6406469847919988,fast,6
A002444,S029,Q0033,Data_Structures,2,2026-09-12 23:22:57,b,1,37.0,Python,b,9,Entrance_Exam,30,5.548290417766204,0.6807377203528837,slow,7
A002445,S029,Q0036,Data_Structures,4,2026-09-13 14:24:57,d,0,35.0,Python,b,9,Entrance_Exam,30,4.9219015288773145,0.7109449937681144,fast,8
A002452,S029,Q0034,Data_Structures,3,2026-09-17 19:23:57,a,0,35.0,Python,b,9,Entrance_Exam,30,0.7142626399884259,0.9516966751420353,normal,9
A002374,S029,Q0110,LSTM,2,2026-08-28 05:48:57,a,1,39.0,RNN,a,9,Entrance_Exam,30,21.280234862210648,0.22877106774413702,slow,1
A002369,S029,Q0118,LSTM,4,2026-08-28 19:41:57,c,0,43.0,RNN,b,9,Entrance_Exam,30,20.701762639988424,0.23813040370055163,fast,2
A002384,S029,Q0118,LSTM,4,2026-08-30 08:42:57,c,0,66.0,RNN,b,9,Entrance_Exam,30,19.159401528877314,0.2649991885447936,slow,3
A002385,S029,Q0109,LSTM,4,2026-08-30 20:42:57,b,0,50.0,RNN,a,9,Entrance_Exam,30,18.659401528877314,0.27434436474685253,normal,4
A002388,S029,Q0118,LSTM,4,2026-08-31 11:40:57,c,0,61.0,RNN,b,9,Entrance_Exam,30,18.035790417766204,0.286463048210135,slow,5
A002397,S029,Q0109,LSTM,4,2026-09-01 18:03:57,b,0,53.0,RNN,a,9,Entrance_Exam,30,16.76981819554398,0.3127362110190918,normal,6
A002409,S029,Q0114,LSTM,2,2026-09-04 13:25:57,c,1,35.0,RNN,c,9,Entrance_Exam,30,13.962873751099536,0.3799055319463941,normal,7
A002419,S029,Q0119,LSTM,4,2026-09-05 07:18:57,d,0,63.0,RNN,b,9,Entrance_Exam,30,13.217734862210648,0.4000428689214701,slow,8
A002414,S029,Q0116,LSTM,1,2026-09-05 08:57:57,b,1,35.0,RNN,b,9,Entrance_Exam,30,13.148984862210646,0.4019537774479831,slow,9
A002440,S029,Q0119,LSTM,4,2026-09-11 18:04:57,c,0,51.0,RNN,b,9,Entrance_Exam,30,6.769123751099538,0.6255025300159891,normal,10
A002366,S029,Q0065,ML,1,2026-08-28 17:51:57,d,0,30.0,AI_Basics;Statistics,b,9,Entrance_Exam,30,20.778151528877313,0.23687286533868437,slow,1
A002376,S029,Q0066,ML,2,2026-08-29 06:09:57,a,1,29.0,AI_Basics;Statistics,a,9,Entrance_Exam,30,20.265651528877314,0.2454387332525961,normal,2
A002386,S029,Q0064,ML,1,2026-08-30 06:41:57,a,1,27.0,AI_Basics;Statistics,a,9,Entrance_Exam,30,19.24342930665509,0.2634602235088086,slow,3
A002399,S029,Q0063,ML,2,2026-09-01 05:07:57,b,1,33.0,AI_Basics;Statistics,b,9,Entrance_Exam,30,17.308707084432868,0.30127007678416456,normal,4
A002412,S029,Q0066,ML,2,2026-09-04 16:29:57,b,0,31.0,AI_Basics;Statistics,a,9,Entrance_Exam,30,13.835095973321758,0.3832852547047257,normal,5
A002423,S029,Q0066,ML,2,2026-09-07 10:31:57,d,0,33.0,AI_Basics;Statistics,a,9,Entrance_Exam,30,11.08370708443287,0.4638175424480684,normal,6
A002427,S029,Q0071,ML,3,2026-09-08 14:41:57,b,1,54.0,AI_Basics;Statistics,b,9,Entrance_Exam,30,9.91009597332176,0.5031255647634952,slow,7
A002434,S029,Q0065,ML,1,2026-09-09 04:34:57,b,1,37.0,AI_Basics;Statistics,b,9,Entrance_Exam,30,9.331623751099537,0.5237091168503741,slow,8
A002430,S029,Q0061,ML,3,2026-09-09 15:11:57,c,0,45.0,AI_Basics;Statistics,b,9,Entrance_Exam,30,8.889262639988427,0.5400158793694319,normal,9
A002431,S029,Q0069,ML,5,2026-09-09 21:04:57,b,0,59.0,AI_Basics;Statistics,a,9,Entrance_Exam,30,8.644123751099537,0.5492700848297728,normal,10
A002433,S029,Q0061,ML,3,2026-09-10 02:57:57,c,0,33.0,AI_Basics;Statistics,b,9,Entrance_Exam,30,8.398984862210648,0.5586828788094036,fast,11
A002453,S029,Q0068,ML,2,2026-09-18 02:11:57,a,0,46.0,AI_Basics;Statistics,b,9,Entrance_Exam,30,0.43092930665509255,0.9705719487241468,slow,12
A002371,S029,Q0007,Math_Basics,5,2026-08-28 05:21:57,d,0,48.0,,c,9,Entrance_Exam,30,21.29898486221065,0.22847393832959922,fast,1
A002393,S029,Q0011,Math_Basics,1,2026-08-31 07:20:57,c,1,25.0,,c,9,Entrance_Exam,30,18.216345973321758,0.282900259001679,normal,2
A002390,S029,Q0004,Math_Basics,2,2026-08-31 11:23:57,b,1,27.0,,b,9,Entrance_Exam,30,18.04759597332176,0.28622873173799435,fast,3
A002418,S029,Q0001,Math_Basics,5,2026-09-05 11:28:57,c,1,47.0,,c,9,Entrance_Exam,30,13.044123751099535,0.40488598902170303,fast,4
A002428,S029,Q0004,Math_Basics,2,2026-09-08 19:09:57,b,1,27.0,,b,9,Entrance_Exam,30,9.72398486221065,0.5096580496096176,fast,5
A002447,S029,Q0001,Math_Basics,5,2026-09-14 05:17:57,c,1,42.0,,c,9,Entrance_Exam,30,4.301762639988426,0.7421711036149017,fast,6
A002451,S029,Q0007,Math_Basics,5,2026-09-16 21:42:57,c,1,40.0,,c,9,Entrance_Exam,30,1.6177348622106482,0.8939255042469392,fast,7
A002368,S029,Q0127,NLP,3,2026-08-28 14:02:57,c,0,57.0,LSTM,b,9,Entrance_Exam,30,20.937179306655093,0.23427616187654196,slow,1
A002408,S029,Q0131,NLP,1,2026-09-03 16:47:57,b,0,24.0,LSTM,a,9,Entrance_Exam,30,14.822595973321759,0.3579277742827838,normal,2
A002410,S029,Q0129,NLP,1,2026-09-04 19:05:57,b,1,35.0,LSTM,b,9,Entrance_Exam,30,13.726762639988426,0.38617421304159516,slow,3
A002425,S029,Q0121,NLP,3,2026-09-07 20:17:57,b,0,46.0,LSTM,a,9,Entrance_Exam,30,10.676762639988427,0.4770868199694119,slow,4
A002370,S029,Q0076,Neural_Networks,2,2026-08-28 14:49:57,b,1,36.0,ML,b,9,Entrance_Exam,30,20.904540417766203,0.23480677780658557,normal,1
A002367,S029,Q0075,Neural_Networks,5,2026-08-29 00:26:57,d,0,74.0,ML,b,9,Entrance_Exam,30,20.50384597332176,0.24141971536715132,slow,2
A002377,S029,Q0079,Neural_Networks,5,2026-08-29 17:29:57,c,0,44.0,ML,b,9,Entrance_Exam,30,19.793429306655092,0.25360534712792454,fast,3
A002391,S029,Q0079,Neural_Networks,5,2026-08-31 20:28:57,a,0,57.0,ML,b,9,Entrance_Exam,30,17.669123751099537,0.293836928320471,normal,4
A002398,S029,Q0084,Neural_Networks,1,2026-09-01 09:43:57,b,1,26.0,ML,b,9,Entrance_Exam,30,17.1170404177662,0.3052992516284237,normal,5
A002404,S029,Q0082,Neural_Networks,2,2026-09-02 07:18:57,c,0,42.0,ML,b,9,Entrance_Exam,30,16.217734862210648,0.3249357789266875,slow,6
A002411,S029,Q0084,Neural_Networks,1,2026-09-05 01:27:57,b,1,23.0,ML,b,9,Entrance_Exam,30,13.461484862210646,0.39334073686121335,normal,7
A002420,S029,Q0078,Neural_Networks,3,2026-09-06 05:22:57,b,1,27.0,ML,b,9,Entrance_Exam,30,12.298290417766204,0.4263679671580568,fast,8
A002421,S029,Q0075,Neural_Networks,5,2026-09-06 21:26:57,a,0,60.0,ML,b,9,Entrance_Exam,30,11.62884597332176,0.4466186502351196,normal,9
A002426,S029,Q0083,Neural_Networks,4,2026-09-07 15:15:57,b,1,51.0,ML,b,9,Entrance_Exam,30,10.886484862210649,0.47020165230036604,normal,10
A002422,S029,Q0074,Neural_Networks,3,2026-09-07 21:24:57,b,1,50.0,ML,b,9,Entrance_Exam,30,10.63023486221065,0.4786279372547964,slow,11
A002438,S029,Q0076,Neural_Networks,2,2026-09-10 19:59:57,c,0,39.0,ML,b,9,Entrance_Exam,30,7.689262639988426,0.586854082428428,slow,12
A002442,S029,Q0078,Neural_Networks,3,2026-09-11 22:17:57,b,1,48.0,ML,b,9,Entrance_Exam,30,6.593429306655093,0.6331666043691717,slow,13
A002449,S029,Q0079,Neural_Networks,5,2026-09-15 18:44:57,c,0,47.0,ML,b,9,Entrance_Exam,30,2.7413459733217596,0.8269462142676214,fast,14
A002372,S029,Q0013,Python,2,2026-08-28 03:58:57,b,1,28.0,,b,9,Entrance_Exam,30,21.356623751099537,0.22756295492316625,fast,1
A002373,S029,Q0022,Python,4,2026-08-28 10:55:57,a,1,41.0,,a,9,Entrance_Exam,30,21.067040417766204,0.23217683755360646,fast,2
A002378,S029,Q0014,Python,3,2026-08-29 12:51:57,a,1,26.0,,a,9,Entrance_Exam,30,19.98648486221065,0.2502343092244059,fast,3
A002379,S029,Q0017,Python,2,2026-08-29 22:49:57,b,1,17.0,,b,9,Entrance_Exam,30,19.57120708443287,0.25754193929986874,fast,4
A002395,S029,Q0013,Python,2,2026-09-02 00:00:57,b,1,30.0,,b,9,Entrance_Exam,30,16.521901528877315,0.31815679673659675,normal,5
A002415,S029,Q0019,Python,5,2026-09-05 09:51:57,b,1,44.0,,b,9,Entrance_Exam,30,13.111484862210647,0.4029999357279059,fast,6
A002435,S029,Q0023,Python,4,2026-09-09 18:52:57,c,0,31.0,,b,9,Entrance_Exam,30,8.735790417766204,0.545791169520934,fast,7
A002446,S029,Q0017,Python,2,2026-09-14 10:04:57,b,1,24.0,,b,9,Entrance_Exam,30,4.10245708443287,0.7524952037419407,fast,8
A002448,S029,Q0024,Python,1,2026-09-15 15:51:57,c,1,19.0,,c,9,Entrance_Exam,30,2.861484862210648,0.8200885010436642,fast,9
A002381,S029,Q0102,RNN,2,2026-08-29 09:30:57,b,0,31.0,Neural_Networks,a,9,Entrance_Exam,30,20.12606819554398,0.24782492181452742,normal,1
A002382,S029,Q0107,RNN,1,2026-08-30 03:57:57,a,1,16.0,Neural_Networks,a,9,Entrance_Exam,30,19.357318195543982,0.2613886096772217,fast,2
A002413,S029,Q0107,RNN,1,2026-09-04 22:12:57,a,1,16.0,Neural_Networks,a,9,Entrance_Exam,30,13.596901528877314,0.389665969268749,fast,3
A002437,S029,Q0097,RNN,2,2026-09-10 15:45:57,b,1,31.0,Neural_Networks,b,9,Entrance_Exam,30,7.865651528877315,0.5797226856037521,normal,4
A002450,S029,Q0106,RNN,5,2026-09-16 02:02:57,a,0,69.0,Neural_Networks,b,9,Entrance_Exam,30,2.437179306655093,0.8445659970796928,slow,5
A002401,S029,Q0037,Statistics,4,2026-09-02 05:57:57,c,1,48.0,Math_Basics,c,9,Entrance_Exam,30,16.273984862210646,0.32367133623522953,normal,1
A002405,S029,Q0045,Statistics,1,2026-09-02 15:11:57,b,1,23.0,Math_Basics,b,9,Entrance_Exam,30,15.889262639988425,0.3324187665016091,normal,2
A002407,S029,Q0042,Statistics,5,2026-09-03 10:12:57,c,0,63.0,Math_Basics,b,9,Entrance_Exam,30,15.096901528877314,0.35118663506715764,normal,3
A002424,S029,Q0039,Statistics,3,2026-09-07 05:36:57,b,1,36.0,Math_Basics,b,9,Entrance_Exam,30,11.288568195543982,0.4572779251015712,normal,4
A002429,S029,Q0038,Statistics,2,2026-09-09 03:20:57,b,1,37.0,Math_Basics,b,9,Entrance_Exam,30,9.383012639988426,0.5218469800938097,slow,5
A002432,S029,Q0047,Statistics,5,2026-09-09 06:47:57,a,0,50.0,Math_Basics,b,9,Entrance_Exam,30,9.239262639988427,0.5270726495880679,fast,6
A002436,S029,Q0037,Statistics,4,2026-09-10 16:32:57,a,0,53.0,Math_Basics,c,9,Entrance_Exam,30,7.833012639988427,0.5810357090438026,normal,7
A002443,S029,Q0040,Statistics,3,2026-09-12 06:42:57,d,0,52.0,Math_Basics,b,9,Entrance_Exam,30,6.242734862210648,0.648746391422226,slow,8
A002454,S029,Q0040,Statistics,3,2026-09-17 09:38:57,b,1,39.0,Math_Basics,b,9,Entrance_Exam,30,1.120512639988426,0.9252715493205687,normal,9
A002464,S030,Q0054,AI_Basics,4,2026-08-30 19:33:57,b,1,37.0,Python;Math_Basics,b,10,Coding_Interview,45,18.70731819554398,0.27343468801664944,fast,1
A002482,S030,Q0051,AI_Basics,3,2026-09-04 03:37:57,b,1,35.0,Python;Math_Basics,b,10,Coding_Interview,45,14.37120708443287,0.3693036154432205,normal,2
A002489,S030,Q0049,AI_Basics,4,2026-09-05 12:01:57,a,1,39.0,Python;Math_Basics,a,10,Coding_Interview,45,13.02120708443287,0.40552964622377646,fast,3
A002493,S030,Q0060,AI_Basics,1,2026-09-06 19:37:57,b,1,17.0,Python;Math_Basics,b,10,Coding_Interview,45,11.704540417766204,0.4442814952938364,fast,4
A002508,S030,Q0049,AI_Basics,4,2026-09-10 20:23:57,a,1,52.0,Python;Math_Basics,a,10,Coding_Interview,45,7.6725959733217595,0.5875324346056258,normal,5
A002512,S030,Q0060,AI_Basics,1,2026-09-12 02:56:57,d,0,20.0,Python;Math_Basics,b,10,Coding_Interview,45,6.399679306655093,0.6417272134287589,fast,6
A002518,S030,Q0059,AI_Basics,4,2026-09-13 18:09:57,d,0,52.0,Python;Math_Basics,a,10,Coding_Interview,45,4.7656515288773145,0.7186866771722799,normal,7
A002521,S030,Q0058,AI_Basics,5,2026-09-15 07:28:57,b,1,54.0,Python;Math_Basics,b,10,Coding_Interview,45,3.2107904177662037,0.8004709535848042,normal,8
A002462,S030,Q0093,CNN,4,2026-08-29 14:52:57,b,1,63.0,Neural_Networks,b,10,Coding_Interview,45,19.902457084432868,0.251696016982683,slow,1
A002463,S030,Q0085,CNN,5,2026-08-29 21:12:57,d,0,63.0,Neural_Networks,b,10,Coding_Interview,45,19.638568195543982,0.2563422489275714,normal,2
A002481,S030,Q0095,CNN,5,2026-09-03 17:14:57,a,0,48.0,Neural_Networks,b,10,Coding_Interview,45,14.803845973321758,0.3583932578770922,fast,3
A002492,S030,Q0094,CNN,5,2026-09-05 09:42:57,c,0,58.0,Neural_Networks,a,10,Coding_Interview,45,13.117734862210646,0.4028253871210869,normal,4
A002500,S030,Q0091,CNN,2,2026-09-09 02:16:57,c,0,31.0,Neural_Networks,b,10,Coding_Interview,45,9.42745708443287,0.5202418237715174,normal,5
A002511,S030,Q0090,CNN,1,2026-09-10 22:24:57,a,1,18.0,Neural_Networks,a,10,Coding_Interview,45,7.588568195543982,0.5909644208930548,fast,6
A002457,S030,Q0034,Data_Structures,3,2026-08-28 14:31:57,b,1,41.0,Python,b,10,Coding_Interview,45,20.917040417766202,0.23460342134676404,normal,1
A002467,S030,Q0036,Data_Structures,4,2026-08-31 02:55:57,b,1,49.0,Python,b,10,Coding_Interview,45,18.400373751099536,0.2793145483753592,normal,2
A002474,S030,Q0036,Data_Structures,4,2026-09-03 02:15:57,b,1,51.0,Python,b,10,Coding_Interview,45,15.428151528877313,0.34321507985942096,normal,3
A002485,S030,Q0025,Data_Structures,4,2026-09-04 23:19:57,c,1,44.0,Python,c,10,Coding_Interview,45,13.550373751099537,0.3909246939612583,normal,4
A002490,S030,Q0032,Data_Structures,5,2026-09-05 11:07:57,a,0,57.0,Python,c,10,Coding_Interview,45,13.05870708443287,0.4044769210009179,normal,5
A002495,S030,Q0031,Data_Structures,3,2026-09-06 18:06:57,c,1,36.0,Python,c,10,Coding_Interview,45,11.767734862210649,0.44233966280865183,normal,6
A002497,S030,Q0030,Data_Structures,2,2026-09-07 18:32:57,c,1,29.0,Python,c,10,Coding_Interview,45,10.749679306655093,0.47468161194578434,normal,7
A002502,S030,Q0036,Data_Structures,4,2026-09-09 06:37:57,a,0,47.0,Python,b,10,Coding_Interview,45,9.246207084432871,0.5268190030555884,normal,8
A002503,S030,Q0027,Data_Structures,2,2026-09-09 19:59:57,c,0,33.0,Python,b,10,Coding_Interview,45,8.689262639988426,0.5475542201237842,normal,9
A002509,S030,Q0034,Data_Structures,3,2026-09-10 06:29:57,b,1,54.0,Python,b,10,Coding_Interview,45,8.251762639988426,0.5644132399338485,slow,10
A002515,S030,Q0028,Data_Structures,5,2026-09-12 05:31:57,d,0,59.0,Python,b,10,Coding_Interview,45,6.292040417766204,0.646533019677243,normal,11
A002517,S030,Q0029,Data_Structures,1,2026-09-13 11:01:57,b,1,25.0,Python,b,10,Coding_Interview,45,5.062873751099537,0.7040318610952794,normal,12
A002461,S030,Q0111,LSTM,1,2026-08-29 14:20:57,a,1,32.0,RNN,a,10,Coding_Interview,45,19.92467930665509,0.2513086212295163,slow,1
A002488,S030,Q0115,LSTM,4,2026-09-05 05:16:57,c,0,61.0,RNN,a,10,Coding_Interview,45,13.30245708443287,0.3977005028955714,slow,2
A002496,S030,Q0114,LSTM,2,2026-09-07 07:07:57,c,1,29.0,RNN,c,10,Coding_Interview,45,11.225373751099538,0.4592853352534937,normal,3
A002499,S030,Q0115,LSTM,4,2026-09-08 09:48:57,a,1,55.0,RNN,a,10,Coding_Interview,45,10.113568195543982,0.49607947759147897,slow,4
A002524,S030,Q0117,LSTM,5,2026-09-15 11:35:57,c,0,53.0,RNN,b,10,Coding_Interview,45,3.0392626399884257,0.8100448738876148,normal,5
A002460,S030,Q0066,ML,2,2026-08-29 11:58:57,a,1,32.0,AI_Basics;Statistics,a,10,Coding_Interview,45,20.0232904177662,0.24959673341285096,normal,1
A002465,S030,Q0064,ML,1,2026-08-30 14:48:57,a,1,19.0,AI_Basics;Statistics,a,10,Coding_Interview,45,18.905234862210648,0.2697091765853299,fast,2
A002466,S030,Q0067,ML,3,2026-08-30 16:47:57,a,0,36.0,AI_Basics;Statistics,b,10,Coding_Interview,45,18.822595973321757,0.271258528547305,normal,3
A002470,S030,Q0067,ML,3,2026-09-01 00:04:57,b,1,38.0,AI_Basics;Statistics,b,10,Coding_Interview,45,17.519123751099535,0.2969079492526475,normal,4
A002473,S030,Q0070,ML,5,2026-09-02 20:25:57,d,0,55.0,AI_Basics;Statistics,b,10,Coding_Interview,45,15.67120708443287,0.33748125847543897,normal,5
A002507,S030,Q0062,ML,2,2026-09-10 12:40:57,a,1,25.0,AI_Basics;Statistics,a,10,Coding_Interview,45,7.994123751099537,0.5745831636189903,fast,6
A002514,S030,Q0066,ML,2,2026-09-11 22:04:57,a,1,32.0,AI_Basics;Statistics,a,10,Coding_Interview,45,6.602457084432871,0.6327705193222114,normal,7
A002519,S030,Q0071,ML,3,2026-09-13 13:24:57,b,1,41.0,AI_Basics;Statistics,b,10,Coding_Interview,45,4.963568195543981,0.7088946663240463,normal,8
A002522,S030,Q0071,ML,3,2026-09-15 09:10:57,b,1,38.0,AI_Basics;Statistics,b,10,Coding_Interview,45,3.1399570844328704,0.8044107638033182,normal,9
A002525,S030,Q0065,ML,1,2026-09-16 08:02:57,b,1,19.0,AI_Basics;Statistics,b,10,Coding_Interview,45,2.187179306655093,0.8593287506690442,fast,10
A002526,S030,Q0072,ML,5,2026-09-17 16:35:57,c,0,65.0,AI_Basics;Statistics,a,10,Coding_Interview,45,0.8309293066550926,0.9440316077461244,slow,11
A002471,S030,Q0011,Math_Basics,1,2026-08-31 16:12:57,d,0,36.0,,c,10,Coding_Interview,45,17.846901528877314,0.29023830628275943,slow,1
A002472,S030,Q0012,Math_Basics,4,2026-09-01 08:09:57,b,0,72.0,,a,10,Coding_Interview,45,17.18231819554398,0.30392098130767414,slow,2
A002478,S030,Q0002,Math_Basics,4,2026-09-03 23:55:57,a,0,65.0,,c,10,Coding_Interview,45,14.525373751099536,0.3653782406477633,slow,3
A002484,S030,Q0003,Math_Basics,1,2026-09-04 19:52:57,c,0,24.0,,b,10,Coding_Interview,45,13.694123751099536,0.38704886536460825,normal,4
A002487,S030,Q0008,Math_Basics,5,2026-09-05 09:36:57,d,0,79.0,,a,10,Coding_Interview,45,13.121901528877315,0.40270906338580936,slow,5
A002501,S030,Q0009,Math_Basics,2,2026-09-08 13:05:57,b,0,45.0,,a,10,Coding_Interview,45,9.976762639988426,0.5008059944585664,slow,6
A002504,S030,Q0006,Math_Basics,5,2026-09-09 19:07:57,c,0,83.0,,b,10,Coding_Interview,45,8.725373751099538,0.5461853884998648,slow,7
A002510,S030,Q0004,Math_Basics,2,2026-09-11 00:24:57,b,1,43.0,,b,10,Coding_Interview,45,7.505234862210648,0.5943878429564864,slow,8
A002516,S030,Q0005,Math_Basics,3,2026-09-12 19:27:57,b,0,42.0,,a,10,Coding_Interview,45,5.711484862210648,0.673080755713567,normal,9
A002456,S030,Q0124,NLP,2,2026-08-28 12:01:57,a,1,20.0,LSTM,a,10,Coding_Interview,45,21.02120708443287,0.23291561875989084,fast,1
A002479,S030,Q0126,NLP,2,2026-09-03 08:40:57,b,1,19.0,LSTM,b,10,Coding_Interview,45,15.160790417766203,0.34963486451013764,fast,2
A002486,S030,Q0132,NLP,3,2026-09-04 08:08:57,a,1,39.0,LSTM,a,10,Coding_Interview,45,14.183012639988425,0.3741526078833648,normal,3
A002491,S030,Q0123,NLP,3,2026-09-05 23:20:57,d,0,37.0,LSTM,a,10,Coding_Interview,45,12.549679306655092,0.4190028811486218,normal,4
A002477,S030,Q0083,Neural_Networks,4,2026-09-03 15:03:57,b,1,49.0,ML,b,10,Coding_Interview,45,14.89481819554398,0.35614044278541224,normal,1
A002494,S030,Q0080,Neural_Networks,2,2026-09-07 02:06:57,a,1,40.0,ML,a,10,Coding_Interview,45,11.434401528877315,0.4526788623130311,slow,2
A002520,S030,Q0076,Neural_Networks,2,2026-09-14 07:21:57,b,1,31.0,ML,b,10,Coding_Interview,45,4.215651528877315,0.7466141969991725,normal,3
A002476,S030,Q0022,Python,4,2026-09-03 12:01:57,a,1,53.0,,a,10,Coding_Interview,45,15.02120708443287,0.35303406195338655,normal,1
A002483,S030,Q0021,Python,5,2026-09-04 23:27:57,d,0,69.0,,b,10,Coding_Interview,45,13.54481819554398,0.3910752609215991,slow,2
A002506,S030,Q0022,Python,4,2026-09-10 13:45:57,d,0,44.0,,a,10,Coding_Interview,45,7.948984862210649,0.5763837286313213,normal,3
A002459,S030,Q0101,RNN,1,2026-08-28 05:25:57,b,1,17.0,Neural_Networks,b,10,Coding_Interview,45,21.29620708443287,0.22851793313880328,fast,1
A002458,S030,Q0103,RNN,3,2026-08-29 00:41:57,b,1,34.0,Neural_Networks,b,10,Coding_Interview,45,20.49342930665509,0.24159409018118383,fast,2
A002469,S030,Q0102,RNN,2,2026-08-31 06:33:57,a,1,42.0,Neural_Networks,a,10,Coding_Interview,45,18.248984862210648,0.2822609615101756,slow,3
A002523,S030,Q0103,RNN,3,2026-09-16 02:07:57,c,0,30.0,Neural_Networks,b,10,Coding_Interview,45,2.4337070844328705,0.8447692883964456,fast,4
A002455,S030,Q0042,Statistics,5,2026-08-29 03:22:57,b,1,60.0,Math_Basics,b,10,Coding_Interview,45,20.381623751099536,0.2434736626695259,normal,1
A002468,S030,Q0045,Statistics,1,2026-08-31 15:27:57,b,1,22.0,Math_Basics,b,10,Coding_Interview,45,17.878151528877314,0.2896103058554049,normal,2
A002480,S030,Q0038,Statistics,2,2026-09-03 14:42:57,b,1,20.0,Math_Basics,b,10,Coding_Interview,45,14.909401528877314,0.3557806237993224,fast,3
A002475,S030,Q0038,Statistics,2,2026-09-03 20:03:57,b,1,25.0,Math_Basics,b,10,Coding_Interview,45,14.686484862210648,0.361320624810524,fast,4
A002498,S030,Q0047,Statistics,5,2026-09-07 20:17:57,c,0,31.0,Math_Basics,b,10,Coding_Interview,45,10.676762639988427,0.4770868199694119,fast,5
A002505,S030,Q0039,Statistics,3,2026-09-09 03:31:57,b,1,39.0,Math_Basics,b,10,Coding_Interview,45,9.375373751099538,0.5221233646745645,normal,6
A002513,S030,Q0045,Statistics,1,2026-09-11 03:54:57,b,1,17.0,Math_Basics,b,10,Coding_Interview,45,7.359401528877315,0.6004266206377192,fast,7
A002534,S031,Q0054,AI_Basics,4,2026-08-29 11:29:57,b,1,32.0,Python;Math_Basics,b,12,Entrance_Exam,30,20.043429306655092,0.24924855905854293,fast,1
A002540,S031,Q0050,AI_Basics,3,2026-08-30 19:33:57,a,0,34.0,Python;Math_Basics,b,12,Entrance_Exam,30,18.70731819554398,0.27343468801664944,fast,2
A002547,S031,Q0052,AI_Basics,3,2026-09-01 07:44:57,b,1,35.0,Python;Math_Basics,b,12,Entrance_Exam,30,17.199679306655092,0.30355546868809297,normal,3
A002557,S031,Q0050,AI_Basics,3,2026-09-03 10:33:57,b,1,40.0,Python;Math_Basics,b,12,Entrance_Exam,30,15.08231819554398,0.35154180791948647,normal,4
A002582,S031,Q0056,AI_Basics,1,2026-09-08 14:50:57,b,1,15.0,Python;Math_Basics,b,12,Entrance_Exam,30,9.90384597332176,0.5033435745245287,fast,5
A002592,S031,Q0050,AI_Basics,3,2026-09-11 02:26:57,a,0,38.0,Python;Math_Basics,b,12,Entrance_Exam,30,7.420512639988426,0.5978886529363875,normal,6
A002604,S031,Q0049,AI_Basics,4,2026-09-13 07:40:57,a,1,37.0,Python;Math_Basics,a,12,Entrance_Exam,30,5.20245708443287,0.6972530724170445,fast,7
A002532,S031,Q0085,CNN,5,2026-08-29 14:36:57,b,1,40.0,Neural_Networks,b,12,Entrance_Exam,30,19.91356819554398,0.25150224451658276,fast,1
A002539,S031,Q0086,CNN,2,2026-08-30 09:00:57,b,1,15.0,Neural_Networks,b,12,Entrance_Exam,30,19.146901528877315,0.26522889234249897,fast,2
A002549,S031,Q0088,CNN,2,2026-09-02 00:47:57,b,1,24.0,Neural_Networks,b,12,Entrance_Exam,30,16.489262639988425,0.3188773952953568,fast,3
A002560,S031,Q0092,CNN,3,2026-09-03 19:03:57,a,1,26.0,Neural_Networks,a,12,Entrance_Exam,30,14.728151528877314,0.36027859539945756,fast,4
A002562,S031,Q0085,CNN,5,2026-09-05 00:13:57,c,0,44.0,Neural_Networks,b,12,Entrance_Exam,30,13.512873751099535,0.3919421470326299,fast,5
A002568,S031,Q0088,CNN,2,2026-09-05 05:22:57,b,1,31.0,Neural_Networks,b,12,Entrance_Exam,30,13.298290417766204,0.397815379892949,normal,6
A002565,S031,Q0094,CNN,5,2026-09-05 11:04:57,d,0,37.0,Neural_Networks,a,12,Entrance_Exam,30,13.060790417766203,0.4044185164602023,fast,7
A002569,S031,Q0088,CNN,2,2026-09-06 08:38:57,b,1,35.0,Neural_Networks,b,12,Entrance_Exam,30,12.162179306655093,0.43040957243801153,normal,8
A002574,S031,Q0093,CNN,4,2026-09-06 14:01:57,b,1,40.0,Neural_Networks,b,12,Entrance_Exam,30,11.937873751099538,0.4371537333249033,fast,9
A002578,S031,Q0095,CNN,5,2026-09-07 11:16:57,a,0,52.0,Neural_Networks,b,12,Entrance_Exam,30,11.05245708443287,0.4648232995257096,normal,10
A002591,S031,Q0088,CNN,2,2026-09-10 14:36:57,b,1,26.0,Neural_Networks,b,12,Entrance_Exam,30,7.913568195543982,0.5778004291085213,fast,11
A002599,S031,Q0089,CNN,1,2026-09-12 05:34:57,c,0,23.0,Neural_Networks,b,12,Entrance_Exam,30,6.289957084432871,0.6466263894477524,normal,12
A002602,S031,Q0086,CNN,2,2026-09-14 02:58:57,b,1,31.0,Neural_Networks,b,12,Entrance_Exam,30,4.398290417766203,0.7372219636903785,normal,13
A002610,S031,Q0094,CNN,5,2026-09-14 06:00:57,a,1,46.0,Neural_Networks,a,12,Entrance_Exam,30,4.271901528877315,0.743708851001718,fast,14
A002612,S031,Q0089,CNN,1,2026-09-17 04:06:57,b,1,24.0,Neural_Networks,b,12,Entrance_Exam,30,1.3510681955439814,0.9106024085701468,normal,15
A002536,S031,Q0030,Data_Structures,2,2026-08-30 07:40:57,c,1,26.0,Python,c,12,Entrance_Exam,30,19.20245708443287,0.26420950822819717,fast,1
A002537,S031,Q0036,Data_Structures,4,2026-08-30 13:42:57,d,0,38.0,Python,b,12,Entrance_Exam,30,18.951068195543982,0.2688536905003496,fast,2
A002546,S031,Q0025,Data_Structures,4,2026-08-31 05:51:57,d,0,49.0,Python,c,12,Entrance_Exam,30,18.278151528877313,0.28169089681184484,normal,3
A002558,S031,Q0026,Data_Structures,2,2026-09-03 18:09:57,c,0,18.0,Python,a,12,Entrance_Exam,30,14.765651528877314,0.3593433385861399,fast,4
A002559,S031,Q0036,Data_Structures,4,2026-09-04 00:34:57,c,0,38.0,Python,b,12,Entrance_Exam,30,14.498290417766203,0.366064799806135,fast,5
A002571,S031,Q0028,Data_Structures,5,2026-09-06 11:29:57,b,1,54.0,Python,b,12,Entrance_Exam,30,12.043429306655094,0.4339669469783236,normal,6
A002576,S031,Q0026,Data_Structures,2,2026-09-07 08:23:57,a,1,37.0,Python,a,12,Entrance_Exam,30,11.17259597332176,0.4609686051901366,slow,7
A002593,S031,Q0031,Data_Structures,3,2026-09-10 14:54:57,c,1,31.0,Python,c,12,Entrance_Exam,30,7.901068195543982,0.5783012719737801,fast,8
A002597,S031,Q0029,Data_Structures,1,2026-09-11 17:50:57,b,1,26.0,Python,b,12,Entrance_Exam,30,6.77884597332176,0.6250811501802779,normal,9
A002541,S031,Q0115,LSTM,4,2026-08-31 02:30:57,a,1,39.0,RNN,a,12,Entrance_Exam,30,18.417734862210647,0.278978628848433,fast,1
A002553,S031,Q0112,LSTM,3,2026-09-01 19:51:57,a,1,31.0,RNN,a,12,Entrance_Exam,30,16.69481819554398,0.3143662359469639,fast,2
A002556,S031,Q0110,LSTM,2,2026-09-03 01:54:57,a,1,31.0,RNN,a,12,Entrance_Exam,30,15.442734862210648,0.3428683197411938,normal,3
A002563,S031,Q0112,LSTM,3,2026-09-04 20:21:57,a,1,51.0,RNN,a,12,Entrance_Exam,30,13.673984862210647,0.38758953243724037,slow,4
A002554,S031,Q0072,ML,5,2026-09-02 03:49:57,a,1,33.0,AI_Basics;Statistics,a,12,Entrance_Exam,30,16.362873751099535,0.3216832283162015,fast,1
A002570,S031,Q0061,ML,3,2026-09-06 17:30:57,b,1,30.0,AI_Basics;Statistics,b,12,Entrance_Exam,30,11.792734862210649,0.44157381033558446,fast,2
A002577,S031,Q0062,ML,2,2026-09-07 12:19:57,a,1,26.0,AI_Basics;Statistics,a,12,Entrance_Exam,30,11.00870708443287,0.46623502443300086,fast,3
A002589,S031,Q0066,ML,2,2026-09-11 00:17:57,a,1,29.0,AI_Basics;Statistics,a,12,Entrance_Exam,30,7.51009597332176,0.5941875997632757,normal,4
A002606,S031,Q0069,ML,5,2026-09-13 12:29:57,d,0,30.0,AI_Basics;Statistics,a,12,Entrance_Exam,30,5.001762639988426,0.7070203943537595,fast,5
A002550,S031,Q0009,Math_Basics,2,2026-09-02 02:17:57,a,1,25.0,,a,12,Entrance_Exam,30,16.426762639988425,0.32026182296490513,fast,1
A002575,S031,Q0010,Math_Basics,2,2026-09-07 03:18:57,b,1,17.0,,b,12,Entrance_Exam,30,11.384401528877316,0.45425044947854976,fast,2
A002611,S031,Q0003,Math_Basics,1,2026-09-15 10:57:57,b,1,24.0,,b,12,Entrance_Exam,30,3.0656515288773147,0.8085645439854806,normal,3
A002527,S031,Q0121,NLP,3,2026-08-28 21:10:57,a,1,30.0,LSTM,a,12,Entrance_Exam,30,20.63995708443287,0.23915275092491983,fast,1
A002543,S031,Q0125,NLP,1,2026-08-31 19:47:57,a,1,22.0,LSTM,a,12,Entrance_Exam,30,17.697595973321757,0.29325760005018753,normal,2
A002544,S031,Q0128,NLP,1,2026-09-01 01:38:57,b,1,17.0,LSTM,b,12,Entrance_Exam,30,17.45384597332176,0.29825441573445727,fast,3
A002548,S031,Q0128,NLP,1,2026-09-01 09:20:57,b,1,22.0,LSTM,b,12,Entrance_Exam,30,17.133012639988426,0.30496143878201903,normal,4
A002566,S031,Q0122,NLP,5,2026-09-05 09:57:57,a,0,59.0,LSTM,b,12,Entrance_Exam,30,13.10731819554398,0.4031163434825422,normal,5
A002572,S031,Q0125,NLP,1,2026-09-07 03:21:57,a,1,27.0,LSTM,a,12,Entrance_Exam,30,11.382318195543982,0.45431605055216984,slow,6
A002598,S031,Q0131,NLP,1,2026-09-11 16:25:57,a,1,17.0,LSTM,a,12,Entrance_Exam,30,6.837873751099537,0.6225288594473187,fast,7
A002542,S031,Q0077,Neural_Networks,2,2026-08-31 18:32:57,a,1,30.0,ML,a,12,Entrance_Exam,30,17.749679306655093,0.2922008073323059,normal,1
A002551,S031,Q0081,Neural_Networks,5,2026-09-01 12:45:57,b,1,51.0,ML,b,12,Entrance_Exam,30,16.990651528877315,0.3079856092508095,normal,2
A002584,S031,Q0076,Neural_Networks,2,2026-09-08 04:06:57,b,1,27.0,ML,b,12,Entrance_Exam,30,10.351068195543982,0.4879797482135573,fast,3
A002583,S031,Q0078,Neural_Networks,3,2026-09-08 04:16:57,b,1,37.0,ML,b,12,Entrance_Exam,30,10.344123751099538,0.4882146948846846,normal,4
A002580,S031,Q0079,Neural_Networks,5,2026-09-08 04:38:57,b,1,40.0,ML,b,12,Entrance_Exam,30,10.32884597332176,0.48873197581786465,fast,5
A002585,S031,Q0077,Neural_Networks,2,2026-09-09 11:25:57,a,1,29.0,ML,a,12,Entrance_Exam,30,9.04620708443287,0.5341731222817462,normal,6
A002588,S031,Q0074,Neural_Networks,3,2026-09-10 16:20:57,b,1,28.0,ML,b,12,Entrance_Exam,30,7.84134597332176,0.5807001865695484,fast,7
A002590,S031,Q0079,Neural_Networks,5,2026-09-10 16:29:57,b,1,57.0,ML,b,12,Entrance_Exam,30,7.83509597332176,0.5809518102551102,normal,8
A002601,S031,Q0073,Neural_Networks,5,2026-09-12 08:26:57,a,1,37.0,ML,a,12,Entrance_Exam,30,6.170512639988426,0.6520021992999451,fast,9
A002605,S031,Q0073,Neural_Networks,5,2026-09-13 12:56:57,a,1,37.0,ML,a,12,Entrance_Exam,30,4.983012639988425,0.7079398714607614,fast,10
A002609,S031,Q0083,Neural_Networks,4,2026-09-14 11:13:57,b,1,34.0,ML,b,12,Entrance_Exam,30,4.054540417766203,0.7549986438921232,fast,11
A002528,S031,Q0024,Python,1,2026-08-28 05:52:57,b,0,16.0,,c,12,Entrance_Exam,30,21.277457084432868,0.22881511976840901,fast,1
A002531,S031,Q0024,Python,1,2026-08-28 18:38:57,c,1,30.0,,c,12,Entrance_Exam,30,20.745512639988426,0.23740936258508358,slow,2
A002529,S031,Q0022,Python,4,2026-08-28 23:47:57,b,0,36.0,,a,12,Entrance_Exam,30,20.530929306655093,0.2409669296399124,fast,3
A002535,S031,Q0019,Python,5,2026-08-29 08:31:57,a,0,59.0,,b,12,Entrance_Exam,30,20.167040417766202,0.24712210294837625,normal,4
A002533,S031,Q0015,Python,2,2026-08-29 21:52:57,b,1,38.0,,b,12,Entrance_Exam,30,19.610790417766204,0.25683628801940284,slow,5
A002545,S031,Q0017,Python,2,2026-08-31 23:04:57,b,1,34.0,,b,12,Entrance_Exam,30,17.560790417766203,0.29605168256246633,normal,6
A002581,S031,Q0014,Python,3,2026-09-08 09:46:57,b,0,35.0,,a,12,Entrance_Exam,30,10.11495708443287,0.49603172209978896,normal,7
A002579,S031,Q0023,Python,4,2026-09-08 15:37:57,b,1,46.0,,b,12,Entrance_Exam,30,9.871207084432871,0.5044836056603833,normal,8
A002587,S031,Q0021,Python,5,2026-09-09 10:05:57,c,0,61.0,,b,12,Entrance_Exam,30,9.101762639988426,0.5321200744771434,normal,9
A002586,S031,Q0016,Python,3,2026-09-09 17:08:57,c,0,50.0,,a,12,Entrance_Exam,30,8.808012639988426,0.5430657321048888,slow,10
A002608,S031,Q0023,Python,4,2026-09-15 03:02:57,c,0,51.0,,b,12,Entrance_Exam,30,3.395512639988426,0.7902870846079045,normal,11
A002530,S031,Q0099,RNN,2,2026-08-28 23:02:57,a,1,36.0,Neural_Networks,a,12,Entrance_Exam,30,20.562179306655093,0.24044553969407687,normal,1
A002538,S031,Q0097,RNN,2,2026-08-30 16:58:57,b,1,25.0,Neural_Networks,b,12,Entrance_Exam,30,18.81495708443287,0.2714021945596583,fast,2
A002552,S031,Q0099,RNN,2,2026-09-01 18:34:57,a,1,31.0,Neural_Networks,a,12,Entrance_Exam,30,16.748290417766203,0.3132032217916267,normal,3
A002555,S031,Q0108,RNN,5,2026-09-02 12:37:57,b,1,47.0,Neural_Networks,b,12,Entrance_Exam,30,15.99620708443287,0.3299637153595757,fast,4
A002561,S031,Q0103,RNN,3,2026-09-04 16:32:57,d,0,33.0,Neural_Networks,b,12,Entrance_Exam,30,13.833012639988425,0.3833406072624177,fast,5
A002573,S031,Q0108,RNN,5,2026-09-06 04:25:57,b,1,50.0,Neural_Networks,b,12,Entrance_Exam,30,12.337873751099536,0.4251997414982181,fast,6
A002595,S031,Q0104,RNN,2,2026-09-11 20:07:57,b,1,27.0,Neural_Networks,b,12,Entrance_Exam,30,6.6837070844328705,0.6292168852311938,fast,7
A002603,S031,Q0105,RNN,4,2026-09-14 02:29:57,b,1,41.0,Neural_Networks,b,12,Entrance_Exam,30,4.418429306655092,0.7361935777108033,fast,8
A002607,S031,Q0101,RNN,1,2026-09-14 22:35:57,d,0,14.0,Neural_Networks,b,12,Entrance_Exam,30,3.5809293066550922,0.7801952225694165,fast,9
A002564,S031,Q0044,Statistics,3,2026-09-05 00:57:57,c,1,28.0,Math_Basics,c,12,Entrance_Exam,30,13.48231819554398,0.3927731404830971,fast,1
A002567,S031,Q0047,Statistics,5,2026-09-05 16:13:57,b,1,37.0,Math_Basics,b,12,Entrance_Exam,30,12.84620708443287,0.4104787070729712,fast,2
A002594,S031,Q0048,Statistics,4,2026-09-11 22:12:57,b,1,32.0,Math_Basics,b,12,Entrance_Exam,30,6.596901528877315,0.6330142346340333,fast,3
A002600,S031,Q0041,Statistics,4,2026-09-12 18:38:57,b,1,34.0,Math_Basics,b,12,Entrance_Exam,30,5.7455126399884255,0.6714950808043538,fast,4
A002627,S032,Q0052,AI_Basics,3,2026-08-31 00:38:57,a,0,39.0,Python;Math_Basics,b,9,General_Practice,45,18.495512639988426,0.2774786615848731,normal,1
A002656,S032,Q0055,AI_Basics,3,2026-09-05 02:13:57,d,0,37.0,Python;Math_Basics,a,9,General_Practice,45,13.429540417766203,0.3942126447923978,normal,2
A002665,S032,Q0055,AI_Basics,3,2026-09-06 07:11:57,c,0,45.0,Python;Math_Basics,a,9,General_Practice,45,12.222595973321758,0.42861088749528425,normal,3
A002668,S032,Q0051,AI_Basics,3,2026-09-07 13:45:57,c,0,48.0,Python;Math_Basics,b,9,General_Practice,45,10.948984862210649,0.4681690648015328,slow,4
A002678,S032,Q0059,AI_Basics,4,2026-09-10 15:53:57,a,1,54.0,Python;Math_Basics,a,9,General_Practice,45,7.8600959733217595,0.5799459692283487,slow,5
A002626,S032,Q0088,CNN,2,2026-08-30 20:19:57,c,0,30.0,Neural_Networks,b,9,General_Practice,45,18.675373751099535,0.2740408034041507,normal,1
A002635,S032,Q0088,CNN,2,2026-08-31 10:32:57,b,1,24.0,Neural_Networks,b,9,General_Practice,45,18.083012639988425,0.28552693166929727,fast,2
A002641,S032,Q0093,CNN,4,2026-08-31 15:07:57,c,0,50.0,Neural_Networks,b,9,General_Practice,45,17.892040417766204,0.28933163089695024,normal,3
A002633,S032,Q0086,CNN,2,2026-08-31 19:42:57,b,1,36.0,Neural_Networks,b,9,General_Practice,45,17.701068195543982,0.29318702844622313,normal,4
A002639,S032,Q0092,CNN,3,2026-08-31 23:45:57,d,0,45.0,Neural_Networks,a,9,General_Practice,45,17.53231819554398,0.29663653052256733,normal,5
A002646,S032,Q0091,CNN,2,2026-09-02 00:35:57,b,1,37.0,Neural_Networks,b,9,General_Practice,45,16.497595973321758,0.3186932576752623,slow,6
A002643,S032,Q0089,CNN,1,2026-09-02 00:38:57,b,1,19.0,Neural_Networks,b,9,General_Practice,45,16.495512639988426,0.3187392821093228,fast,7
A002662,S032,Q0092,CNN,3,2026-09-05 22:18:57,a,1,34.0,Neural_Networks,a,9,General_Practice,45,12.592734862210648,0.41775427986173774,fast,8
A002691,S032,Q0096,CNN,3,2026-09-11 12:54:57,c,0,48.0,Neural_Networks,b,9,General_Practice,45,6.984401528877315,0.6162381255076507,slow,9
A002692,S032,Q0088,CNN,2,2026-09-12 15:30:57,b,1,44.0,Neural_Networks,b,9,General_Practice,45,5.876068195543981,0.6654458510637064,slow,10
A002622,S032,Q0032,Data_Structures,5,2026-08-29 15:47:57,b,0,59.0,Python,c,9,General_Practice,45,19.864262639988425,0.2523632492060118,normal,1
A002620,S032,Q0027,Data_Structures,2,2026-08-29 16:43:57,b,1,33.0,Python,b,9,General_Practice,45,19.825373751099537,0.25304443028146445,normal,2
A002625,S032,Q0033,Data_Structures,2,2026-08-30 19:18:57,b,1,31.0,Python,b,9,General_Practice,45,18.717734862210648,0.273237331687125,normal,3
A002638,S032,Q0032,Data_Structures,5,2026-08-31 06:22:57,d,0,51.0,Python,c,9,General_Practice,45,18.256623751099536,0.2821115474391177,normal,4
A002645,S032,Q0028,Data_Structures,5,2026-09-02 01:41:57,a,0,56.0,Python,b,9,General_Practice,45,16.451762639988424,0.3197073320843241,normal,5
A002654,S032,Q0036,Data_Structures,4,2026-09-04 09:54:57,c,0,49.0,Python,b,9,General_Practice,45,14.109401528877314,0.37606653783806543,normal,6
A002683,S032,Q0032,Data_Structures,5,2026-09-10 11:18:57,a,0,61.0,Python,c,9,General_Practice,45,8.051068195543982,0.5723197032222325,normal,7
A002695,S032,Q0033,Data_Structures,2,2026-09-13 20:59:57,b,1,26.0,Python,b,9,General_Practice,45,4.647595973321759,0.7245918091622334,fast,8
A002701,S032,Q0036,Data_Structures,4,2026-09-15 21:58:57,c,0,51.0,Python,b,9,General_Practice,45,2.606623751099537,0.8347045989925832,normal,9
A002624,S032,Q0114,LSTM,2,2026-08-29 20:05:57,a,0,40.0,RNN,c,9,General_Practice,45,19.685095973321758,0.2555168615231869,slow,1
A002629,S032,Q0119,LSTM,4,2026-08-30 23:26:57,d,0,59.0,RNN,b,9,General_Practice,45,18.545512639988424,0.2765186583449145,slow,2
A002648,S032,Q0116,LSTM,1,2026-09-03 01:00:57,c,0,28.0,RNN,b,9,General_Practice,45,15.480234862210647,0.34197825872673593,slow,3
A002679,S032,Q0115,LSTM,4,2026-09-10 18:59:57,b,0,60.0,RNN,a,9,General_Practice,45,7.730929306655093,0.5851616265543257,slow,4
A002690,S032,Q0115,LSTM,4,2026-09-11 05:35:57,c,0,63.0,RNN,a,9,General_Practice,45,7.289262639988427,0.6033527963742257,slow,5
A002687,S032,Q0116,LSTM,1,2026-09-11 14:41:57,d,0,28.0,RNN,b,9,General_Practice,45,6.910095973321759,0.619420228269583,slow,6
A002686,S032,Q0116,LSTM,1,2026-09-11 22:06:57,c,0,27.0,RNN,b,9,General_Practice,45,6.601068195543982,0.6328314393519815,slow,7
A002616,S032,Q0069,ML,5,2026-08-28 10:25:57,d,0,55.0,AI_Basics;Statistics,a,9,General_Practice,45,21.087873751099536,0.23184180301553775,normal,1
A002621,S032,Q0065,ML,1,2026-08-29 12:09:57,b,1,28.0,AI_Basics;Statistics,b,9,General_Practice,45,20.015651528877314,0.24972892673992492,slow,2
A002631,S032,Q0066,ML,2,2026-08-30 18:20:57,a,1,43.0,AI_Basics;Statistics,a,9,General_Practice,45,18.758012639988426,0.27247555987544303,slow,3
A002655,S032,Q0066,ML,2,2026-09-04 08:57:57,c,0,36.0,AI_Basics;Statistics,a,9,General_Practice,45,14.148984862210646,0.3750361354318118,normal,4
A002660,S032,Q0072,ML,5,2026-09-06 02:40:57,b,0,68.0,AI_Basics;Statistics,a,9,General_Practice,45,12.410790417766203,0.4230561194422548,slow,5
A002663,S032,Q0063,ML,2,2026-09-06 07:23:57,b,1,43.0,AI_Basics;Statistics,b,9,General_Practice,45,12.214262639988425,0.4288585343684742,slow,6
A002667,S032,Q0072,ML,5,2026-09-06 20:16:57,b,0,70.0,AI_Basics;Statistics,a,9,General_Practice,45,11.67745708443287,0.4451163165709553,slow,7
A002664,S032,Q0070,ML,5,2026-09-06 22:51:57,a,0,58.0,AI_Basics;Statistics,b,9,General_Practice,45,11.569818195543982,0.4484497310354119,normal,8
A002682,S032,Q0065,ML,1,2026-09-10 15:14:57,c,0,35.0,AI_Basics;Statistics,b,9,General_Practice,45,7.887179306655093,0.5788582732336907,slow,9
A002698,S032,Q0062,ML,2,2026-09-14 05:14:57,a,1,36.0,AI_Basics;Statistics,a,9,General_Practice,45,4.303845973321759,0.742063937642782,normal,10
A002623,S032,Q0011,Math_Basics,1,2026-08-30 00:13:57,d,0,31.0,,c,9,General_Practice,45,19.512873751099537,0.25858538178743395,slow,1
A002649,S032,Q0008,Math_Basics,5,2026-09-02 09:46:57,b,0,64.0,,a,9,General_Practice,45,16.11495708443287,0.3272588906524867,slow,2
A002652,S032,Q0009,Math_Basics,2,2026-09-04 02:52:57,a,1,32.0,,a,9,General_Practice,45,14.40245708443287,0.36850453819083334,normal,3
A002657,S032,Q0007,Math_Basics,5,2026-09-04 17:39:57,b,0,76.0,,c,9,General_Practice,45,13.786484862210648,0.3845788993537394,slow,4
A002674,S032,Q0009,Math_Basics,2,2026-09-08 09:06:57,c,0,35.0,,a,9,General_Practice,45,10.142734862210649,0.49507757709405187,normal,5
A002688,S032,Q0001,Math_Basics,5,2026-09-11 14:30:57,b,0,76.0,,c,9,General_Practice,45,6.917734862210649,0.619092339859134,slow,6
A002634,S032,Q0126,NLP,2,2026-08-31 03:27:57,b,1,46.0,LSTM,b,9,General_Practice,45,18.378151528877314,0.27974511565677157,slow,1
A002637,S032,Q0131,NLP,1,2026-08-31 14:59:57,b,0,31.0,LSTM,a,9,General_Practice,45,17.89759597332176,0.28922023601072827,slow,2
A002644,S032,Q0131,NLP,1,2026-09-01 23:58:57,b,0,30.0,LSTM,a,9,General_Practice,45,16.5232904177662,0.31812616911552194,slow,3
A002653,S032,Q0131,NLP,1,2026-09-04 00:34:57,a,1,39.0,LSTM,a,9,General_Practice,45,14.498290417766203,0.366064799806135,slow,4
A002659,S032,Q0122,NLP,5,2026-09-05 05:44:57,d,0,74.0,LSTM,b,9,General_Practice,45,13.283012639988424,0.39823687951821735,slow,5
A002661,S032,Q0122,NLP,5,2026-09-06 01:21:57,d,0,74.0,LSTM,b,9,General_Practice,45,12.465651528877315,0.42145042626748924,slow,6
A002672,S032,Q0127,NLP,3,2026-09-08 21:42:57,c,0,55.0,LSTM,b,9,General_Practice,45,9.617734862210648,0.513425378109177,slow,7
A002681,S032,Q0128,NLP,1,2026-09-11 01:39:57,b,1,31.0,LSTM,b,9,General_Practice,45,7.453151528877315,0.5965375452443359,slow,8
A002694,S032,Q0122,NLP,5,2026-09-13 16:12:57,a,0,68.0,LSTM,b,9,General_Practice,45,4.846901528877314,0.71465053863742,slow,9
A002613,S032,Q0073,Neural_Networks,5,2026-08-28 07:46:57,c,0,67.0,ML,a,9,General_Practice,45,21.198290417766202,0.23007417464898364,slow,1
A002628,S032,Q0083,Neural_Networks,4,2026-08-30 17:52:57,c,0,51.0,ML,b,9,General_Practice,45,18.777457084432868,0.2721085684487918,normal,2
A002647,S032,Q0083,Neural_Networks,4,2026-09-01 17:05:57,a,0,43.0,ML,b,9,General_Practice,45,16.810095973321758,0.3118643183367282,fast,3
A002651,S032,Q0078,Neural_Networks,3,2026-09-02 04:14:57,a,0,52.0,ML,b,9,General_Practice,45,16.345512639988424,0.3220705686595179,slow,4
A002666,S032,Q0073,Neural_Networks,5,2026-09-07 01:29:57,b,0,60.0,ML,a,9,General_Practice,45,11.46009597332176,0.45187335733960743,normal,5
A002669,S032,Q0083,Neural_Networks,4,2026-09-07 18:14:57,b,1,49.0,ML,b,9,General_Practice,45,10.762179306655094,0.47427050979170954,normal,6
A002696,S032,Q0077,Neural_Networks,2,2026-09-13 16:56:57,d,0,34.0,ML,a,9,General_Practice,45,4.816345973321759,0.7161657365345504,normal,7
A002697,S032,Q0074,Neural_Networks,3,2026-09-14 06:25:57,d,0,51.0,ML,b,9,General_Practice,45,4.254540417766203,0.7446043544545473,slow,8
A002702,S032,Q0074,Neural_Networks,3,2026-09-15 18:10:57,c,0,48.0,ML,b,9,General_Practice,45,2.7649570844328704,0.8255939430164458,slow,9
A002615,S032,Q0024,Python,1,2026-08-28 17:28:57,c,1,9.0,,c,9,General_Practice,45,20.794123751099537,0.2366107661148923,fast,1
A002619,S032,Q0019,Python,5,2026-08-29 04:06:57,a,0,70.0,,b,9,General_Practice,45,20.35106819554398,0.24398987410677866,slow,2
A002632,S032,Q0024,Python,1,2026-08-30 10:16:57,c,1,29.0,,c,9,General_Practice,45,19.094123751099538,0.266200949986279,slow,3
A002640,S032,Q0015,Python,2,2026-09-01 00:15:57,b,1,37.0,,b,9,General_Practice,45,17.511484862210647,0.29706519990697194,slow,4
A002658,S032,Q0019,Python,5,2026-09-05 14:20:57,a,0,58.0,,b,9,General_Practice,45,12.924679306655092,0.40825205963731226,normal,5
A002675,S032,Q0018,Python,1,2026-09-10 03:03:57,b,1,24.0,,b,9,General_Practice,45,8.394818195543982,0.558844256054684,normal,6
A002684,S032,Q0013,Python,2,2026-09-10 04:40:57,c,0,32.0,,b,9,General_Practice,45,8.32745708443287,0.5614596660247817,normal,7
A002680,S032,Q0016,Python,3,2026-09-11 01:39:57,d,0,52.0,,a,9,General_Practice,45,7.453151528877315,0.5965375452443359,slow,8
A002677,S032,Q0013,Python,2,2026-09-11 01:58:57,b,1,38.0,,b,9,General_Practice,45,7.439957084432871,0.5970833696668713,slow,9
A002614,S032,Q0104,RNN,2,2026-08-28 16:12:57,b,1,38.0,Neural_Networks,b,9,General_Practice,45,20.846901528877314,0.23574675979254642,slow,1
A002617,S032,Q0104,RNN,2,2026-08-29 01:52:57,a,0,39.0,Neural_Networks,b,9,General_Practice,45,20.444123751099536,0.24242117482603132,slow,2
A002630,S032,Q0102,RNN,2,2026-08-30 08:28:57,b,0,35.0,Neural_Networks,a,9,General_Practice,45,19.169123751099537,0.2648206675809699,normal,3
A002642,S032,Q0103,RNN,3,2026-09-01 12:59:57,d,0,54.0,Neural_Networks,b,9,General_Practice,45,16.980929306655092,0.30819322857414067,slow,4
A002673,S032,Q0107,RNN,1,2026-09-08 13:31:57,c,0,31.0,Neural_Networks,a,9,General_Practice,45,9.95870708443287,0.5014331534124511,slow,5
A002676,S032,Q0104,RNN,2,2026-09-09 09:35:57,d,0,41.0,Neural_Networks,b,9,General_Practice,45,9.12259597332176,0.5313522175055865,slow,6
A002700,S032,Q0100,RNN,3,2026-09-15 00:40:57,c,0,59.0,Neural_Networks,b,9,General_Practice,45,3.494123751099537,0.7849037323568383,slow,7
A002618,S032,Q0037,Statistics,4,2026-08-29 01:28:57,c,1,71.0,Math_Basics,c,9,General_Practice,45,20.4607904177662,0.242141280607336,slow,1
A002636,S032,Q0048,Statistics,4,2026-09-01 01:47:57,a,0,49.0,Math_Basics,b,9,General_Practice,45,17.447595973321757,0.29838365260583755,normal,2
A002650,S032,Q0042,Statistics,5,2026-09-02 10:26:57,a,0,71.0,Math_Basics,b,9,General_Practice,45,16.08717930665509,0.32788960480830026,slow,3
A002671,S032,Q0045,Statistics,1,2026-09-07 23:58:57,b,1,27.0,Math_Basics,b,9,General_Practice,45,10.523290417766205,0.48218910476888505,slow,4
A002670,S032,Q0046,Statistics,3,2026-09-08 00:05:57,c,1,45.0,Math_Basics,c,9,General_Practice,45,10.518429306655094,0.482351604097563,normal,5
A002689,S032,Q0046,Statistics,3,2026-09-11 22:19:57,b,0,48.0,Math_Basics,c,9,General_Practice,45,6.592040417766204,0.6332275625320597,slow,6
A002693,S032,Q0037,Statistics,4,2026-09-13 01:03:57,d,0,54.0,Math_Basics,c,9,General_Practice,45,5.478151528877315,0.6840552917791899,slow,7
A002699,S032,Q0039,Statistics,3,2026-09-14 23:16:57,c,0,48.0,Math_Basics,b,9,General_Practice,45,3.55245708443287,0.7817364925951457,slow,8
A002714,S033,Q0057,AI_Basics,1,2026-08-29 04:25:57,a,1,24.0,Python;Math_Basics,a,10,Coding_Interview,30,20.337873751099536,0.24421312180208388,normal,1
A002709,S033,Q0050,AI_Basics,3,2026-08-29 09:47:57,b,1,53.0,Python;Math_Basics,b,10,Coding_Interview,30,20.114262639988425,0.24802779963547686,slow,2
A002713,S033,Q0054,AI_Basics,4,2026-08-29 12:39:57,c,0,49.0,Python;Math_Basics,b,10,Coding_Interview,30,19.99481819554398,0.25008980995651675,normal,3
A002710,S033,Q0058,AI_Basics,5,2026-08-29 19:43:57,d,0,60.0,Python;Math_Basics,b,10,Coding_Interview,30,19.700373751099537,0.2552464188120245,normal,4
A002724,S033,Q0058,AI_Basics,5,2026-09-02 22:02:57,d,0,55.0,Python;Math_Basics,b,10,Coding_Interview,30,15.603845973321759,0.3390606821495215,normal,5
A002729,S033,Q0060,AI_Basics,1,2026-09-03 09:01:57,b,1,29.0,Python;Math_Basics,b,10,Coding_Interview,30,15.14620708443287,0.3499884679782136,slow,6
A002754,S033,Q0049,AI_Basics,4,2026-09-09 23:03:57,c,0,44.0,Python;Math_Basics,a,10,Coding_Interview,30,8.561484862210648,0.5524253823037389,normal,7
A002761,S033,Q0060,AI_Basics,1,2026-09-11 05:38:57,b,1,32.0,Python;Math_Basics,b,10,Coding_Interview,30,7.287179306655093,0.603439930225737,slow,8
A002765,S033,Q0051,AI_Basics,3,2026-09-12 09:46:57,b,1,51.0,Python;Math_Basics,b,10,Coding_Interview,30,6.114957084432871,0.6545177813049734,slow,9
A002703,S033,Q0096,CNN,3,2026-08-29 01:50:57,b,1,29.0,Neural_Networks,b,10,Coding_Interview,30,20.445512639988426,0.24239783795578604,fast,1
A002716,S033,Q0095,CNN,5,2026-08-30 22:24:57,b,1,40.0,Neural_Networks,b,10,Coding_Interview,30,18.58856819554398,0.2756946507588319,fast,2
A002734,S033,Q0089,CNN,1,2026-09-04 13:09:57,b,1,18.0,Neural_Networks,b,10,Coding_Interview,30,13.973984862210648,0.37961305520125976,fast,3
A002741,S033,Q0094,CNN,5,2026-09-05 14:09:57,a,1,34.0,Neural_Networks,a,10,Coding_Interview,30,12.932318195543981,0.4080359525216778,fast,4
A002753,S033,Q0096,CNN,3,2026-09-09 00:50:57,b,1,25.0,Neural_Networks,b,10,Coding_Interview,30,9.487179306655094,0.5180926670582277,fast,5
A002770,S033,Q0087,CNN,1,2026-09-15 02:44:57,b,1,18.0,Neural_Networks,b,10,Coding_Interview,30,3.4080126399884256,0.7896026495789427,fast,6
A002707,S033,Q0034,Data_Structures,3,2026-08-29 09:04:57,d,0,51.0,Python,b,10,Coding_Interview,30,20.144123751099535,0.2475149590255614,slow,1
A002733,S033,Q0025,Data_Structures,4,2026-09-04 09:21:57,a,0,64.0,Python,c,10,Coding_Interview,30,14.13231819554398,0.37546964452140574,slow,2
A002746,S033,Q0028,Data_Structures,5,2026-09-06 20:53:57,d,0,70.0,Python,b,10,Coding_Interview,30,11.651762639988426,0.44590977651039676,slow,3
A002748,S033,Q0035,Data_Structures,4,2026-09-07 05:49:57,b,0,58.0,Python,c,10,Coding_Interview,30,11.279540417766205,0.4575641599100951,slow,4
A002750,S033,Q0030,Data_Structures,2,2026-09-07 23:38:57,d,0,41.0,Python,c,10,Coding_Interview,30,10.537179306655093,0.4817251225623753,slow,5
A002758,S033,Q0029,Data_Structures,1,2026-09-10 14:48:57,b,1,30.0,Python,b,10,Coding_Interview,30,7.905234862210649,0.5781342761333431,slow,6
A002759,S033,Q0029,Data_Structures,1,2026-09-11 14:27:57,c,0,31.0,Python,b,10,Coding_Interview,30,6.919818195543982,0.6190029458742299,slow,7
A002772,S033,Q0033,Data_Structures,2,2026-09-14 11:31:57,a,0,33.0,Python,b,10,Coding_Interview,30,4.042040417766204,0.7556530838423616,normal,8
A002708,S033,Q0114,LSTM,2,2026-08-29 23:00:57,c,1,18.0,RNN,c,10,Coding_Interview,30,19.56356819554398,0.25767834062752887,fast,1
A002727,S033,Q0114,LSTM,2,2026-09-02 04:30:57,c,1,22.0,RNN,c,10,Coding_Interview,30,16.334401528877315,0.3223187112097659,fast,2
A002762,S033,Q0111,LSTM,1,2026-09-11 15:11:57,a,1,13.0,RNN,a,10,Coding_Interview,30,6.889262639988426,0.6203153523039436,fast,3
A002763,S033,Q0116,LSTM,1,2026-09-11 17:23:57,b,1,13.0,RNN,b,10,Coding_Interview,30,6.7975959733217595,0.624269290542505,fast,4
A002768,S033,Q0113,LSTM,5,2026-09-12 22:58:57,a,0,45.0,RNN,b,10,Coding_Interview,30,5.56495708443287,0.6799517553788614,fast,5
A002705,S033,Q0069,ML,5,2026-08-28 15:00:57,d,0,51.0,AI_Basics;Statistics,a,10,Coding_Interview,30,20.896901528877315,0.23493113796448245,normal,1
A002704,S033,Q0067,ML,3,2026-08-28 21:20:57,a,0,37.0,AI_Basics;Statistics,b,10,Coding_Interview,30,20.633012639988426,0.23926789534008558,normal,2
A002711,S033,Q0064,ML,1,2026-08-29 17:50:57,a,1,13.0,AI_Basics;Statistics,a,10,Coding_Interview,30,19.778845973321758,0.2538618310755214,fast,3
A002720,S033,Q0061,ML,3,2026-09-01 06:24:57,b,1,31.0,AI_Basics;Statistics,b,10,Coding_Interview,30,17.255234862210646,0.30238877972047284,fast,4
A002726,S033,Q0064,ML,1,2026-09-02 14:41:57,a,1,20.0,AI_Basics;Statistics,a,10,Coding_Interview,30,15.910095973321758,0.33193908140875605,fast,5
A002735,S033,Q0071,ML,3,2026-09-04 13:54:57,c,0,32.0,AI_Basics;Statistics,b,10,Coding_Interview,30,13.942734862210648,0.3804362205240255,fast,6
A002740,S033,Q0070,ML,5,2026-09-05 08:19:57,c,0,64.0,AI_Basics;Statistics,b,10,Coding_Interview,30,13.175373751099537,0.4012192203694642,slow,7
A002739,S033,Q0061,ML,3,2026-09-06 02:28:57,b,1,50.0,AI_Basics;Statistics,b,10,Coding_Interview,30,12.419123751099535,0.42281182320755817,slow,8
A002773,S033,Q0072,ML,5,2026-09-14 19:38:57,d,0,57.0,AI_Basics;Statistics,a,10,Coding_Interview,30,3.703845973321759,0.7735762473475413,normal,9
A002775,S033,Q0064,ML,1,2026-09-17 22:58:57,a,1,23.0,AI_Basics;Statistics,a,10,Coding_Interview,30,0.5649570844328703,0.9615969942161788,normal,10
A002706,S033,Q0008,Math_Basics,5,2026-08-28 22:52:57,a,1,35.0,,a,10,Coding_Interview,30,20.569123751099536,0.2403298285536085,fast,1
A002718,S033,Q0002,Math_Basics,4,2026-08-31 03:05:57,c,1,28.0,,c,10,Coding_Interview,30,18.39342930665509,0.2794490294139238,fast,2
A002751,S033,Q0006,Math_Basics,5,2026-09-07 13:49:57,b,1,31.0,,b,10,Coding_Interview,30,10.94620708443287,0.46825921516542873,fast,3
A002752,S033,Q0004,Math_Basics,2,2026-09-08 11:04:57,b,1,14.0,,b,10,Coding_Interview,30,10.060790417766205,0.4978975971932171,fast,4
A002715,S033,Q0123,NLP,3,2026-08-29 05:44:57,c,0,37.0,LSTM,a,10,Coding_Interview,30,20.283012639988424,0.24514355470338295,normal,1
A002723,S033,Q0121,NLP,3,2026-09-01 06:35:57,a,1,34.0,LSTM,a,10,Coding_Interview,30,17.247595973321758,0.3025489331740638,fast,2
A002725,S033,Q0123,NLP,3,2026-09-02 05:56:57,a,1,41.0,LSTM,a,10,Coding_Interview,30,16.27467930665509,0.323655756618937,normal,3
A002736,S033,Q0122,NLP,5,2026-09-04 08:34:57,c,0,47.0,LSTM,b,10,Coding_Interview,30,14.164957084432869,0.3746211589006246,fast,4
A002732,S033,Q0129,NLP,1,2026-09-04 23:39:57,b,1,27.0,LSTM,b,10,Coding_Interview,30,13.536484862210648,0.39130122010363283,slow,5
A002744,S033,Q0132,NLP,3,2026-09-06 11:08:57,a,1,34.0,LSTM,a,10,Coding_Interview,30,12.058012639988426,0.43352849762492546,fast,6
A002755,S033,Q0121,NLP,3,2026-09-10 14:03:57,a,1,39.0,LSTM,a,10,Coding_Interview,30,7.936484862210649,0.5768833434872356,normal,7
A002756,S033,Q0130,NLP,2,2026-09-10 17:09:57,a,1,26.0,LSTM,a,10,Coding_Interview,30,7.807318195543982,0.5820714575467173,fast,8
A002764,S033,Q0126,NLP,2,2026-09-11 09:28:57,b,1,28.0,LSTM,b,10,Coding_Interview,30,7.127457084432871,0.6101577929713676,fast,9
A002767,S033,Q0122,NLP,5,2026-09-12 04:13:57,d,0,63.0,LSTM,b,10,Coding_Interview,30,6.346207084432871,0.6441101321893433,normal,10
A002731,S033,Q0074,Neural_Networks,3,2026-09-04 21:16:57,b,1,25.0,ML,b,10,Coding_Interview,30,13.635790417766202,0.3886170108557203,fast,1
A002737,S033,Q0074,Neural_Networks,3,2026-09-05 12:43:57,b,1,32.0,ML,b,10,Coding_Interview,30,12.992040417766203,0.40635032640213936,fast,2
A002771,S033,Q0079,Neural_Networks,5,2026-09-14 08:01:57,d,0,57.0,ML,b,10,Coding_Interview,30,4.187873751099537,0.7480531193827322,normal,3
A002719,S033,Q0021,Python,5,2026-08-30 04:19:57,b,1,39.0,,b,10,Coding_Interview,30,19.342040417766203,0.2616655602593184,fast,1
A002721,S033,Q0016,Python,3,2026-09-01 09:35:57,a,1,14.0,,a,10,Coding_Interview,30,17.122595973321758,0.30518170908634706,fast,2
A002728,S033,Q0019,Python,5,2026-09-02 19:35:57,b,1,42.0,,b,10,Coding_Interview,30,15.705929306655092,0.3366699983757954,fast,3
A002742,S033,Q0013,Python,2,2026-09-06 00:08:57,b,1,18.0,,b,10,Coding_Interview,30,12.516345973321759,0.41997210262505524,fast,4
A002757,S033,Q0017,Python,2,2026-09-10 23:01:57,b,1,19.0,,b,10,Coding_Interview,30,7.562873751099538,0.5920178682194215,fast,5
A002769,S033,Q0013,Python,2,2026-09-12 16:54:57,b,1,17.0,,b,10,Coding_Interview,30,5.8177348622106475,0.6681419341795728,fast,6
A002766,S033,Q0021,Python,5,2026-09-12 23:24:57,b,1,34.0,,b,10,Coding_Interview,30,5.5469015288773145,0.6808032584285734,fast,7
A002774,S033,Q0015,Python,2,2026-09-15 06:22:57,b,1,17.0,,b,10,Coding_Interview,30,3.256623751099537,0.7979319529809221,fast,8
A002722,S033,Q0106,RNN,5,2026-09-02 02:35:57,b,1,40.0,Neural_Networks,b,10,Coding_Interview,30,16.414262639988426,0.32053942893569726,fast,1
A002747,S033,Q0106,RNN,5,2026-09-06 16:16:57,b,1,41.0,Neural_Networks,b,10,Coding_Interview,30,11.844123751099538,0.4400037196182274,fast,2
A002712,S033,Q0037,Statistics,4,2026-08-29 14:46:57,c,1,43.0,Math_Basics,c,10,Coding_Interview,30,19.906623751099538,0.2516233348186835,fast,1
A002717,S033,Q0043,Statistics,4,2026-08-30 15:36:57,c,1,37.0,Math_Basics,c,10,Coding_Interview,30,18.871901528877313,0.27033305756109094,fast,2
A002730,S033,Q0043,Statistics,4,2026-09-03 11:32:57,c,1,36.0,Math_Basics,c,10,Coding_Interview,30,15.041345973321759,0.3525415979499975,fast,3
A002738,S033,Q0045,Statistics,1,2026-09-05 16:53:57,b,1,11.0,Math_Basics,b,10,Coding_Interview,30,12.818429306655093,0.41126980775382593,fast,4
A002743,S033,Q0044,Statistics,3,2026-09-05 19:20:57,b,0,30.0,Math_Basics,c,10,Coding_Interview,30,12.716345973321758,0.41419022258367083,fast,5
A002745,S033,Q0042,Statistics,5,2026-09-06 10:54:57,b,1,55.0,Math_Basics,b,10,Coding_Interview,30,12.06773486221065,0.43323644418255064,normal,6
A002760,S033,Q0040,Statistics,3,2026-09-11 16:07:57,b,1,41.0,Math_Basics,b,10,Coding_Interview,30,6.8503737510995375,0.6219897128938142,normal,7
A002785,S034,Q0050,AI_Basics,3,2026-08-31 01:17:57,b,1,47.0,Python;Math_Basics,b,9,Entrance_Exam,30,18.468429306655093,0.27800005419989604,slow,1
A002814,S034,Q0054,AI_Basics,4,2026-09-05 09:05:57,d,0,44.0,Python;Math_Basics,b,9,Entrance_Exam,30,13.143429306655092,0.40210859232512625,normal,2
A002816,S034,Q0053,AI_Basics,4,2026-09-06 01:23:57,c,0,53.0,Python;Math_Basics,b,9,Entrance_Exam,30,12.464262639988425,0.42149100143926294,normal,3
A002823,S034,Q0056,AI_Basics,1,2026-09-08 15:20:57,b,1,20.0,Python;Math_Basics,b,9,Entrance_Exam,30,9.883012639988426,0.5040709562123316,fast,4
A002836,S034,Q0050,AI_Basics,3,2026-09-11 21:37:57,d,0,47.0,Python;Math_Basics,b,9,Entrance_Exam,30,6.6212070844328705,0.6319486726796401,slow,5
A002794,S034,Q0085,CNN,5,2026-09-01 14:14:57,b,1,46.0,Neural_Networks,b,9,Entrance_Exam,30,16.92884597332176,0.3093078605377928,fast,1
A002800,S034,Q0089,CNN,1,2026-09-02 22:21:57,b,1,26.0,Neural_Networks,b,9,Entrance_Exam,30,15.590651528877315,0.33937091844984174,normal,2
A002807,S034,Q0088,CNN,2,2026-09-04 02:39:57,b,1,29.0,Neural_Networks,b,9,Entrance_Exam,30,14.411484862210648,0.3682740157085874,normal,3
A002809,S034,Q0090,CNN,1,2026-09-04 11:51:57,a,1,18.0,Neural_Networks,a,9,Entrance_Exam,30,14.028151528877315,0.3781904523430954,fast,4
A002850,S034,Q0090,CNN,1,2026-09-14 04:01:57,a,1,19.0,Neural_Networks,a,9,Entrance_Exam,30,4.354540417766204,0.7394609964785496,fast,5
A002851,S034,Q0092,CNN,3,2026-09-14 20:07:57,a,1,25.0,Neural_Networks,a,9,Entrance_Exam,30,3.68370708443287,0.7746568530346736,fast,6
A002782,S034,Q0027,Data_Structures,2,2026-08-29 12:13:57,b,1,34.0,Python,b,9,Entrance_Exam,30,20.012873751099537,0.24977701439738356,normal,1
A002798,S034,Q0034,Data_Structures,3,2026-09-02 01:16:57,b,1,42.0,Python,b,9,Entrance_Exam,30,16.469123751099538,0.31932283390342625,normal,2
A002801,S034,Q0031,Data_Structures,3,2026-09-02 06:03:57,c,1,35.0,Python,c,9,Entrance_Exam,30,16.26981819554398,0.3237648296831211,normal,3
A002827,S034,Q0033,Data_Structures,2,2026-09-09 08:29:57,b,1,40.0,Python,b,9,Entrance_Exam,30,9.168429306655094,0.5296668301781899,slow,4
A002835,S034,Q0031,Data_Structures,3,2026-09-11 02:03:57,d,0,54.0,Python,c,9,Entrance_Exam,30,7.436484862210649,0.5972270906606721,slow,5
A002840,S034,Q0025,Data_Structures,4,2026-09-11 13:25:57,d,0,54.0,Python,c,9,Entrance_Exam,30,6.962873751099537,0.6171583574248979,slow,6
A002845,S034,Q0030,Data_Structures,2,2026-09-13 03:49:57,c,1,34.0,Python,c,9,Entrance_Exam,30,5.362873751099537,0.6895430949046164,normal,7
A002849,S034,Q0026,Data_Structures,2,2026-09-14 14:13:57,a,1,28.0,Python,a,9,Entrance_Exam,30,3.9295404177662037,0.7615686298530457,fast,8
A002789,S034,Q0120,LSTM,5,2026-08-31 09:14:57,d,0,74.0,RNN,b,9,Entrance_Exam,30,18.137179306655092,0.2844569172862032,slow,1
A002796,S034,Q0109,LSTM,4,2026-09-01 19:56:57,d,0,56.0,RNN,a,9,Entrance_Exam,30,16.69134597332176,0.31444190549353485,slow,2
A002805,S034,Q0110,LSTM,2,2026-09-03 10:21:57,d,0,36.0,RNN,a,9,Entrance_Exam,30,15.090651528877315,0.35133880804295375,normal,3
A002804,S034,Q0118,LSTM,4,2026-09-03 13:02:57,d,0,73.0,RNN,b,9,Entrance_Exam,30,14.978845973321759,0.3540721810206999,slow,4
A002806,S034,Q0120,LSTM,5,2026-09-03 22:53:57,d,0,68.0,RNN,b,9,Entrance_Exam,30,14.568429306655093,0.3642894372958112,slow,5
A002811,S034,Q0120,LSTM,5,2026-09-04 21:50:57,d,0,65.0,RNN,b,9,Entrance_Exam,30,13.612179306655092,0.3892535412178229,slow,6
A002812,S034,Q0120,LSTM,5,2026-09-06 01:43:57,a,0,75.0,RNN,b,9,Entrance_Exam,30,12.450373751099535,0.4218969680698417,slow,7
A002822,S034,Q0119,LSTM,4,2026-09-08 04:54:57,a,0,58.0,RNN,b,9,Entrance_Exam,30,10.31773486221065,0.48910852434687796,slow,8
A002824,S034,Q0118,LSTM,4,2026-09-08 22:24:57,c,0,65.0,RNN,b,9,Entrance_Exam,30,9.588568195543981,0.5144644094964166,slow,9
A002825,S034,Q0110,LSTM,2,2026-09-09 00:07:57,a,1,39.0,RNN,a,9,Entrance_Exam,30,9.517040417766204,0.5170214203683107,slow,10
A002828,S034,Q0119,LSTM,4,2026-09-09 06:15:57,c,0,58.0,RNN,b,9,Entrance_Exam,30,9.261484862210649,0.5262614102664906,slow,11
A002831,S034,Q0117,LSTM,5,2026-09-10 00:58:57,b,1,73.0,RNN,b,9,Entrance_Exam,30,8.481623751099537,0.5554918402859669,slow,12
A002842,S034,Q0116,LSTM,1,2026-09-12 19:52:57,b,1,30.0,RNN,b,9,Entrance_Exam,30,5.694123751099537,0.6738912155325708,slow,13
A002843,S034,Q0112,LSTM,3,2026-09-13 05:27:57,c,0,45.0,RNN,a,9,Entrance_Exam,30,5.294818195543981,0.6928035272976664,normal,14
A002844,S034,Q0110,LSTM,2,2026-09-13 23:47:57,d,0,39.0,RNN,a,9,Entrance_Exam,30,4.530929306655092,0.7304751344727215,slow,15
A002784,S034,Q0072,ML,5,2026-08-29 18:09:57,c,0,63.0,AI_Basics;Statistics,a,9,Entrance_Exam,30,19.765651528877314,0.2540941114884731,normal,1
A002795,S034,Q0063,ML,2,2026-09-02 00:08:57,a,0,38.0,AI_Basics;Statistics,b,9,Entrance_Exam,30,16.51634597332176,0.3182793367105007,slow,2
A002819,S034,Q0067,ML,3,2026-09-06 12:15:57,b,1,49.0,AI_Basics;Statistics,b,9,Entrance_Exam,30,12.011484862210649,0.4349289099470253,slow,3
A002817,S034,Q0070,ML,5,2026-09-06 18:38:57,d,0,66.0,AI_Basics;Statistics,b,9,Entrance_Exam,30,11.745512639988426,0.44302153558321433,slow,4
A002818,S034,Q0069,ML,5,2026-09-07 00:14:57,b,0,67.0,AI_Basics;Statistics,a,9,Entrance_Exam,30,11.512179306655094,0.4502449716699455,slow,5
A002839,S034,Q0070,ML,5,2026-09-11 13:21:57,a,0,82.0,AI_Basics;Statistics,b,9,Entrance_Exam,30,6.9656515288773155,0.6170395406484174,slow,6
A002791,S034,Q0001,Math_Basics,5,2026-08-31 11:48:57,d,0,54.0,,c,9,Entrance_Exam,30,18.030234862210648,0.28657338114915176,normal,1
A002793,S034,Q0002,Math_Basics,4,2026-08-31 19:07:57,b,0,46.0,,c,9,Entrance_Exam,30,17.725373751099536,0.2926935025096153,normal,2
A002826,S034,Q0003,Math_Basics,1,2026-09-08 11:32:57,b,1,22.0,,b,9,Entrance_Exam,30,10.041345973321759,0.4985691091215694,normal,3
A002830,S034,Q0010,Math_Basics,2,2026-09-10 00:11:57,b,1,36.0,,b,9,Entrance_Exam,30,8.514262639988427,0.5542365408341438,normal,4
A002847,S034,Q0008,Math_Basics,5,2026-09-13 04:48:57,b,0,62.0,,a,9,Entrance_Exam,30,5.321901528877315,0.6915041655265529,normal,5
A002848,S034,Q0008,Math_Basics,5,2026-09-13 14:49:57,b,0,67.0,,a,9,Entrance_Exam,30,4.904540417766204,0.7118010461007356,slow,6
A002846,S034,Q0010,Math_Basics,2,2026-09-13 23:10:57,c,0,30.0,,b,9,Entrance_Exam,30,4.556623751099536,0.7291753137769339,normal,7
A002797,S034,Q0124,NLP,2,2026-09-01 07:39:57,a,1,37.0,LSTM,a,9,Entrance_Exam,30,17.203151528877314,0.3034824189314496,slow,1
A002810,S034,Q0126,NLP,2,2026-09-05 01:18:57,b,1,34.0,LSTM,b,9,Entrance_Exam,30,13.467734862210648,0.3931703718771587,normal,2
A002813,S034,Q0122,NLP,5,2026-09-06 02:50:57,c,0,63.0,LSTM,b,9,Entrance_Exam,30,12.403845973321758,0.42325980745866715,normal,3
A002834,S034,Q0125,NLP,1,2026-09-10 15:31:57,a,1,27.0,LSTM,a,9,Entrance_Exam,30,7.875373751099538,0.5793321460962435,slow,4
A002838,S034,Q0131,NLP,1,2026-09-11 13:16:57,a,1,23.0,LSTM,a,9,Entrance_Exam,30,6.969123751099538,0.6168910518451075,normal,5
A002841,S034,Q0130,NLP,2,2026-09-12 23:45:57,d,0,35.0,LSTM,a,9,Entrance_Exam,30,5.532318195543981,0.6814917892866016,normal,6
A002852,S034,Q0123,NLP,3,2026-09-15 11:18:57,a,1,35.0,LSTM,a,9,Entrance_Exam,30,3.0510681955439813,0.8093822863102259,normal,7
A002779,S034,Q0078,Neural_Networks,3,2026-08-28 09:57:57,d,0,37.0,ML,b,9,Entrance_Exam,30,21.107318195543982,0.23152954031540798,normal,1
A002781,S034,Q0079,Neural_Networks,5,2026-08-28 18:54:57,a,0,62.0,ML,b,9,Entrance_Exam,30,20.734401528877314,0.23759227704674904,normal,2
A002778,S034,Q0077,Neural_Networks,2,2026-08-29 01:50:57,d,0,30.0,ML,a,9,Entrance_Exam,30,20.445512639988426,0.24239783795578604,normal,3
A002783,S034,Q0073,Neural_Networks,5,2026-08-29 05:39:57,c,0,61.0,ML,a,9,Entrance_Exam,30,20.286484862210646,0.24508456160702674,normal,4
A002776,S034,Q0019,Python,5,2026-08-28 21:26:57,a,0,67.0,,b,9,Entrance_Exam,30,20.62884597332176,0.23933700859788987,slow,1
A002792,S034,Q0017,Python,2,2026-08-31 06:24:57,b,1,47.0,,b,9,Entrance_Exam,30,18.255234862210646,0.2821387077497575,slow,2
A002790,S034,Q0017,Python,2,2026-08-31 07:30:57,b,1,31.0,,b,9,Entrance_Exam,30,18.209401528877315,0.2830364664454445,normal,3
A002788,S034,Q0019,Python,5,2026-08-31 11:31:57,a,0,72.0,,b,9,Entrance_Exam,30,18.042040417766202,0.2863389744286346,slow,4
A002808,S034,Q0018,Python,1,2026-09-03 07:07:57,b,1,30.0,,b,9,Entrance_Exam,30,15.225373751099536,0.3480731956995013,slow,5
A002832,S034,Q0014,Python,3,2026-09-09 19:10:57,c,0,48.0,,a,9,Entrance_Exam,30,8.723290417766204,0.5462642664578774,slow,6
A002853,S034,Q0023,Python,4,2026-09-16 07:56:57,d,0,50.0,,b,9,Entrance_Exam,30,2.1913459733217593,0.8590806026294594,normal,7
A002854,S034,Q0018,Python,1,2026-09-17 16:32:57,b,1,27.0,,b,9,Entrance_Exam,30,0.8330126399884259,0.9438952940787464,slow,8
A002787,S034,Q0102,RNN,2,2026-08-31 19:26:57,a,1,38.0,Neural_Networks,a,9,Entrance_Exam,30,17.71217930665509,0.2929613134181839,slow,1
A002786,S034,Q0107,RNN,1,2026-08-31 23:43:57,a,1,38.0,Neural_Networks,a,9,Entrance_Exam,30,17.53370708443287,0.2966079745673056,slow,2
A002799,S034,Q0099,RNN,2,2026-09-02 13:49:57,a,1,35.0,Neural_Networks,a,9,Entrance_Exam,30,15.946207084432869,0.33110926639656535,normal,3
A002815,S034,Q0099,RNN,2,2026-09-05 14:43:57,a,1,33.0,Neural_Networks,a,9,Entrance_Exam,30,12.90870708443287,0.40870428989589,normal,4
A002821,S034,Q0107,RNN,1,2026-09-08 03:52:57,a,1,25.0,Neural_Networks,a,9,Entrance_Exam,30,10.360790417766204,0.4876510128107966,normal,5
A002829,S034,Q0104,RNN,2,2026-09-09 09:42:57,a,0,38.0,Neural_Networks,b,9,Entrance_Exam,30,9.117734862210648,0.5315312849664277,slow,6
A002780,S034,Q0040,Statistics,3,2026-08-28 17:13:57,a,0,32.0,Math_Basics,b,9,Entrance_Exam,30,20.8045404177662,0.23643998810327616,fast,1
A002777,S034,Q0042,Statistics,5,2026-08-28 21:02:57,c,0,60.0,Math_Basics,b,9,Entrance_Exam,30,20.645512639988425,0.2390606752904779,normal,2
A002802,S034,Q0037,Statistics,4,2026-09-03 11:36:57,c,1,45.0,Math_Basics,c,9,Entrance_Exam,30,15.03856819554398,0.35260948315586244,normal,3
A002803,S034,Q0045,Statistics,1,2026-09-03 11:47:57,b,1,17.0,Math_Basics,b,9,Entrance_Exam,30,15.030929306655091,0.35279623488173173,fast,4
A002820,S034,Q0041,Statistics,4,2026-09-06 09:52:57,d,0,57.0,Math_Basics,b,9,Entrance_Exam,30,12.110790417766204,0.43194542780517275,slow,5
A002837,S034,Q0040,Statistics,3,2026-09-12 03:15:57,d,0,42.0,Math_Basics,b,9,Entrance_Exam,30,6.386484862210649,0.642314385834733,normal,6
A002859,S035,Q0057,AI_Basics,1,2026-08-29 19:33:57,a,1,26.0,Python;Math_Basics,a,11,Coding_Interview,30,19.70731819554398,0.25512358495010806,normal,1
A002866,S035,Q0054,AI_Basics,4,2026-08-30 11:26:57,a,0,61.0,Python;Math_Basics,b,11,Coding_Interview,30,19.045512639988424,0.26709941772091034,slow,2
A002864,S035,Q0052,AI_Basics,3,2026-08-30 18:38:57,b,1,50.0,Python;Math_Basics,b,11,Coding_Interview,30,18.745512639988426,0.2727117442623802,slow,3
A002874,S035,Q0055,AI_Basics,3,2026-09-01 22:24:57,d,0,48.0,Python;Math_Basics,a,11,Coding_Interview,30,16.58856819554398,0.31668999180815227,slow,4
A002873,S035,Q0052,AI_Basics,3,2026-09-02 00:19:57,a,0,45.0,Python;Math_Basics,b,11,Coding_Interview,30,16.50870708443287,0.31844790624217423,normal,5
A002883,S035,Q0053,AI_Basics,4,2026-09-03 14:43:57,c,0,50.0,Python;Math_Basics,b,11,Coding_Interview,30,14.90870708443287,0.3557977497904095,normal,6
A002896,S035,Q0054,AI_Basics,4,2026-09-06 15:15:57,d,0,61.0,Python;Math_Basics,b,11,Coding_Interview,30,11.886484862210649,0.4387136542713602,slow,7
A002897,S035,Q0053,AI_Basics,4,2026-09-07 01:07:57,d,0,49.0,Python;Math_Basics,b,11,Coding_Interview,30,11.475373751099538,0.45139508809689494,normal,8
A002918,S035,Q0050,AI_Basics,3,2026-09-11 23:52:57,a,0,47.0,Python;Math_Basics,b,11,Coding_Interview,30,6.5274570844328705,0.6360686078830362,slow,9
A002926,S035,Q0060,AI_Basics,1,2026-09-13 05:21:57,b,1,19.0,Python;Math_Basics,b,11,Coding_Interview,30,5.298984862210648,0.6926034666840973,fast,10
A002871,S035,Q0094,CNN,5,2026-08-31 23:49:57,b,0,75.0,Neural_Networks,a,11,Coding_Interview,30,17.529540417766203,0.2966936506810356,slow,1
A002876,S035,Q0095,CNN,5,2026-09-01 16:31:57,a,0,95.0,Neural_Networks,b,11,Coding_Interview,30,16.83370708443287,0.31135433939894713,slow,2
A002882,S035,Q0092,CNN,3,2026-09-03 04:31:57,d,0,45.0,Neural_Networks,a,11,Coding_Interview,30,15.33370708443287,0.3454692699929224,normal,3
A002884,S035,Q0089,CNN,1,2026-09-03 08:12:57,d,0,30.0,Neural_Networks,b,11,Coding_Interview,30,15.180234862210646,0.34916394888822916,slow,4
A002885,S035,Q0087,CNN,1,2026-09-04 18:10:57,a,0,21.0,Neural_Networks,b,11,Coding_Interview,30,13.76495708443287,0.3851531932236515,normal,5
A002902,S035,Q0085,CNN,5,2026-09-07 15:32:57,c,0,86.0,Neural_Networks,b,11,Coding_Interview,30,10.874679306655093,0.4705865751964455,slow,6
A002929,S035,Q0085,CNN,5,2026-09-15 11:25:57,c,0,72.0,Neural_Networks,b,11,Coding_Interview,30,3.0462070844328704,0.8096550508270274,slow,7
A002855,S035,Q0026,Data_Structures,2,2026-08-28 06:45:57,c,0,42.0,Python,a,11,Coding_Interview,30,21.240651528877315,0.2293996105335228,slow,1
A002865,S035,Q0027,Data_Structures,2,2026-08-30 08:22:57,b,1,44.0,Python,b,11,Coding_Interview,30,19.173290417766204,0.26474419541656175,slow,2
A002870,S035,Q0027,Data_Structures,2,2026-08-31 17:01:57,a,0,51.0,Python,b,11,Coding_Interview,30,17.812873751099538,0.2909236777964477,slow,3
A002892,S035,Q0034,Data_Structures,3,2026-09-05 05:41:57,d,0,58.0,Python,b,11,Coding_Interview,30,13.285095973321758,0.39817937600976827,slow,4
A002857,S035,Q0119,LSTM,4,2026-08-29 17:25:57,a,0,49.0,RNN,b,11,Coding_Interview,30,19.79620708443287,0.253556522430857,normal,1
A002868,S035,Q0118,LSTM,4,2026-08-31 04:23:57,a,0,72.0,RNN,b,11,Coding_Interview,30,18.339262639988426,0.2805002061041138,slow,2
A002869,S035,Q0117,LSTM,5,2026-08-31 16:37:57,a,0,67.0,RNN,b,11,Coding_Interview,30,17.829540417766204,0.2905877836421716,slow,3
A002879,S035,Q0115,LSTM,4,2026-09-03 01:15:57,c,0,58.0,RNN,a,11,Coding_Interview,30,15.469818195543981,0.34222526587434166,slow,4
A002893,S035,Q0119,LSTM,4,2026-09-06 02:05:57,d,0,58.0,RNN,b,11,Coding_Interview,30,12.435095973321758,0.42234398299920706,slow,5
A002904,S035,Q0109,LSTM,4,2026-09-07 07:58:57,b,0,60.0,RNN,a,11,Coding_Interview,30,11.189957084432871,0.4604142181856501,slow,6
A002917,S035,Q0117,LSTM,5,2026-09-11 14:30:57,c,0,61.0,RNN,b,11,Coding_Interview,30,6.917734862210649,0.619092339859134,normal,7
A002924,S035,Q0109,LSTM,4,2026-09-13 12:45:57,b,0,62.0,RNN,a,11,Coding_Interview,30,4.990651528877315,0.7075651254183288,slow,8
A002928,S035,Q0116,LSTM,1,2026-09-15 20:24:57,d,0,20.0,RNN,b,11,Coding_Interview,30,2.671901528877315,0.8309363336946886,fast,9
A002933,S035,Q0112,LSTM,3,2026-09-16 15:29:57,b,0,47.0,RNN,a,11,Coding_Interview,30,1.876762639988426,0.8780188000234916,slow,10
A002861,S035,Q0065,ML,1,2026-08-30 22:49:57,b,1,24.0,AI_Basics;Statistics,b,11,Coding_Interview,30,18.57120708443287,0.2760266160317322,normal,1
A002877,S035,Q0063,ML,2,2026-09-02 18:37:57,c,0,35.0,AI_Basics;Statistics,b,11,Coding_Interview,30,15.74620708443287,0.3357313795091195,normal,2
A002881,S035,Q0065,ML,1,2026-09-03 14:33:57,b,1,22.0,AI_Basics;Statistics,b,11,Coding_Interview,30,14.915651528877314,0.35562652697023683,normal,3
A002888,S035,Q0070,ML,5,2026-09-06 00:13:57,b,1,56.0,AI_Basics;Statistics,b,11,Coding_Interview,30,12.512873751099535,0.4200731920390706,normal,4
A002906,S035,Q0068,ML,2,2026-09-07 14:34:57,a,0,40.0,AI_Basics;Statistics,b,11,Coding_Interview,30,10.91495708443287,0.46927460371097107,slow,5
A002905,S035,Q0064,ML,1,2026-09-07 17:21:57,a,1,25.0,AI_Basics;Statistics,a,11,Coding_Interview,30,10.798984862210649,0.47306210872906435,normal,6
A002920,S035,Q0065,ML,1,2026-09-11 23:20:57,b,1,29.0,AI_Basics;Statistics,b,11,Coding_Interview,30,6.549679306655093,0.6350896083725533,slow,7
A002921,S035,Q0072,ML,5,2026-09-12 12:13:57,d,0,58.0,AI_Basics;Statistics,a,11,Coding_Interview,30,6.012873751099537,0.6591654928531655,normal,8
A002922,S035,Q0065,ML,1,2026-09-12 22:17:57,b,1,33.0,AI_Basics;Statistics,b,11,Coding_Interview,30,5.593429306655092,0.6786111639270944,slow,9
A002925,S035,Q0064,ML,1,2026-09-13 05:31:57,a,1,31.0,AI_Basics;Statistics,a,11,Coding_Interview,30,5.292040417766204,0.692936933143524,slow,10
A002934,S035,Q0066,ML,2,2026-09-16 03:43:57,d,0,42.0,AI_Basics;Statistics,a,11,Coding_Interview,30,2.3670404177662037,0.8486819846851527,slow,11
A002863,S035,Q0003,Math_Basics,1,2026-08-30 04:26:57,b,1,18.0,,b,11,Coding_Interview,30,19.33717930665509,0.2617537424215857,fast,1
A002872,S035,Q0004,Math_Basics,2,2026-08-31 18:37:57,b,1,42.0,,b,11,Coding_Interview,30,17.746207084432868,0.2922711415478489,slow,2
A002867,S035,Q0011,Math_Basics,1,2026-09-01 02:53:57,c,1,13.0,,c,11,Coding_Interview,30,17.401762639988426,0.2993331023318756,fast,3
A002880,S035,Q0012,Math_Basics,4,2026-09-02 10:11:57,d,0,52.0,,a,11,Coding_Interview,30,16.09759597332176,0.3276529446780017,normal,4
A002887,S035,Q0004,Math_Basics,2,2026-09-04 06:58:57,b,1,34.0,,b,11,Coding_Interview,30,14.231623751099535,0.3728940351433725,normal,5
A002890,S035,Q0008,Math_Basics,5,2026-09-05 09:05:57,d,0,64.0,,a,11,Coding_Interview,30,13.143429306655092,0.40210859232512625,slow,6
A002903,S035,Q0001,Math_Basics,5,2026-09-08 03:14:57,a,0,56.0,,c,11,Coding_Interview,30,10.387179306655094,0.48675984690216567,normal,7
A002856,S035,Q0127,NLP,3,2026-08-29 00:52:57,a,0,61.0,LSTM,b,11,Coding_Interview,30,20.485790417766204,0.24172204508726677,slow,1
A002862,S035,Q0127,NLP,3,2026-08-30 21:04:57,c,0,53.0,LSTM,b,11,Coding_Interview,30,18.644123751099535,0.27463504241488645,slow,2
A002889,S035,Q0125,NLP,1,2026-09-05 22:38:57,b,0,23.0,LSTM,a,11,Coding_Interview,30,12.578845973321759,0.41815664740179487,normal,3
A002909,S035,Q0129,NLP,1,2026-09-07 05:42:57,c,0,36.0,LSTM,b,11,Coding_Interview,30,11.284401528877316,0.45741001121818475,slow,4
A002913,S035,Q0126,NLP,2,2026-09-09 06:10:57,d,0,30.0,LSTM,b,11,Coding_Interview,30,9.26495708443287,0.5261347669610121,normal,5
A002912,S035,Q0125,NLP,1,2026-09-09 09:38:57,b,0,39.0,LSTM,a,11,Coding_Interview,30,9.120512639988426,0.5314289533150476,slow,6
A002919,S035,Q0128,NLP,1,2026-09-12 02:22:57,b,1,39.0,LSTM,b,11,Coding_Interview,30,6.4232904177662045,0.6406778232183141,slow,7
A002858,S035,Q0073,Neural_Networks,5,2026-08-29 08:42:57,c,0,76.0,ML,a,11,Coding_Interview,30,20.159401528877314,0.24725298564277523,slow,1
A002901,S035,Q0075,Neural_Networks,5,2026-09-06 08:39:57,d,0,63.0,ML,b,11,Coding_Interview,30,12.161484862210648,0.4304302907964837,normal,2
A002900,S035,Q0083,Neural_Networks,4,2026-09-06 13:18:57,c,0,67.0,ML,b,11,Coding_Interview,30,11.967734862210648,0.4362498419564573,slow,3
A002899,S035,Q0075,Neural_Networks,5,2026-09-07 00:21:57,d,0,78.0,ML,b,11,Coding_Interview,30,11.507318195543982,0.4503967057197475,slow,4
A002927,S035,Q0080,Neural_Networks,2,2026-09-14 20:21:57,b,0,31.0,ML,a,11,Coding_Interview,30,3.673984862210648,0.7751790648744806,normal,5
A002935,S035,Q0075,Neural_Networks,5,2026-09-17 13:13:57,d,0,64.0,ML,b,11,Coding_Interview,30,0.9712070844328703,0.9348969728486415,slow,6
A002878,S035,Q0022,Python,4,2026-09-02 04:19:57,c,0,61.0,,a,11,Coding_Interview,30,16.342040417766203,0.32214809267802735,slow,1
A002895,S035,Q0021,Python,5,2026-09-06 16:19:57,a,0,87.0,,b,11,Coding_Interview,30,11.842040417766205,0.44006726323483125,slow,2
A002898,S035,Q0018,Python,1,2026-09-06 23:27:57,d,0,24.0,,b,11,Coding_Interview,30,11.544818195543982,0.4492275089006771,normal,3
A002911,S035,Q0014,Python,3,2026-09-09 02:12:57,d,0,48.0,,a,11,Coding_Interview,30,9.430234862210648,0.520141665593722,slow,4
A002891,S035,Q0099,RNN,2,2026-09-05 16:56:57,d,0,40.0,Neural_Networks,a,11,Coding_Interview,30,12.816345973321758,0.41132920173123905,slow,1
A002908,S035,Q0106,RNN,5,2026-09-07 23:01:57,c,0,69.0,Neural_Networks,b,11,Coding_Interview,30,10.562873751099538,0.48086793214693513,slow,2
A002914,S035,Q0103,RNN,3,2026-09-11 00:59:57,c,0,45.0,Neural_Networks,b,11,Coding_Interview,30,7.480929306655093,0.5953900716168025,normal,3
A002931,S035,Q0108,RNN,5,2026-09-15 11:26:57,d,0,74.0,Neural_Networks,b,11,Coding_Interview,30,3.045512639988426,0.8096940246897295,slow,4
A002860,S035,Q0045,Statistics,1,2026-08-29 13:06:57,b,1,28.0,Math_Basics,b,11,Coding_Interview,30,19.97606819554398,0.25041505072295833,slow,1
A002875,S035,Q0045,Statistics,1,2026-09-02 02:39:57,b,1,25.0,Math_Basics,b,11,Coding_Interview,30,16.411484862210646,0.3206011518224365,normal,2
A002886,S035,Q0043,Statistics,4,2026-09-04 19:33:57,a,0,52.0,Math_Basics,c,11,Coding_Interview,30,13.70731819554398,0.3866950442164016,normal,3
A002894,S035,Q0038,Statistics,2,2026-09-05 12:18:57,b,1,31.0,Math_Basics,b,11,Coding_Interview,30,13.009401528877314,0.4058616264393008,normal,4
A002910,S035,Q0042,Statistics,5,2026-09-07 12:19:57,a,0,64.0,Math_Basics,b,11,Coding_Interview,30,11.00870708443287,0.46623502443300086,slow,5
A002907,S035,Q0040,Statistics,3,2026-09-07 22:33:57,c,0,48.0,Math_Basics,b,11,Coding_Interview,30,10.582318195543982,0.4802202615502396,slow,6
A002915,S035,Q0045,Statistics,1,2026-09-10 03:23:57,b,1,20.0,Math_Basics,b,11,Coding_Interview,30,8.380929306655093,0.5593825169401456,fast,7
A002916,S035,Q0039,Statistics,3,2026-09-10 11:27:57,b,1,50.0,Math_Basics,b,11,Coding_Interview,30,8.044818195543982,0.5725676955535164,slow,8
A002932,S035,Q0045,Statistics,1,2026-09-15 07:52:57,b,1,25.0,Math_Basics,b,11,Coding_Interview,30,3.194123751099537,0.8013962282491655,normal,9
A002930,S035,Q0048,Statistics,4,2026-09-15 12:51:57,c,0,55.0,Math_Basics,b,11,Coding_Interview,30,2.986484862210648,0.8130136692722839,slow,10
A002940,S036,Q0054,AI_Basics,4,2026-08-29 04:59:57,c,0,62.0,Python;Math_Basics,b,10,Coding_Interview,45,20.314262639988424,0.24461312762403334,slow,1
A002959,S036,Q0055,AI_Basics,3,2026-08-31 06:59:57,d,0,53.0,Python;Math_Basics,a,10,Coding_Interview,45,18.230929306655092,0.2826144366907884,slow,2
A002957,S036,Q0060,AI_Basics,1,2026-08-31 18:44:57,c,0,37.0,Python;Math_Basics,b,10,Coding_Interview,45,17.74134597332176,0.2923696378925894,slow,3
A002971,S036,Q0050,AI_Basics,3,2026-09-03 21:46:57,a,0,58.0,Python;Math_Basics,b,10,Coding_Interview,45,14.61495708443287,0.3631164745307883,slow,4
A002978,S036,Q0051,AI_Basics,3,2026-09-05 04:07:57,c,0,44.0,Python;Math_Basics,b,10,Coding_Interview,45,13.350373751099536,0.39638179932603385,normal,5
A002976,S036,Q0052,AI_Basics,3,2026-09-05 16:13:57,c,0,61.0,Python;Math_Basics,b,10,Coding_Interview,45,12.84620708443287,0.4104787070729712,slow,6
A002986,S036,Q0056,AI_Basics,1,2026-09-08 06:33:57,c,0,33.0,Python;Math_Basics,b,10,Coding_Interview,45,10.248984862210648,0.49144487807837794,slow,7
A003008,S036,Q0059,AI_Basics,4,2026-09-14 13:35:57,d,0,67.0,Python;Math_Basics,a,10,Coding_Interview,45,3.9559293066550922,0.760176888664822,slow,8
A003015,S036,Q0059,AI_Basics,4,2026-09-16 05:04:57,d,0,68.0,Python;Math_Basics,a,10,Coding_Interview,45,2.3107904177662038,0.8519974149156732,slow,9
A002965,S036,Q0094,CNN,5,2026-09-01 22:43:57,d,0,66.0,Neural_Networks,a,10,Coding_Interview,45,16.575373751099537,0.31697975920549293,slow,1
A002967,S036,Q0096,CNN,3,2026-09-02 18:37:57,c,0,54.0,Neural_Networks,b,10,Coding_Interview,45,15.74620708443287,0.3357313795091195,slow,2
A002973,S036,Q0090,CNN,1,2026-09-04 08:23:57,a,1,24.0,Neural_Networks,a,10,Coding_Interview,45,14.172595973321759,0.3744228542106799,normal,3
A002983,S036,Q0095,CNN,5,2026-09-07 04:38:57,c,0,63.0,Neural_Networks,b,10,Coding_Interview,45,11.32884597332176,0.4560030574570369,normal,4
A003001,S036,Q0088,CNN,2,2026-09-12 05:39:57,b,1,50.0,Neural_Networks,b,10,Coding_Interview,45,6.286484862210648,0.6467820356975571,slow,5
A003007,S036,Q0094,CNN,5,2026-09-14 21:37:57,d,0,72.0,Neural_Networks,a,10,Coding_Interview,45,3.62120708443287,0.7780200778902739,slow,6
A003018,S036,Q0086,CNN,2,2026-09-17 00:03:57,b,1,50.0,Neural_Networks,b,10,Coding_Interview,45,1.5198181955439816,0.900013271441442,slow,7
A002945,S036,Q0027,Data_Structures,2,2026-08-29 19:13:57,a,0,29.0,Python,b,10,Coding_Interview,45,19.72120708443287,0.25487809453419624,normal,1
A002952,S036,Q0033,Data_Structures,2,2026-08-31 00:20:57,a,0,34.0,Python,b,10,Coding_Interview,45,18.508012639988426,0.27723834876757286,normal,2
A002960,S036,Q0030,Data_Structures,2,2026-08-31 07:16:57,d,0,42.0,Python,c,10,Coding_Interview,45,18.219123751099538,0.282845794379373,slow,3
A002958,S036,Q0029,Data_Structures,1,2026-08-31 08:50:57,c,0,26.0,Python,b,10,Coding_Interview,45,18.153845973321758,0.2841284895130376,normal,4
A002988,S036,Q0027,Data_Structures,2,2026-09-08 04:43:57,a,0,38.0,Python,b,10,Coding_Interview,45,10.325373751099537,0.4888496160819136,slow,5
A003014,S036,Q0031,Data_Structures,3,2026-09-16 13:30:57,a,0,59.0,Python,c,10,Coding_Interview,45,1.959401528877315,0.8730038050747518,slow,6
A002946,S036,Q0118,LSTM,4,2026-08-29 20:03:57,d,0,61.0,RNN,b,10,Coding_Interview,45,19.686484862210648,0.2554922639860818,slow,1
A002961,S036,Q0117,LSTM,5,2026-08-31 22:36:57,a,0,74.0,RNN,b,10,Coding_Interview,45,17.58023486221065,0.29565293696709705,slow,2
A002970,S036,Q0117,LSTM,5,2026-09-04 02:50:57,c,0,62.0,RNN,b,10,Coding_Interview,45,14.403845973321758,0.3684690638037517,normal,3
A002977,S036,Q0116,LSTM,1,2026-09-05 21:14:57,b,1,24.0,RNN,b,10,Coding_Interview,45,12.637179306655092,0.41646930371151797,normal,4
A002996,S036,Q0120,LSTM,5,2026-09-10 13:05:57,a,0,68.0,RNN,b,10,Coding_Interview,45,7.976762639988427,0.5752750220072094,slow,5
A002998,S036,Q0113,LSTM,5,2026-09-11 10:34:57,c,0,68.0,RNN,b,10,Coding_Interview,45,7.081623751099538,0.61209930063882,slow,6
A003006,S036,Q0116,LSTM,1,2026-09-14 17:14:57,a,0,26.0,RNN,b,10,Coding_Interview,45,3.803845973321759,0.7682327658891875,normal,7
A003012,S036,Q0120,LSTM,5,2026-09-15 22:58:57,d,0,64.0,RNN,b,10,Coding_Interview,45,2.5649570844328706,0.8371188049787543,slow,8
A003016,S036,Q0110,LSTM,2,2026-09-16 13:03:57,b,0,28.0,RNN,a,10,Coding_Interview,45,1.978151528877315,0.8718699418111452,fast,9
A002936,S036,Q0067,ML,3,2026-08-29 00:42:57,a,0,43.0,AI_Basics;Statistics,b,10,Coding_Interview,45,20.492734862210646,0.24160571964596733,normal,1
A002942,S036,Q0063,ML,2,2026-08-29 16:55:57,d,0,43.0,AI_Basics;Statistics,b,10,Coding_Interview,45,19.817040417766204,0.2531906366979732,slow,2
A002951,S036,Q0070,ML,5,2026-08-30 07:48:57,c,0,66.0,AI_Basics;Statistics,b,10,Coding_Interview,45,19.196901528877316,0.2643112700845382,slow,3
A002948,S036,Q0061,ML,3,2026-08-30 23:05:57,c,0,55.0,AI_Basics;Statistics,b,10,Coding_Interview,45,18.560095973321758,0.27623928354967253,slow,4
A002954,S036,Q0070,ML,5,2026-09-01 01:51:57,a,0,88.0,AI_Basics;Statistics,b,10,Coding_Interview,45,17.44481819554398,0.29844110918912203,slow,5
A002962,S036,Q0067,ML,3,2026-09-01 07:44:57,a,0,64.0,AI_Basics;Statistics,b,10,Coding_Interview,45,17.199679306655092,0.30355546868809297,slow,6
A003004,S036,Q0063,ML,2,2026-09-14 02:22:57,a,0,35.0,AI_Basics;Statistics,b,10,Coding_Interview,45,4.423290417766204,0.7359455616139587,normal,7
A003011,S036,Q0071,ML,3,2026-09-15 15:26:57,a,0,45.0,AI_Basics;Statistics,b,10,Coding_Interview,45,2.8788459733217593,0.8191022160724352,normal,8
A002938,S036,Q0008,Math_Basics,5,2026-08-28 04:34:57,c,0,77.0,,a,10,Coding_Interview,45,21.331623751099535,0.2279576333387045,slow,1
A002939,S036,Q0008,Math_Basics,5,2026-08-28 21:44:57,d,0,68.0,,a,10,Coding_Interview,45,20.61634597332176,0.23954446817581648,slow,2
A002956,S036,Q0010,Math_Basics,2,2026-08-31 20:56:57,b,1,40.0,,b,10,Coding_Interview,45,17.64967930665509,0.2942332246743195,slow,3
A002964,S036,Q0001,Math_Basics,5,2026-09-01 10:43:57,a,0,67.0,,c,10,Coding_Interview,45,17.075373751099537,0.3061822649504354,slow,4
A002969,S036,Q0001,Math_Basics,5,2026-09-02 18:24:57,a,0,74.0,,c,10,Coding_Interview,45,15.755234862210648,0.33552135867368493,slow,5
A002984,S036,Q0005,Math_Basics,3,2026-09-07 16:23:57,d,0,49.0,,a,10,Coding_Interview,45,10.839262639988426,0.4717432355817548,slow,6
A002987,S036,Q0004,Math_Basics,2,2026-09-08 17:54:57,c,0,47.0,,b,10,Coding_Interview,45,9.776068195543981,0.5078214291252893,slow,7
A002992,S036,Q0007,Math_Basics,5,2026-09-09 07:54:57,a,0,69.0,,c,10,Coding_Interview,45,9.19273486221065,0.5287752343943002,slow,8
A002994,S036,Q0002,Math_Basics,4,2026-09-10 03:57:57,d,0,65.0,,c,10,Coding_Interview,45,8.357318195543982,0.560298750522607,slow,9
A003019,S036,Q0006,Math_Basics,5,2026-09-16 10:03:57,a,0,72.0,,b,10,Coding_Interview,45,2.103151528877315,0.8643483960792065,slow,10
A002968,S036,Q0126,NLP,2,2026-09-02 15:05:57,b,1,29.0,LSTM,b,10,Coding_Interview,45,15.893429306655092,0.33232277405964283,normal,1
A002974,S036,Q0128,NLP,1,2026-09-04 06:13:57,b,1,33.0,LSTM,b,10,Coding_Interview,45,14.262873751099535,0.3720871891538571,slow,2
A002979,S036,Q0130,NLP,2,2026-09-07 02:19:57,a,1,39.0,LSTM,a,10,Coding_Interview,45,11.425373751099537,0.4529622183211922,slow,3
A002989,S036,Q0129,NLP,1,2026-09-08 11:57:57,b,1,20.0,LSTM,b,10,Coding_Interview,45,10.023984862210648,0.49916943861622437,fast,4
A002993,S036,Q0124,NLP,2,2026-09-10 19:49:57,b,0,34.0,LSTM,a,10,Coding_Interview,45,7.696207084432871,0.5865716668957764,normal,5
A002941,S036,Q0076,Neural_Networks,2,2026-08-29 21:35:57,d,0,38.0,ML,b,10,Coding_Interview,45,19.622595973321758,0.2566262051717112,slow,1
A002955,S036,Q0076,Neural_Networks,2,2026-08-31 07:39:57,b,1,37.0,ML,b,10,Coding_Interview,45,18.203151528877314,0.2831591092144371,slow,2
A002963,S036,Q0075,Neural_Networks,5,2026-09-01 17:17:57,d,0,70.0,ML,b,10,Coding_Interview,45,16.801762639988425,0.312044510267332,slow,3
A002991,S036,Q0084,Neural_Networks,1,2026-09-09 14:44:57,b,1,24.0,ML,b,10,Coding_Interview,45,8.908012639988426,0.5393145030823848,normal,4
A003005,S036,Q0082,Neural_Networks,2,2026-09-13 21:18:57,d,0,39.0,ML,b,10,Coding_Interview,45,4.634401528877315,0.7252548016410184,slow,5
A002943,S036,Q0022,Python,4,2026-08-29 19:10:57,c,0,43.0,,a,10,Coding_Interview,45,19.723290417766204,0.2548412913514265,fast,1
A002949,S036,Q0015,Python,2,2026-08-30 04:58:57,b,1,32.0,,b,10,Coding_Interview,45,19.31495708443287,0.26215723947510305,normal,2
A002966,S036,Q0022,Python,4,2026-09-03 00:05:57,d,0,46.0,,a,10,Coding_Interview,45,15.518429306655092,0.3410740901735957,normal,3
A002982,S036,Q0021,Python,5,2026-09-07 20:35:57,b,1,49.0,,b,10,Coding_Interview,45,10.664262639988426,0.47750036332772916,fast,4
A002985,S036,Q0022,Python,4,2026-09-08 18:25:57,a,1,41.0,,a,10,Coding_Interview,45,9.754540417766204,0.5085797617697653,fast,5
A003003,S036,Q0014,Python,3,2026-09-13 23:31:57,b,0,45.0,,a,10,Coding_Interview,45,4.542040417766204,0.7299127657474292,normal,6
A003009,S036,Q0020,Python,2,2026-09-14 20:36:57,c,1,32.0,,c,10,Coding_Interview,45,3.663568195543981,0.7757389682157376,normal,7
A003010,S036,Q0022,Python,4,2026-09-15 19:04:57,a,1,58.0,,a,10,Coding_Interview,45,2.7274570844328707,0.8277427023708781,slow,8
A003021,S036,Q0022,Python,4,2026-09-17 10:24:57,a,1,49.0,,a,10,Coding_Interview,45,1.0885681955439814,0.9273225741109062,normal,9
A002937,S036,Q0098,RNN,4,2026-08-29 02:03:57,c,0,60.0,Neural_Networks,a,10,Coding_Interview,45,20.436484862210648,0.24254956777899686,slow,1
A002944,S036,Q0101,RNN,1,2026-08-29 07:56:57,c,0,24.0,Neural_Networks,b,10,Coding_Interview,45,20.19134597332176,0.24670611876258036,normal,2
A002947,S036,Q0104,RNN,2,2026-08-31 01:07:57,d,0,42.0,Neural_Networks,b,10,Coding_Interview,45,18.475373751099536,0.2778662704609143,slow,3
A002972,S036,Q0098,RNN,4,2026-09-04 06:47:57,c,0,47.0,Neural_Networks,a,10,Coding_Interview,45,14.239262639988425,0.37269664470168373,normal,4
A002975,S036,Q0097,RNN,2,2026-09-05 09:29:57,c,0,37.0,Neural_Networks,b,10,Coding_Interview,45,13.126762639988424,0.4025733948156278,slow,5
A002981,S036,Q0108,RNN,5,2026-09-06 15:07:57,d,0,76.0,Neural_Networks,b,10,Coding_Interview,45,11.892040417766204,0.43854474616597927,slow,6
A002990,S036,Q0102,RNN,2,2026-09-09 16:10:57,d,0,39.0,Neural_Networks,a,10,Coding_Interview,45,8.848290417766204,0.5415516924088722,slow,7
A002999,S036,Q0101,RNN,1,2026-09-11 03:40:57,c,0,27.0,Neural_Networks,b,10,Coding_Interview,45,7.369123751099537,0.6000221335915126,slow,8
A002997,S036,Q0099,RNN,2,2026-09-11 05:05:57,a,1,25.0,Neural_Networks,a,10,Coding_Interview,45,7.31009597332176,0.6024821495536571,fast,9
A003000,S036,Q0097,RNN,2,2026-09-12 13:07:57,c,0,34.0,Neural_Networks,b,10,Coding_Interview,45,5.975373751099537,0.6608810917027793,normal,10
A003002,S036,Q0108,RNN,5,2026-09-12 14:55:57,c,0,68.0,Neural_Networks,b,10,Coding_Interview,45,5.900373751099536,0.6643256965034977,slow,11
A003013,S036,Q0105,RNN,4,2026-09-15 08:51:57,c,0,48.0,Neural_Networks,b,10,Coding_Interview,45,3.1531515288773146,0.8036754108142051,normal,12
A002950,S036,Q0038,Statistics,2,2026-08-31 02:13:57,c,0,41.0,Math_Basics,b,10,Coding_Interview,45,18.4295404177662,0.27875043436218827,slow,1
A002953,S036,Q0047,Statistics,5,2026-08-31 20:42:57,d,0,70.0,Math_Basics,b,10,Coding_Interview,45,17.659401528877314,0.29403500973205393,slow,2
A002980,S036,Q0048,Statistics,4,2026-09-06 07:15:57,a,0,65.0,Math_Basics,b,10,Coding_Interview,45,12.219818195543981,0.42869342055947507,slow,3
A003017,S036,Q0047,Statistics,5,2026-09-16 15:10:57,c,0,64.0,Math_Basics,b,10,Coding_Interview,45,1.8899570844328706,0.8772161581666846,slow,4
A003020,S036,Q0045,Statistics,1,2026-09-17 17:48:57,b,1,30.0,Math_Basics,b,10,Coding_Interview,45,0.7802348622106481,0.9473546481009787,slow,5
A003027,S037,Q0051,AI_Basics,3,2026-08-28 21:20:57,b,1,43.0,Python;Math_Basics,b,10,Board_Exam,30,20.633012639988426,0.23926789534008558,normal,1
A003033,S037,Q0057,AI_Basics,1,2026-08-29 07:24:57,a,1,24.0,Python;Math_Basics,a,10,Board_Exam,30,20.21356819554398,0.2463264031682115,normal,2
A003028,S037,Q0054,AI_Basics,4,2026-08-29 19:46:57,c,0,53.0,Python;Math_Basics,b,10,Board_Exam,30,19.698290417766202,0.25528328050171795,normal,3
A003042,S037,Q0051,AI_Basics,3,2026-09-01 14:38:57,a,0,29.0,Python;Math_Basics,b,10,Board_Exam,30,16.91217930665509,0.30966539346957717,fast,4
A003067,S037,Q0059,AI_Basics,4,2026-09-05 10:23:57,b,0,46.0,Python;Math_Basics,a,10,Board_Exam,30,13.089262639988425,0.4036211657631654,normal,5
A003066,S037,Q0055,AI_Basics,3,2026-09-05 12:37:57,a,1,37.0,Python;Math_Basics,a,10,Board_Exam,30,12.99620708443287,0.4062329847714738,normal,6
A003074,S037,Q0049,AI_Basics,4,2026-09-06 10:21:57,b,0,43.0,Python;Math_Basics,a,10,Board_Exam,30,12.090651528877315,0.43254881071334444,fast,7
A003079,S037,Q0059,AI_Basics,4,2026-09-07 22:46:57,c,0,45.0,Python;Math_Basics,a,10,Board_Exam,30,10.573290417766204,0.480520857199119,normal,8
A003082,S037,Q0050,AI_Basics,3,2026-09-08 06:12:57,b,1,39.0,Python;Math_Basics,b,10,Board_Exam,30,10.263568195543982,0.4909483571093856,normal,9
A003081,S037,Q0055,AI_Basics,3,2026-09-08 22:16:57,c,0,38.0,Python;Math_Basics,a,10,Board_Exam,30,9.594123751099538,0.5142663367721055,normal,10
A003085,S037,Q0056,AI_Basics,1,2026-09-09 20:24:57,b,1,30.0,Python;Math_Basics,b,10,Board_Exam,30,8.671901528877315,0.5482135328293836,slow,11
A003060,S037,Q0086,CNN,2,2026-09-05 01:41:57,b,1,25.0,Neural_Networks,b,10,Board_Exam,30,13.451762639988425,0.3936058958010235,fast,1
A003073,S037,Q0093,CNN,4,2026-09-06 19:22:57,a,0,53.0,Neural_Networks,b,10,Board_Exam,30,11.714957084432871,0.4439608272548879,normal,2
A003078,S037,Q0086,CNN,2,2026-09-07 08:47:57,b,1,32.0,Neural_Networks,b,10,Board_Exam,30,11.155929306655093,0.461501444726085,normal,3
A003077,S037,Q0088,CNN,2,2026-09-07 12:01:57,b,1,35.0,Neural_Networks,b,10,Board_Exam,30,11.02120708443287,0.46583123751978167,normal,4
A003093,S037,Q0090,CNN,1,2026-09-12 22:29:57,b,0,28.0,Neural_Networks,a,10,Board_Exam,30,5.585095973321759,0.6790032583366425,slow,5
A003045,S037,Q0028,Data_Structures,5,2026-09-02 15:51:57,a,0,70.0,Python,b,10,Board_Exam,30,15.861484862210647,0.3330594250984547,slow,1
A003053,S037,Q0025,Data_Structures,4,2026-09-03 01:03:57,b,0,48.0,Python,c,10,Board_Exam,30,15.478151528877314,0.342027645889595,normal,2
A003057,S037,Q0029,Data_Structures,1,2026-09-03 16:29:57,b,1,24.0,Python,b,10,Board_Exam,30,14.835095973321758,0.35761778780909736,normal,3
A003059,S037,Q0031,Data_Structures,3,2026-09-04 07:59:57,c,1,53.0,Python,c,10,Board_Exam,30,14.189262639988424,0.37399055372242357,slow,4
A003061,S037,Q0120,LSTM,5,2026-09-04 05:19:57,d,0,70.0,RNN,b,10,Board_Exam,30,14.300373751099537,0.37112127809711354,slow,1
A003070,S037,Q0118,LSTM,4,2026-09-06 05:54:57,d,0,64.0,RNN,b,10,Board_Exam,30,12.276068195543981,0.427025219340474,slow,2
A003071,S037,Q0119,LSTM,4,2026-09-06 08:53:57,a,0,66.0,RNN,b,10,Board_Exam,30,12.151762639988425,0.430720452554151,slow,3
A003088,S037,Q0118,LSTM,4,2026-09-11 02:23:57,c,0,72.0,RNN,b,10,Board_Exam,30,7.4225959733217595,0.5978023206628739,slow,4
A003091,S037,Q0109,LSTM,4,2026-09-12 04:08:57,c,0,64.0,RNN,a,10,Board_Exam,30,6.349679306655093,0.6439551289254875,slow,5
A003100,S037,Q0111,LSTM,1,2026-09-17 17:29:57,c,0,24.0,RNN,a,10,Board_Exam,30,0.7934293066550926,0.9464886228019916,normal,6
A003031,S037,Q0061,ML,3,2026-08-29 18:25:57,b,1,30.0,AI_Basics;Statistics,b,10,Board_Exam,30,19.754540417766204,0.25428988088488264,fast,1
A003039,S037,Q0061,ML,3,2026-08-31 18:38:57,b,1,29.0,AI_Basics;Statistics,b,10,Board_Exam,30,17.745512639988426,0.2922852104224033,fast,2
A003050,S037,Q0062,ML,2,2026-09-02 08:10:57,a,1,31.0,AI_Basics;Statistics,a,10,Board_Exam,30,16.181623751099536,0.32575012215025745,normal,3
A003052,S037,Q0068,ML,2,2026-09-02 13:12:57,b,1,27.0,AI_Basics;Statistics,b,10,Board_Exam,30,15.971901528877314,0.33052008456583815,fast,4
A003055,S037,Q0061,ML,3,2026-09-03 18:48:57,b,1,42.0,AI_Basics;Statistics,b,10,Board_Exam,30,14.73856819554398,0.36001855794148185,normal,5
A003062,S037,Q0069,ML,5,2026-09-04 04:23:57,b,0,46.0,AI_Basics;Statistics,a,10,Board_Exam,30,14.339262639988425,0.37012224092780555,fast,6
A003076,S037,Q0061,ML,3,2026-09-07 07:24:57,d,0,39.0,AI_Basics;Statistics,b,10,Board_Exam,30,11.213568195543981,0.4596613216850762,normal,7
A003087,S037,Q0068,ML,2,2026-09-10 07:03:57,b,1,21.0,AI_Basics;Statistics,b,10,Board_Exam,30,8.228151528877316,0.5653377135259836,fast,8
A003089,S037,Q0069,ML,5,2026-09-11 08:55:57,a,1,54.0,AI_Basics;Statistics,a,10,Board_Exam,30,7.150373751099537,0.6091893496984667,normal,9
A003094,S037,Q0069,ML,5,2026-09-13 16:40:57,b,0,42.0,AI_Basics;Statistics,a,10,Board_Exam,30,4.82745708443287,0.7156143841430093,fast,10
A003096,S037,Q0071,ML,3,2026-09-14 08:40:57,b,1,43.0,AI_Basics;Statistics,b,10,Board_Exam,30,4.160790417766203,0.7494587387188758,normal,11
A003037,S037,Q0004,Math_Basics,2,2026-08-30 18:58:57,b,1,33.0,,b,10,Board_Exam,30,18.731623751099537,0.2729744114784285,normal,1
A003040,S037,Q0001,Math_Basics,5,2026-08-31 10:00:57,d,0,55.0,,c,10,Board_Exam,30,18.105234862210647,0.2850874653556488,normal,2
A003044,S037,Q0003,Math_Basics,1,2026-09-02 05:48:57,b,1,21.0,,b,10,Board_Exam,30,16.280234862210648,0.32353114668233274,normal,3
A003048,S037,Q0011,Math_Basics,1,2026-09-02 08:11:57,c,1,20.0,,c,10,Board_Exam,30,16.18092930665509,0.32576580258172383,fast,4
A003047,S037,Q0011,Math_Basics,1,2026-09-02 15:11:57,c,1,21.0,,c,10,Board_Exam,30,15.889262639988425,0.3324187665016091,normal,5
A003056,S037,Q0012,Math_Basics,4,2026-09-03 03:28:57,b,0,46.0,,a,10,Board_Exam,30,15.37745708443287,0.3444232147898714,normal,6
A003054,S037,Q0011,Math_Basics,1,2026-09-03 10:41:57,c,1,36.0,,c,10,Board_Exam,30,15.076762639988425,0.3516772063281027,slow,7
A003072,S037,Q0008,Math_Basics,5,2026-09-06 08:36:57,d,0,59.0,,a,10,Board_Exam,30,12.16356819554398,0.4303681387127954,normal,8
A003086,S037,Q0006,Math_Basics,5,2026-09-10 23:23:57,a,0,51.0,,b,10,Board_Exam,30,7.5475959733217595,0.5926451323278976,normal,9
A003099,S037,Q0004,Math_Basics,2,2026-09-15 10:17:57,b,1,32.0,,b,10,Board_Exam,30,3.0934293066550924,0.8070092244623785,normal,10
A003023,S037,Q0122,NLP,5,2026-08-28 17:51:57,a,0,76.0,LSTM,b,10,Board_Exam,30,20.778151528877313,0.23687286533868437,slow,1
A003038,S037,Q0129,NLP,1,2026-08-31 05:20:57,b,1,40.0,LSTM,b,10,Board_Exam,30,18.29967930665509,0.2812708734079232,slow,2
A003046,S037,Q0126,NLP,2,2026-09-02 04:04:57,c,0,43.0,LSTM,b,10,Board_Exam,30,16.35245708443287,0.3219155765858103,slow,3
A003051,S037,Q0132,NLP,3,2026-09-02 18:43:57,c,0,53.0,LSTM,a,10,Board_Exam,30,15.742040417766203,0.3358283565371159,slow,4
A003058,S037,Q0129,NLP,1,2026-09-03 20:37:57,b,1,32.0,LSTM,b,10,Board_Exam,30,14.662873751099536,0.36191244539922995,slow,5
A003024,S037,Q0079,Neural_Networks,5,2026-08-28 08:49:57,d,0,66.0,ML,b,10,Board_Exam,30,21.154540417766203,0.2307729379063502,slow,1
A003026,S037,Q0076,Neural_Networks,2,2026-08-28 17:06:57,d,0,33.0,ML,b,10,Board_Exam,30,20.809401528877313,0.23636033388628375,normal,2
A003030,S037,Q0075,Neural_Networks,5,2026-08-29 14:09:57,c,0,56.0,ML,b,10,Board_Exam,30,19.93231819554398,0.25117559169546755,normal,3
A003043,S037,Q0082,Neural_Networks,2,2026-09-02 01:01:57,b,1,40.0,ML,b,10,Board_Exam,30,16.479540417766202,0.3190923569917747,slow,4
A003064,S037,Q0084,Neural_Networks,1,2026-09-04 04:23:57,b,1,15.0,ML,b,10,Board_Exam,30,14.339262639988425,0.37012224092780555,fast,5
A003063,S037,Q0076,Neural_Networks,2,2026-09-04 18:22:57,b,1,25.0,ML,b,10,Board_Exam,30,13.756623751099536,0.38537573069711223,fast,6
A003084,S037,Q0073,Neural_Networks,5,2026-09-09 04:13:57,b,0,65.0,ML,a,10,Board_Exam,30,9.346207084432871,0.5231799983881257,slow,7
A003097,S037,Q0078,Neural_Networks,3,2026-09-14 06:00:57,b,1,43.0,ML,b,10,Board_Exam,30,4.271901528877315,0.743708851001718,normal,8
A003095,S037,Q0074,Neural_Networks,3,2026-09-14 13:05:57,b,1,41.0,ML,b,10,Board_Exam,30,3.9767626399884257,0.7590799424085637,normal,9
A003032,S037,Q0017,Python,2,2026-08-29 04:41:57,b,1,27.0,,b,10,Board_Exam,30,20.326762639988424,0.2444012782893414,fast,1
A003068,S037,Q0023,Python,4,2026-09-05 10:50:57,a,0,47.0,,b,10,Board_Exam,30,13.070512639988426,0.4041460734246478,normal,2
A003069,S037,Q0018,Python,1,2026-09-06 12:32:57,b,1,34.0,,b,10,Board_Exam,30,11.999679306655093,0.435284957389195,slow,3
A003090,S037,Q0022,Python,4,2026-09-11 20:48:57,a,1,59.0,,a,10,Board_Exam,30,6.655234862210649,0.630459898642242,slow,4
A003022,S037,Q0098,RNN,4,2026-08-28 19:47:57,b,0,57.0,Neural_Networks,a,10,Board_Exam,30,20.697595973321757,0.23819918839044332,slow,1
A003036,S037,Q0104,RNN,2,2026-08-30 19:35:57,a,0,41.0,Neural_Networks,b,10,Board_Exam,30,18.70592930665509,0.2734610129619898,slow,2
A003035,S037,Q0101,RNN,1,2026-08-31 02:28:57,a,0,16.0,Neural_Networks,b,10,Board_Exam,30,18.419123751099537,0.27895177274534166,fast,3
A003041,S037,Q0108,RNN,5,2026-09-01 14:28:57,c,0,60.0,Neural_Networks,b,10,Board_Exam,30,16.919123751099537,0.30951637121743825,normal,4
A003065,S037,Q0107,RNN,1,2026-09-04 19:49:57,a,1,24.0,Neural_Networks,a,10,Board_Exam,30,13.696207084432869,0.3869929773521101,normal,5
A003075,S037,Q0103,RNN,3,2026-09-07 05:11:57,c,0,44.0,Neural_Networks,b,10,Board_Exam,30,11.305929306655093,0.45672797671840465,normal,6
A003080,S037,Q0103,RNN,3,2026-09-07 15:41:57,d,0,52.0,Neural_Networks,b,10,Board_Exam,30,10.868429306655093,0.4707904854605808,slow,7
A003092,S037,Q0108,RNN,5,2026-09-13 02:43:57,c,0,77.0,Neural_Networks,b,10,Board_Exam,30,5.40870708443287,0.6873559445445376,slow,8
A003025,S037,Q0040,Statistics,3,2026-08-28 21:27:57,b,1,41.0,Math_Basics,b,10,Board_Exam,30,20.628151528877314,0.23934852941493798,normal,1
A003034,S037,Q0040,Statistics,3,2026-08-29 07:07:57,b,1,44.0,Math_Basics,b,10,Board_Exam,30,20.225373751099536,0.2461249170283896,normal,2
A003029,S037,Q0038,Statistics,2,2026-08-29 20:21:57,b,1,28.0,Math_Basics,b,10,Board_Exam,30,19.67398486221065,0.2557137270918529,fast,3
A003083,S037,Q0037,Statistics,4,2026-09-08 16:26:57,b,0,49.0,Math_Basics,c,10,Board_Exam,30,9.837179306655093,0.5056748980740923,normal,4
A003098,S037,Q0037,Statistics,4,2026-09-15 20:51:57,d,0,40.0,Math_Basics,c,10,Board_Exam,30,2.653151528877315,0.8320169629697559,fast,5
A003106,S038,Q0058,AI_Basics,5,2026-08-28 15:20:57,d,0,59.0,Python;Math_Basics,b,9,Board_Exam,15,20.883012639988426,0.23515741611080535,normal,1
A003135,S038,Q0052,AI_Basics,3,2026-09-03 13:02:57,c,0,42.0,Python;Math_Basics,b,9,Board_Exam,15,14.978845973321759,0.3540721810206999,normal,2
A003143,S038,Q0051,AI_Basics,3,2026-09-05 04:45:57,b,1,38.0,Python;Math_Basics,b,9,Board_Exam,15,13.323984862210647,0.39710749999466793,normal,3
A003157,S038,Q0051,AI_Basics,3,2026-09-07 21:34:57,b,1,45.0,Python;Math_Basics,b,9,Board_Exam,15,10.623290417766205,0.4788583813274824,normal,4
A003166,S038,Q0052,AI_Basics,3,2026-09-09 18:39:57,b,1,37.0,Python;Math_Basics,b,9,Board_Exam,15,8.744818195543981,0.5454497432367326,normal,5
A003142,S038,Q0094,CNN,5,2026-09-05 06:53:57,d,0,61.0,Neural_Networks,a,9,Board_Exam,15,13.235095973321759,0.39956175466494487,normal,1
A003160,S038,Q0091,CNN,2,2026-09-08 08:31:57,b,1,32.0,Neural_Networks,b,9,Board_Exam,15,10.167040417766204,0.49424420589675244,normal,2
A003175,S038,Q0085,CNN,5,2026-09-12 05:43:57,d,0,55.0,Neural_Networks,b,9,Board_Exam,15,6.283707084432871,0.6469065796716537,normal,3
A003119,S038,Q0027,Data_Structures,2,2026-08-31 05:10:57,b,1,31.0,Python,b,9,Board_Exam,15,18.306623751099536,0.2811355156317549,normal,1
A003124,S038,Q0025,Data_Structures,4,2026-09-01 06:11:57,d,0,46.0,Python,c,9,Board_Exam,15,17.264262639988424,0.3021996167526389,normal,2
A003136,S038,Q0029,Data_Structures,1,2026-09-04 05:08:57,b,1,33.0,Python,b,9,Board_Exam,15,14.308012639988425,0.3709248260595381,slow,3
A003150,S038,Q0026,Data_Structures,2,2026-09-06 14:10:57,a,1,28.0,Python,a,9,Board_Exam,15,11.931623751099538,0.43734315677624763,fast,4
A003155,S038,Q0035,Data_Structures,4,2026-09-07 14:54:57,d,0,48.0,Python,c,9,Board_Exam,15,10.901068195543981,0.469726593976562,normal,5
A003179,S038,Q0034,Data_Structures,3,2026-09-14 07:57:57,c,0,38.0,Python,b,9,Board_Exam,15,4.190651528877314,0.7479091024392494,normal,6
A003101,S038,Q0117,LSTM,5,2026-08-28 05:33:57,c,0,65.0,RNN,b,9,Board_Exam,15,21.290651528877316,0.22860594817368735,slow,1
A003125,S038,Q0117,LSTM,5,2026-09-01 23:25:57,d,0,63.0,RNN,b,9,Board_Exam,15,16.54620708443287,0.3176212388303356,normal,2
A003131,S038,Q0112,LSTM,3,2026-09-03 09:22:57,c,0,36.0,RNN,a,9,Board_Exam,15,15.131623751099536,0.3503424290634076,normal,3
A003133,S038,Q0110,LSTM,2,2026-09-03 13:10:57,a,1,33.0,RNN,a,9,Board_Exam,15,14.973290417766203,0.3542085540174971,normal,4
A003137,S038,Q0118,LSTM,4,2026-09-04 10:47:57,c,0,43.0,RNN,b,9,Board_Exam,15,14.072595973321759,0.37702717111552175,fast,5
A003145,S038,Q0109,LSTM,4,2026-09-06 14:49:57,b,0,50.0,RNN,a,9,Board_Exam,15,11.904540417766205,0.43816494065999384,normal,6
A003148,S038,Q0115,LSTM,4,2026-09-06 16:41:57,b,0,62.0,RNN,a,9,Board_Exam,15,11.826762639988427,0.44053353024189434,slow,7
A003162,S038,Q0119,LSTM,4,2026-09-08 08:25:57,a,0,49.0,RNN,b,9,Board_Exam,15,10.17120708443287,0.4941014831836186,normal,8
A003173,S038,Q0119,LSTM,4,2026-09-12 00:00:57,b,1,59.0,RNN,b,9,Board_Exam,15,6.521901528877315,0.6363135934731935,slow,9
A003184,S038,Q0117,LSTM,5,2026-09-16 11:15:57,d,0,65.0,RNN,b,9,Board_Exam,15,2.053151528877315,0.8673491963349858,slow,10
A003102,S038,Q0067,ML,3,2026-08-28 18:05:57,c,0,46.0,AI_Basics;Statistics,b,9,Board_Exam,15,20.76842930665509,0.23703254612421445,slow,1
A003109,S038,Q0070,ML,5,2026-08-29 05:19:57,d,0,56.0,AI_Basics;Statistics,b,9,Board_Exam,15,20.300373751099535,0.24484873115264436,normal,2
A003116,S038,Q0065,ML,1,2026-08-30 09:33:57,b,1,24.0,AI_Basics;Statistics,b,9,Board_Exam,15,19.123984862210648,0.265650533227546,normal,3
A003117,S038,Q0071,ML,3,2026-08-31 01:53:57,c,0,45.0,AI_Basics;Statistics,b,9,Board_Exam,15,18.44342930665509,0.2784822092191442,normal,4
A003120,S038,Q0071,ML,3,2026-08-31 17:04:57,d,0,39.0,AI_Basics;Statistics,b,9,Board_Exam,15,17.810790417766203,0.2909656918563719,normal,5
A003127,S038,Q0071,ML,3,2026-09-01 14:45:57,b,1,45.0,AI_Basics;Statistics,b,9,Board_Exam,15,16.90731819554398,0.30976975173494636,normal,6
A003128,S038,Q0071,ML,3,2026-09-01 20:16:57,b,1,44.0,AI_Basics;Statistics,b,9,Board_Exam,15,16.67745708443287,0.3147447658641005,normal,7
A003129,S038,Q0063,ML,2,2026-09-02 12:01:57,a,0,36.0,AI_Basics;Statistics,b,9,Board_Exam,15,16.02120708443287,0.3293924269387589,normal,8
A003132,S038,Q0068,ML,2,2026-09-03 19:33:57,a,0,14.0,AI_Basics;Statistics,b,9,Board_Exam,15,14.70731819554398,0.36079923391768726,fast,9
A003138,S038,Q0062,ML,2,2026-09-04 18:16:57,a,1,32.0,AI_Basics;Statistics,a,9,Board_Exam,15,13.760790417766202,0.3852644458925463,normal,10
A003149,S038,Q0061,ML,3,2026-09-06 04:13:57,a,0,46.0,AI_Basics;Statistics,b,9,Board_Exam,15,12.34620708443287,0.4249542074164066,slow,11
A003161,S038,Q0065,ML,1,2026-09-08 09:44:57,b,1,33.0,AI_Basics;Statistics,b,9,Board_Exam,15,10.11634597332176,0.4959839712053198,slow,12
A003159,S038,Q0066,ML,2,2026-09-08 12:45:57,b,0,44.0,AI_Basics;Statistics,a,9,Board_Exam,15,9.990651528877315,0.5003240983144103,slow,13
A003169,S038,Q0072,ML,5,2026-09-09 06:06:57,c,0,75.0,AI_Basics;Statistics,a,9,Board_Exam,15,9.267734862210649,0.5260334742599533,slow,14
A003168,S038,Q0061,ML,3,2026-09-09 19:04:57,b,1,44.0,AI_Basics;Statistics,b,9,Board_Exam,15,8.72745708443287,0.5461065219314535,normal,15
A003107,S038,Q0002,Math_Basics,4,2026-08-29 00:01:57,d,0,52.0,,c,9,Board_Exam,15,20.52120708443287,0.24112937031692566,normal,1
A003110,S038,Q0010,Math_Basics,2,2026-08-29 17:42:57,c,0,30.0,,b,9,Board_Exam,15,19.784401528877314,0.2537640923329542,normal,2
A003115,S038,Q0012,Math_Basics,4,2026-08-30 20:24:57,d,0,51.0,,a,9,Board_Exam,15,18.671901528877314,0.2741067664146918,normal,3
A003158,S038,Q0002,Math_Basics,4,2026-09-07 17:17:57,a,0,50.0,,c,9,Board_Exam,15,10.801762639988427,0.4729710337008191,normal,4
A003176,S038,Q0011,Math_Basics,1,2026-09-13 06:27:57,c,1,32.0,,c,9,Board_Exam,15,5.253151528877314,0.6948073145355241,slow,5
A003181,S038,Q0004,Math_Basics,2,2026-09-15 11:24:57,b,1,32.0,,b,9,Board_Exam,15,3.0469015288773145,0.8096160788402956,normal,6
A003183,S038,Q0001,Math_Basics,5,2026-09-16 16:42:57,a,0,61.0,,c,9,Board_Exam,15,1.8260681955439817,0.8811094718620807,normal,7
A003104,S038,Q0121,NLP,3,2026-08-28 16:47:57,c,0,60.0,LSTM,a,9,Board_Exam,15,20.822595973321757,0.23614426482573408,slow,1
A003108,S038,Q0121,NLP,3,2026-08-29 05:49:57,d,0,44.0,LSTM,a,9,Board_Exam,15,20.279540417766203,0.24520256199967644,normal,2
A003111,S038,Q0128,NLP,1,2026-08-29 23:53:57,b,1,20.0,LSTM,b,9,Board_Exam,15,19.526762639988426,0.25833656028809626,fast,3
A003112,S038,Q0127,NLP,3,2026-08-30 14:40:57,c,0,54.0,LSTM,b,9,Board_Exam,15,18.910790417766204,0.26960533649378643,slow,4
A003113,S038,Q0122,NLP,5,2026-08-31 00:46:57,c,0,52.0,LSTM,b,9,Board_Exam,15,18.48995708443287,0.2775855341341893,normal,5
A003147,S038,Q0121,NLP,3,2026-09-06 10:42:57,a,1,40.0,LSTM,a,9,Board_Exam,15,12.076068195543982,0.43298626925969,normal,6
A003152,S038,Q0122,NLP,5,2026-09-07 01:29:57,c,0,55.0,LSTM,b,9,Board_Exam,15,11.46009597332176,0.45187335733960743,normal,7
A003153,S038,Q0127,NLP,3,2026-09-08 00:15:57,b,1,53.0,LSTM,b,9,Board_Exam,15,10.511484862210649,0.48258384099696416,slow,8
A003163,S038,Q0128,NLP,1,2026-09-08 22:31:57,b,1,38.0,LSTM,b,9,Board_Exam,15,9.58370708443287,0.5146377857099085,slow,9
A003180,S038,Q0122,NLP,5,2026-09-14 11:01:57,b,1,61.0,LSTM,b,9,Board_Exam,15,4.062873751099537,0.7545626655019582,normal,10
A003182,S038,Q0131,NLP,1,2026-09-15 18:42:57,a,1,19.0,LSTM,a,9,Board_Exam,15,2.742734862210648,0.8268666076222199,fast,11
A003185,S038,Q0128,NLP,1,2026-09-17 22:42:57,b,1,24.0,LSTM,b,9,Board_Exam,15,0.5760681955439815,0.9608566923902002,normal,12
A003118,S038,Q0084,Neural_Networks,1,2026-08-30 07:13:57,b,1,29.0,ML,b,9,Board_Exam,15,19.22120708443287,0.26386635112678014,slow,1
A003121,S038,Q0073,Neural_Networks,5,2026-08-31 16:29:57,d,0,59.0,ML,a,9,Board_Exam,15,17.83509597332176,0.2904759051275551,normal,2
A003139,S038,Q0083,Neural_Networks,4,2026-09-04 09:49:57,b,1,60.0,ML,b,9,Board_Exam,15,14.112873751099537,0.37597603849970895,slow,3
A003165,S038,Q0082,Neural_Networks,2,2026-09-10 00:23:57,b,1,36.0,ML,b,9,Board_Exam,15,8.505929306655093,0.5545567728915871,normal,4
A003172,S038,Q0083,Neural_Networks,4,2026-09-10 03:45:57,b,1,43.0,ML,b,9,Board_Exam,15,8.365651528877315,0.5599752027265408,fast,5
A003171,S038,Q0084,Neural_Networks,1,2026-09-10 04:51:57,b,1,21.0,ML,b,9,Board_Exam,15,8.319818195543982,0.5617570305786154,normal,6
A003105,S038,Q0014,Python,3,2026-08-28 04:02:57,a,1,50.0,,a,9,Board_Exam,15,21.353845973321757,0.22760677431393322,slow,1
A003103,S038,Q0013,Python,2,2026-08-28 06:50:57,c,0,46.0,,b,9,Board_Exam,15,21.23717930665509,0.22945482818264581,slow,2
A003123,S038,Q0017,Python,2,2026-09-01 13:50:57,c,0,43.0,,b,9,Board_Exam,15,16.945512639988426,0.3089507404057595,slow,3
A003141,S038,Q0015,Python,2,2026-09-05 02:39:57,b,1,31.0,,b,9,Board_Exam,15,13.411484862210648,0.39470631697813796,normal,4
A003167,S038,Q0013,Python,2,2026-09-09 19:57:57,b,1,38.0,,b,9,Board_Exam,15,8.690651528877316,0.5475015093744181,slow,5
A003174,S038,Q0017,Python,2,2026-09-11 14:22:57,b,1,34.0,,b,9,Board_Exam,15,6.9232904177662045,0.6188539845830595,normal,6
A003114,S038,Q0108,RNN,5,2026-08-30 21:32:57,a,0,55.0,Neural_Networks,b,9,Board_Exam,15,18.624679306655093,0.27500544128398063,normal,1
A003126,S038,Q0100,RNN,3,2026-09-02 01:46:57,b,1,42.0,Neural_Networks,b,9,Board_Exam,15,16.448290417766202,0.3197842872598103,normal,2
A003130,S038,Q0101,RNN,1,2026-09-02 21:25:57,b,1,32.0,Neural_Networks,b,9,Board_Exam,15,15.629540417766203,0.33845735142546624,slow,3
A003134,S038,Q0108,RNN,5,2026-09-03 13:26:57,a,0,52.0,Neural_Networks,b,9,Board_Exam,15,14.962179306655091,0.3544814576059231,normal,4
A003146,S038,Q0099,RNN,2,2026-09-06 05:39:57,b,0,35.0,Neural_Networks,a,9,Board_Exam,15,12.286484862210648,0.42671700632436155,normal,5
A003154,S038,Q0106,RNN,5,2026-09-07 14:02:57,a,0,60.0,Neural_Networks,b,9,Board_Exam,15,10.937179306655093,0.4685523237530839,normal,6
A003156,S038,Q0108,RNN,5,2026-09-07 20:26:57,d,0,60.0,Neural_Networks,b,9,Board_Exam,15,10.670512639988427,0.4772935468600692,normal,7
A003170,S038,Q0103,RNN,3,2026-09-10 06:17:57,c,0,41.0,Neural_Networks,b,9,Board_Exam,15,8.260095973321759,0.5640873162017664,normal,8
A003177,S038,Q0108,RNN,5,2026-09-14 14:56:57,b,1,61.0,Neural_Networks,b,9,Board_Exam,15,3.8996793066550923,0.7631465681003499,normal,9
A003186,S038,Q0100,RNN,3,2026-09-17 21:09:57,c,0,50.0,Neural_Networks,b,9,Board_Exam,15,0.6406515288773148,0.9565649581259432,slow,10
A003122,S038,Q0041,Statistics,4,2026-08-31 06:08:57,d,0,53.0,Math_Basics,b,9,Board_Exam,15,18.26634597332176,0.28192149845960507,normal,1
A003140,S038,Q0045,Statistics,1,2026-09-05 02:34:57,b,1,30.0,Math_Basics,b,9,Board_Exam,15,13.414957084432869,0.39461133203016313,slow,2
A003144,S038,Q0048,Statistics,4,2026-09-05 18:45:57,a,0,59.0,Math_Basics,b,9,Board_Exam,15,12.740651528877313,0.4134930102321635,slow,3
A003151,S038,Q0041,Statistics,4,2026-09-06 18:59:57,a,0,48.0,Math_Basics,b,9,Board_Exam,15,11.730929306655094,0.4434695857272812,normal,4
A003164,S038,Q0039,Statistics,3,2026-09-09 01:56:57,b,1,35.0,Math_Basics,b,9,Board_Exam,15,9.44134597332176,0.5197412256722969,normal,5
A003178,S038,Q0038,Statistics,2,2026-09-14 23:28:57,b,1,38.0,Math_Basics,b,9,Board_Exam,15,3.5441237510995367,0.7821881717374581,slow,6
A003196,S039,Q0054,AI_Basics,4,2026-08-29 07:36:57,d,0,53.0,Python;Math_Basics,b,11,Board_Exam,15,20.20523486221065,0.24646872797914945,normal,1
A003202,S039,Q0058,AI_Basics,5,2026-08-31 02:43:57,c,0,66.0,Python;Math_Basics,b,11,Board_Exam,15,18.40870708443287,0.27915325655300227,slow,2
A003210,S039,Q0059,AI_Basics,4,2026-08-31 19:39:57,b,0,60.0,Python;Math_Basics,a,11,Board_Exam,15,17.703151528877314,0.2931446936358765,slow,3
A003208,S039,Q0058,AI_Basics,5,2026-09-01 01:31:57,a,0,64.0,Python;Math_Basics,b,11,Board_Exam,15,17.45870708443287,0.29815393686816893,slow,4
A003220,S039,Q0056,AI_Basics,1,2026-09-01 17:31:57,b,1,34.0,Python;Math_Basics,b,11,Board_Exam,15,16.792040417766202,0.3122548657778655,slow,5
A003226,S039,Q0059,AI_Basics,4,2026-09-02 20:16:57,b,0,59.0,Python;Math_Basics,a,11,Board_Exam,15,15.67745708443287,0.33733508752534186,slow,6
A003231,S039,Q0049,AI_Basics,4,2026-09-02 21:02:57,c,0,63.0,Python;Math_Basics,a,11,Board_Exam,15,15.645512639988425,0.33808284922586446,slow,7
A003233,S039,Q0056,AI_Basics,1,2026-09-03 08:44:57,b,1,24.0,Python;Math_Basics,b,11,Board_Exam,15,15.158012639988424,0.3497021899970953,normal,8
A003234,S039,Q0055,AI_Basics,3,2026-09-03 15:26:57,a,1,55.0,Python;Math_Basics,a,11,Board_Exam,15,14.878845973321758,0.3565349477994811,slow,9
A003244,S039,Q0053,AI_Basics,4,2026-09-06 07:42:57,c,0,59.0,Python;Math_Basics,b,11,Board_Exam,15,12.20106819554398,0.42925093458491853,slow,10
A003243,S039,Q0055,AI_Basics,3,2026-09-06 22:12:57,d,0,50.0,Python;Math_Basics,a,11,Board_Exam,15,11.596901528877316,0.4476086578973371,slow,11
A003271,S039,Q0055,AI_Basics,3,2026-09-13 16:49:57,d,0,56.0,Python;Math_Basics,a,11,Board_Exam,15,4.82120708443287,0.7159244676128336,slow,12
A003194,S039,Q0094,CNN,5,2026-08-29 09:48:57,b,0,49.0,Neural_Networks,a,11,Board_Exam,15,20.11356819554398,0.24803973879573954,fast,1
A003218,S039,Q0089,CNN,1,2026-09-01 16:33:57,b,1,24.0,Neural_Networks,b,11,Board_Exam,15,16.83231819554398,0.3113843150616021,normal,2
A003232,S039,Q0088,CNN,2,2026-09-03 20:43:57,b,1,23.0,Neural_Networks,b,11,Board_Exam,15,14.65870708443287,0.3620169849075745,fast,3
A003236,S039,Q0091,CNN,2,2026-09-04 22:47:57,b,1,28.0,Neural_Networks,b,11,Board_Exam,15,13.572595973321759,0.39032300559104066,fast,4
A003239,S039,Q0088,CNN,2,2026-09-05 15:39:57,b,1,39.0,Neural_Networks,b,11,Board_Exam,15,12.869818195543981,0.40980746806707513,slow,5
A003249,S039,Q0088,CNN,2,2026-09-07 11:24:57,b,1,28.0,Neural_Networks,b,11,Board_Exam,15,11.046901528877315,0.4650023289714987,fast,6
A003258,S039,Q0090,CNN,1,2026-09-09 05:00:57,a,1,26.0,Neural_Networks,a,11,Board_Exam,15,9.313568195543981,0.5243649573664584,normal,7
A003259,S039,Q0090,CNN,1,2026-09-10 15:46:57,a,1,23.0,Neural_Networks,a,11,Board_Exam,15,7.864957084432871,0.5797505913548876,normal,8
A003265,S039,Q0094,CNN,5,2026-09-11 15:40:57,b,0,62.0,Neural_Networks,a,11,Board_Exam,15,6.869123751099537,0.6211818684357581,normal,9
A003278,S039,Q0093,CNN,4,2026-09-14 13:22:57,b,1,58.0,Neural_Networks,b,11,Board_Exam,15,3.96495708443287,0.7597013507944302,slow,10
A003190,S039,Q0030,Data_Structures,2,2026-08-29 12:17:57,a,0,33.0,Python,c,11,Board_Exam,15,20.010095973321757,0.2498251113145738,normal,1
A003191,S039,Q0035,Data_Structures,4,2026-08-29 12:48:57,b,0,58.0,Python,c,11,Board_Exam,15,19.98856819554398,0.25019817658211485,slow,2
A003207,S039,Q0025,Data_Structures,4,2026-08-31 18:44:57,b,0,70.0,Python,c,11,Board_Exam,15,17.74134597332176,0.2923696378925894,slow,3
A003222,S039,Q0034,Data_Structures,3,2026-09-01 06:49:57,b,1,46.0,Python,b,11,Board_Exam,15,17.237873751099535,0.30275288752418095,slow,4
A003213,S039,Q0027,Data_Structures,2,2026-09-01 23:30:57,a,0,30.0,Python,b,11,Board_Exam,15,16.542734862210647,0.3176976918726008,normal,5
A003252,S039,Q0025,Data_Structures,4,2026-09-08 05:51:57,b,0,50.0,Python,c,11,Board_Exam,15,10.278151528877315,0.49045233778988373,normal,6
A003261,S039,Q0027,Data_Structures,2,2026-09-10 06:19:57,d,0,38.0,Python,b,11,Board_Exam,15,8.25870708443287,0.5641416237509436,slow,7
A003263,S039,Q0032,Data_Structures,5,2026-09-11 18:01:57,b,0,66.0,Python,c,11,Board_Exam,15,6.771207084432871,0.6254122104301606,slow,8
A003276,S039,Q0027,Data_Structures,2,2026-09-14 06:51:57,c,0,45.0,Python,b,11,Board_Exam,15,4.236484862210648,0.7455368219033497,slow,9
A003273,S039,Q0030,Data_Structures,2,2026-09-14 08:54:57,c,1,37.0,Python,c,11,Board_Exam,15,4.151068195543981,0.7499639640005895,slow,10
A003189,S039,Q0120,LSTM,5,2026-08-28 12:15:57,d,0,62.0,RNN,b,11,Board_Exam,15,21.011484862210647,0.23307263188552954,normal,1
A003188,S039,Q0110,LSTM,2,2026-08-29 02:24:57,c,0,42.0,RNN,a,11,Board_Exam,15,20.421901528877314,0.24279487045631176,slow,2
A003197,S039,Q0117,LSTM,5,2026-08-29 07:40:57,c,0,70.0,RNN,b,11,Board_Exam,15,20.20245708443287,0.2465161878546236,slow,3
A003229,S039,Q0110,LSTM,2,2026-09-02 11:16:57,c,0,31.0,RNN,a,11,Board_Exam,15,16.05245708443287,0.328679707148135,normal,4
A003238,S039,Q0109,LSTM,4,2026-09-05 09:47:57,c,0,54.0,RNN,a,11,Board_Exam,15,13.114262639988425,0.40292234923376063,slow,5
A003241,S039,Q0113,LSTM,5,2026-09-06 23:30:57,d,0,66.0,RNN,b,11,Board_Exam,15,11.542734862210649,0.44929238458086057,slow,6
A003262,S039,Q0117,LSTM,5,2026-09-12 01:57:57,d,0,67.0,RNN,b,11,Board_Exam,15,6.440651528877315,0.6399073077097615,slow,7
A003192,S039,Q0067,ML,3,2026-08-29 14:45:57,d,0,48.0,AI_Basics;Statistics,b,11,Board_Exam,15,19.90731819554398,0.2516112231653863,slow,1
A003215,S039,Q0068,ML,2,2026-09-01 06:24:57,a,0,35.0,AI_Basics;Statistics,b,11,Board_Exam,15,17.255234862210646,0.30238877972047284,normal,2
A003219,S039,Q0072,ML,5,2026-09-01 12:40:57,b,0,66.0,AI_Basics;Statistics,a,11,Board_Exam,15,16.994123751099536,0.30791149339349133,slow,3
A003223,S039,Q0067,ML,3,2026-09-02 12:10:57,a,0,47.0,AI_Basics;Statistics,b,11,Board_Exam,15,16.01495708443287,0.3295351562479264,slow,4
A003227,S039,Q0062,ML,2,2026-09-02 22:14:57,d,0,49.0,AI_Basics;Statistics,a,11,Board_Exam,15,15.595512639988424,0.33925658785375284,slow,5
A003242,S039,Q0061,ML,3,2026-09-06 06:04:57,d,0,57.0,AI_Basics;Statistics,b,11,Board_Exam,15,12.269123751099537,0.4272308183517829,slow,6
A003245,S039,Q0066,ML,2,2026-09-07 01:21:57,c,0,38.0,AI_Basics;Statistics,a,11,Board_Exam,15,11.465651528877315,0.45169938264810366,slow,7
A003268,S039,Q0062,ML,2,2026-09-12 21:32:57,d,0,41.0,AI_Basics;Statistics,a,11,Board_Exam,15,5.624679306655092,0.6771428253524523,slow,8
A003275,S039,Q0061,ML,3,2026-09-15 02:11:57,d,0,48.0,AI_Basics;Statistics,b,11,Board_Exam,15,3.4309293066550923,0.7883493911873295,slow,9
A003280,S039,Q0069,ML,5,2026-09-16 22:01:57,d,0,75.0,AI_Basics;Statistics,a,11,Board_Exam,15,1.604540417766204,0.8947434349472531,slow,10
A003193,S039,Q0002,Math_Basics,4,2026-08-29 04:44:57,a,0,72.0,,c,11,Board_Exam,15,20.324679306655092,0.24443657376624917,slow,1
A003201,S039,Q0003,Math_Basics,1,2026-08-30 10:42:57,a,0,23.0,,b,11,Board_Exam,15,19.076068195543982,0.2665343132270625,normal,2
A003211,S039,Q0012,Math_Basics,4,2026-08-31 20:42:57,b,0,62.0,,a,11,Board_Exam,15,17.659401528877314,0.29403500973205393,slow,3
A003221,S039,Q0010,Math_Basics,2,2026-09-01 14:29:57,d,0,29.0,,b,11,Board_Exam,15,16.918429306655092,0.3095312702149107,normal,4
A003228,S039,Q0001,Math_Basics,5,2026-09-02 05:01:57,d,0,67.0,,c,11,Board_Exam,15,16.312873751099538,0.3228000315846403,slow,5
A003230,S039,Q0008,Math_Basics,5,2026-09-02 17:20:57,b,0,67.0,,a,11,Board_Exam,15,15.799679306655092,0.3344893238997319,slow,6
A003235,S039,Q0003,Math_Basics,1,2026-09-04 00:44:57,b,1,30.0,,b,11,Board_Exam,15,14.491345973321758,0.3662410483214601,slow,7
A003267,S039,Q0003,Math_Basics,1,2026-09-12 08:01:57,b,1,33.0,,b,11,Board_Exam,15,6.187873751099538,0.6512180644540603,slow,8
A003282,S039,Q0004,Math_Basics,2,2026-09-17 07:32:57,c,0,44.0,,b,11,Board_Exam,15,1.208012639988426,0.9196767259290772,slow,9
A003198,S039,Q0129,NLP,1,2026-08-30 09:52:57,b,1,36.0,LSTM,b,11,Board_Exam,15,19.110790417766204,0.26589360015610913,slow,1
A003225,S039,Q0131,NLP,1,2026-09-02 12:49:57,b,0,44.0,LSTM,a,11,Board_Exam,15,15.987873751099537,0.3301543649318543,slow,2
A003255,S039,Q0126,NLP,2,2026-09-09 10:34:57,c,0,30.0,LSTM,b,11,Board_Exam,15,9.081623751099537,0.5328633909642885,normal,3
A003256,S039,Q0128,NLP,1,2026-09-09 16:45:57,b,1,26.0,LSTM,b,11,Board_Exam,15,8.823984862210649,0.5424648312518122,normal,4
A003260,S039,Q0128,NLP,1,2026-09-10 22:43:57,b,1,40.0,LSTM,b,11,Board_Exam,15,7.575373751099537,0.5915051459762359,slow,5
A003264,S039,Q0132,NLP,3,2026-09-11 09:18:57,c,0,59.0,LSTM,a,11,Board_Exam,15,7.134401528877316,0.6098641628454762,slow,6
A003204,S039,Q0077,Neural_Networks,2,2026-08-30 09:21:57,b,0,34.0,ML,a,11,Board_Exam,15,19.13231819554398,0.26549713177078843,normal,1
A003199,S039,Q0079,Neural_Networks,5,2026-08-30 17:21:57,b,1,67.0,ML,b,11,Board_Exam,15,18.79898486221065,0.27170283305425236,slow,2
A003240,S039,Q0084,Neural_Networks,1,2026-09-05 07:09:57,b,1,30.0,ML,b,11,Board_Exam,15,13.223984862210648,0.3998696010887793,slow,3
A003246,S039,Q0073,Neural_Networks,5,2026-09-07 22:55:57,a,1,57.0,ML,a,11,Board_Exam,15,10.567040417766204,0.48072907209533255,normal,4
A003250,S039,Q0081,Neural_Networks,5,2026-09-08 09:49:57,b,1,67.0,ML,b,11,Board_Exam,15,10.112873751099537,0.4961033570614202,slow,5
A003272,S039,Q0082,Neural_Networks,2,2026-09-13 08:24:57,c,0,35.0,ML,b,11,Board_Exam,15,5.1719015288773145,0.698731384307928,normal,6
A003187,S039,Q0019,Python,5,2026-08-28 11:44:57,c,0,71.0,,b,11,Board_Exam,15,21.033012639988424,0.23272510215945919,slow,1
A003200,S039,Q0013,Python,2,2026-08-31 02:57:57,b,1,33.0,,b,11,Board_Exam,15,18.398984862210646,0.27934143940470185,normal,2
A003253,S039,Q0018,Python,1,2026-09-09 01:01:57,d,0,11.0,,b,11,Board_Exam,15,9.479540417766204,0.5183670632510567,fast,3
A003266,S039,Q0021,Python,5,2026-09-13 03:05:57,d,0,65.0,,b,11,Board_Exam,15,5.393429306655093,0.6880842227552229,slow,4
A003270,S039,Q0016,Python,3,2026-09-13 15:31:57,a,1,48.0,,a,11,Board_Exam,15,4.875373751099537,0.7132415351375112,slow,5
A003281,S039,Q0015,Python,2,2026-09-17 02:00:57,c,0,37.0,,b,11,Board_Exam,15,1.4385681955439815,0.9050962848170089,slow,6
A003283,S039,Q0023,Python,4,2026-09-18 00:29:57,c,0,55.0,,b,11,Board_Exam,15,0.5017626399884259,0.9658183210336037,slow,7
A003195,S039,Q0097,RNN,2,2026-08-29 21:03:57,c,0,44.0,Neural_Networks,b,11,Board_Exam,15,19.64481819554398,0.2562312211619259,slow,1
A003203,S039,Q0103,RNN,3,2026-08-30 10:23:57,d,0,38.0,Neural_Networks,b,11,Board_Exam,15,19.089262639988426,0.26629066058993717,normal,2
A003209,S039,Q0097,RNN,2,2026-08-31 16:43:57,b,1,40.0,Neural_Networks,b,11,Board_Exam,15,17.825373751099537,0.29067172080548015,slow,3
A003212,S039,Q0098,RNN,4,2026-08-31 21:28:57,d,0,52.0,Neural_Networks,a,11,Board_Exam,15,17.62745708443287,0.2946867893038244,normal,4
A003216,S039,Q0098,RNN,4,2026-09-01 20:51:57,d,0,61.0,Neural_Networks,a,11,Board_Exam,15,16.653151528877313,0.3152754735977319,slow,5
A003224,S039,Q0097,RNN,2,2026-09-03 01:28:57,a,0,28.0,Neural_Networks,b,11,Board_Exam,15,15.460790417766203,0.3424394830452838,fast,6
A003269,S039,Q0102,RNN,2,2026-09-13 09:34:57,a,1,26.0,Neural_Networks,a,11,Board_Exam,15,5.123290417766204,0.7010897064852427,fast,7
A003274,S039,Q0106,RNN,5,2026-09-14 03:46:57,a,0,69.0,Neural_Networks,b,11,Board_Exam,15,4.36495708443287,0.7389272774059988,slow,8
A003279,S039,Q0100,RNN,3,2026-09-16 14:37:57,b,1,36.0,Neural_Networks,b,11,Board_Exam,15,1.9128737510995373,0.8758238394959365,normal,9
A003205,S039,Q0044,Statistics,3,2026-08-31 03:23:57,d,0,54.0,Math_Basics,c,11,Board_Exam,15,18.38092930665509,0.2796912584700728,slow,1
A003214,S039,Q0047,Statistics,5,2026-09-01 04:39:57,c,0,64.0,Math_Basics,b,11,Board_Exam,15,17.328151528877314,0.30086430264670827,slow,2
A003217,S039,Q0045,Statistics,1,2026-09-01 10:02:57,d,0,30.0,Math_Basics,b,11,Board_Exam,15,17.103845973321757,0.3055785966404,slow,3
A003248,S039,Q0038,Statistics,2,2026-09-07 11:11:57,c,0,49.0,Math_Basics,b,11,Board_Exam,15,11.055929306655093,0.46471144112612534,slow,4
A003247,S039,Q0040,Statistics,3,2026-09-07 18:23:57,c,0,59.0,Math_Basics,b,11,Board_Exam,15,10.755929306655093,0.47447601634463843,slow,5
A003251,S039,Q0046,Statistics,3,2026-09-08 05:30:57,a,0,44.0,Math_Basics,c,11,Board_Exam,15,10.292734862210649,0.4899568196130413,normal,6
A003254,S039,Q0037,Statistics,4,2026-09-08 08:38:57,d,0,63.0,Math_Basics,c,11,Board_Exam,15,10.162179306655093,0.494410767834521,slow,7
A003257,S039,Q0041,Statistics,4,2026-09-09 19:50:57,d,0,62.0,Math_Basics,b,11,Board_Exam,15,8.695512639988426,0.547317061708094,slow,8
A003277,S039,Q0042,Statistics,5,2026-09-15 02:34:57,c,0,76.0,Math_Basics,b,11,Board_Exam,15,3.4149570844328703,0.7892226640603262,slow,9
A003292,S040,Q0059,AI_Basics,4,2026-08-30 16:53:57,a,1,42.0,Python;Math_Basics,a,11,Board_Exam,90,18.81842930665509,0.2713368823966104,fast,1
A003311,S040,Q0054,AI_Basics,4,2026-09-02 06:04:57,b,1,37.0,Python;Math_Basics,b,11,Board_Exam,90,16.269123751099535,0.32378041454979606,fast,2
A003309,S040,Q0056,AI_Basics,1,2026-09-02 22:02:57,b,1,25.0,Python;Math_Basics,b,11,Board_Exam,90,15.603845973321759,0.3390606821495215,normal,3
A003345,S040,Q0051,AI_Basics,3,2026-09-10 05:23:57,b,1,45.0,Python;Math_Basics,b,11,Board_Exam,90,8.29759597332176,0.5626229868951673,normal,4
A003347,S040,Q0050,AI_Basics,3,2026-09-11 02:04:57,d,0,28.0,Python;Math_Basics,b,11,Board_Exam,90,7.435790417766204,0.5972558390104905,fast,5
A003350,S040,Q0055,AI_Basics,3,2026-09-12 08:12:57,a,1,37.0,Python;Math_Basics,a,11,Board_Exam,90,6.180234862210648,0.6515629675359786,normal,6
A003353,S040,Q0056,AI_Basics,1,2026-09-12 11:08:57,b,1,14.0,Python;Math_Basics,b,11,Board_Exam,90,6.0580126399884255,0.6571063259044633,fast,7
A003360,S040,Q0058,AI_Basics,5,2026-09-14 23:14:57,d,0,50.0,Python;Math_Basics,b,11,Board_Exam,90,3.553845973321759,0.7816612381001257,fast,8
A003368,S040,Q0056,AI_Basics,1,2026-09-17 08:01:57,b,1,23.0,Python;Math_Basics,b,11,Board_Exam,90,1.187873751099537,0.9209614188132884,normal,9
A003287,S040,Q0086,CNN,2,2026-08-29 11:33:57,b,1,13.0,Neural_Networks,b,11,Board_Exam,90,20.040651528877316,0.2492965542166792,fast,1
A003294,S040,Q0096,CNN,3,2026-08-31 02:03:57,b,1,39.0,Neural_Networks,b,11,Board_Exam,90,18.436484862210648,0.27861628951297557,normal,2
A003296,S040,Q0090,CNN,1,2026-08-31 11:05:57,a,1,15.0,Neural_Networks,a,11,Board_Exam,90,18.060095973321758,0.2859808408460484,fast,3
A003326,S040,Q0091,CNN,2,2026-09-06 04:51:57,b,1,13.0,Neural_Networks,b,11,Board_Exam,90,12.31981819554398,0.42573221880084783,fast,4
A003331,S040,Q0091,CNN,2,2026-09-06 11:54:57,b,1,24.0,Neural_Networks,b,11,Board_Exam,90,12.026068195543981,0.43448948869462756,fast,5
A003329,S040,Q0086,CNN,2,2026-09-07 00:41:57,b,1,13.0,Neural_Networks,b,11,Board_Exam,90,11.493429306655093,0.4508305133987263,fast,6
A003348,S040,Q0087,CNN,1,2026-09-11 22:14:57,b,1,22.0,Neural_Networks,b,11,Board_Exam,90,6.595512639988426,0.6330751781275135,normal,7
A003359,S040,Q0086,CNN,2,2026-09-15 02:03:57,b,1,19.0,Neural_Networks,b,11,Board_Exam,90,3.436484862210648,0.7880458706546375,fast,8
A003289,S040,Q0035,Data_Structures,4,2026-08-29 08:36:57,c,1,33.0,Python,c,11,Board_Exam,90,20.16356819554398,0.24718158649126193,fast,1
A003336,S040,Q0029,Data_Structures,1,2026-09-07 18:33:57,b,1,22.0,Python,b,11,Board_Exam,90,10.748984862210648,0.47470446139994665,normal,2
A003340,S040,Q0034,Data_Structures,3,2026-09-09 05:46:57,b,1,40.0,Python,b,11,Board_Exam,90,9.281623751099538,0.5255273031962123,normal,3
A003304,S040,Q0113,LSTM,5,2026-09-01 07:31:57,a,0,46.0,RNN,b,11,Board_Exam,90,17.20870708443287,0.3033655758838283,fast,1
A003351,S040,Q0116,LSTM,1,2026-09-12 11:19:57,b,1,15.0,RNN,b,11,Board_Exam,90,6.050373751099537,0.657454347572355,fast,2
A003366,S040,Q0115,LSTM,4,2026-09-16 06:16:57,a,1,41.0,RNN,a,11,Board_Exam,90,2.260790417766204,0.8549553356710068,fast,3
A003306,S040,Q0069,ML,5,2026-09-02 16:22:57,b,0,49.0,AI_Basics;Statistics,a,11,Board_Exam,90,15.83995708443287,0.333556784642808,fast,1
A003307,S040,Q0062,ML,2,2026-09-02 21:36:57,a,1,29.0,AI_Basics;Statistics,a,11,Board_Exam,90,15.621901528877315,0.338636607791308,normal,2
A003312,S040,Q0071,ML,3,2026-09-03 19:56:57,a,0,30.0,AI_Basics;Statistics,b,11,Board_Exam,90,14.691345973321758,0.3611988995825567,fast,3
A003321,S040,Q0063,ML,2,2026-09-05 10:19:57,b,1,16.0,AI_Basics;Statistics,b,11,Board_Exam,90,13.092040417766203,0.4035434596683547,fast,4
A003328,S040,Q0062,ML,2,2026-09-06 07:28:57,a,1,26.0,AI_Basics;Statistics,a,11,Board_Exam,90,12.210790417766203,0.42896176279165704,fast,5
A003330,S040,Q0063,ML,2,2026-09-06 14:10:57,b,1,26.0,AI_Basics;Statistics,b,11,Board_Exam,90,11.931623751099538,0.43734315677624763,fast,6
A003357,S040,Q0066,ML,2,2026-09-14 03:49:57,a,1,32.0,AI_Basics;Statistics,a,11,Board_Exam,90,4.362873751099537,0.7390339903939126,normal,7
A003286,S040,Q0007,Math_Basics,5,2026-08-29 15:44:57,b,0,53.0,,c,11,Board_Exam,90,19.86634597332176,0.2523268091549283,normal,1
A003297,S040,Q0004,Math_Basics,2,2026-08-31 06:19:57,b,1,24.0,,b,11,Board_Exam,90,18.25870708443287,0.2820708118754718,fast,2
A003310,S040,Q0007,Math_Basics,5,2026-09-02 12:34:57,c,1,46.0,,c,11,Board_Exam,90,15.998290417766203,0.3299160701708201,fast,3
A003320,S040,Q0003,Math_Basics,1,2026-09-05 06:32:57,b,1,13.0,,b,11,Board_Exam,90,13.249679306655091,0.3991580658720649,fast,4
A003352,S040,Q0009,Math_Basics,2,2026-09-12 12:49:57,a,1,25.0,,a,11,Board_Exam,90,5.987873751099537,0.6603087298637086,fast,5
A003355,S040,Q0006,Math_Basics,5,2026-09-13 21:56:57,c,0,50.0,,b,11,Board_Exam,90,4.608012639988425,0.7265826070432237,fast,6
A003364,S040,Q0002,Math_Basics,4,2026-09-16 10:40:57,c,1,36.0,,c,11,Board_Exam,90,2.0774570844328704,0.8658891749733454,fast,7
A003285,S040,Q0130,NLP,2,2026-08-28 21:58:57,a,1,24.0,LSTM,a,11,Board_Exam,90,20.606623751099537,0.23970594994281005,fast,1
A003291,S040,Q0124,NLP,2,2026-08-30 20:35:57,a,1,15.0,LSTM,a,11,Board_Exam,90,18.664262639988426,0.27425194093252453,fast,2
A003300,S040,Q0130,NLP,2,2026-08-31 03:47:57,a,1,14.0,LSTM,a,11,Board_Exam,90,18.364262639988425,0.2800145571908405,fast,3
A003308,S040,Q0126,NLP,2,2026-09-02 04:16:57,b,1,24.0,LSTM,b,11,Board_Exam,90,16.344123751099538,0.32210157602795814,fast,4
A003317,S040,Q0127,NLP,3,2026-09-03 16:40:57,b,1,20.0,LSTM,b,11,Board_Exam,90,14.82745708443287,0.3578071920715046,fast,5
A003319,S040,Q0131,NLP,1,2026-09-04 06:54:57,a,1,16.0,LSTM,a,11,Board_Exam,90,14.234401528877314,0.37282224470791697,fast,6
A003322,S040,Q0132,NLP,3,2026-09-05 07:58:57,a,1,23.0,LSTM,a,11,Board_Exam,90,13.18995708443287,0.40081385699106237,fast,7
A003324,S040,Q0123,NLP,3,2026-09-06 17:17:57,a,1,27.0,LSTM,a,11,Board_Exam,90,11.801762639988427,0.44129757848413137,fast,8
A003335,S040,Q0122,NLP,5,2026-09-07 04:03:57,b,1,42.0,LSTM,b,11,Board_Exam,90,11.353151528877316,0.4552354609599469,fast,9
A003361,S040,Q0128,NLP,1,2026-09-15 01:12:57,b,1,11.0,LSTM,b,11,Board_Exam,90,3.4719015288773147,0.7861136724339916,fast,10
A003358,S040,Q0131,NLP,1,2026-09-15 02:27:57,c,0,10.0,LSTM,a,11,Board_Exam,90,3.4198181955439813,0.7889567830059299,fast,11
A003369,S040,Q0132,NLP,3,2026-09-17 03:25:57,a,1,22.0,LSTM,a,11,Board_Exam,90,1.3795404177662036,0.9088070667753346,fast,12
A003290,S040,Q0076,Neural_Networks,2,2026-08-30 22:28:57,b,1,26.0,ML,b,11,Board_Exam,90,18.5857904177662,0.27574773836106514,fast,1
A003293,S040,Q0082,Neural_Networks,2,2026-08-30 22:37:57,b,1,29.0,ML,b,11,Board_Exam,90,18.579540417766204,0.2758672228451698,normal,2
A003303,S040,Q0080,Neural_Networks,2,2026-09-01 16:39:57,a,1,23.0,ML,a,11,Board_Exam,90,16.828151528877314,0.3114742593661336,fast,3
A003315,S040,Q0075,Neural_Networks,5,2026-09-03 17:39:57,c,0,42.0,ML,b,11,Board_Exam,90,14.786484862210648,0.35882480094595226,fast,4
A003313,S040,Q0074,Neural_Networks,3,2026-09-04 00:10:57,b,1,26.0,ML,b,11,Board_Exam,90,14.51495708443287,0.3656421493458064,fast,5
A003332,S040,Q0079,Neural_Networks,5,2026-09-07 01:29:57,b,1,42.0,ML,b,11,Board_Exam,90,11.46009597332176,0.45187335733960743,fast,6
A003339,S040,Q0076,Neural_Networks,2,2026-09-08 13:48:57,b,1,27.0,ML,b,11,Board_Exam,90,9.946901528877316,0.501843643466362,fast,7
A003346,S040,Q0073,Neural_Networks,5,2026-09-10 06:51:57,d,0,40.0,ML,a,11,Board_Exam,90,8.236484862210649,0.5650112559512096,fast,8
A003356,S040,Q0081,Neural_Networks,5,2026-09-13 18:59:57,b,1,38.0,ML,b,11,Board_Exam,90,4.730929306655092,0.7204184674361823,fast,9
A003284,S040,Q0015,Python,2,2026-08-28 22:21:57,b,1,28.0,,b,11,Board_Exam,90,20.590651528877313,0.23997147777338992,fast,1
A003298,S040,Q0021,Python,5,2026-09-01 01:39:57,a,0,52.0,,b,11,Board_Exam,90,17.453151528877314,0.298268772622168,normal,2
A003305,S040,Q0017,Python,2,2026-09-02 07:29:57,b,1,17.0,,b,11,Board_Exam,90,16.21009597332176,0.32510787389409496,fast,3
A003316,S040,Q0013,Python,2,2026-09-03 04:37:57,b,1,31.0,,b,11,Board_Exam,90,15.329540417766204,0.3455690598401418,normal,4
A003323,S040,Q0015,Python,2,2026-09-06 01:52:57,b,1,35.0,,b,11,Board_Exam,90,12.444123751099536,0.42207978059941953,normal,5
A003325,S040,Q0015,Python,2,2026-09-06 04:24:57,b,1,27.0,,b,11,Board_Exam,90,12.338568195543981,0.42517927490733215,fast,6
A003333,S040,Q0019,Python,5,2026-09-06 06:17:57,b,1,51.0,,b,11,Board_Exam,90,12.260095973321759,0.42749824506270334,normal,7
A003327,S040,Q0021,Python,5,2026-09-06 09:30:57,d,0,62.0,,b,11,Board_Exam,90,12.126068195543981,0.4314882505689095,normal,8
A003334,S040,Q0021,Python,5,2026-09-07 13:40:57,d,0,51.0,,b,11,Board_Exam,90,10.95245708443287,0.4680564012530899,normal,9
A003288,S040,Q0105,RNN,4,2026-08-29 15:21:57,b,1,42.0,Neural_Networks,b,11,Board_Exam,90,19.88231819554398,0.2520476101815598,fast,1
A003295,S040,Q0099,RNN,2,2026-08-30 07:12:57,a,1,17.0,Neural_Networks,a,11,Board_Exam,90,19.221901528877314,0.26385365016737206,fast,2
A003299,S040,Q0101,RNN,1,2026-08-31 08:58:57,b,1,18.0,Neural_Networks,b,11,Board_Exam,90,18.1482904177662,0.28423792328295044,fast,3
A003314,S040,Q0100,RNN,3,2026-09-03 08:35:57,b,1,32.0,Neural_Networks,b,11,Board_Exam,90,15.164262639988426,0.3495507258784837,fast,4
A003318,S040,Q0097,RNN,2,2026-09-04 21:43:57,b,1,16.0,Neural_Networks,b,11,Board_Exam,90,13.617040417766203,0.3891224056756249,fast,5
A003342,S040,Q0106,RNN,5,2026-09-09 15:21:57,b,1,34.0,Neural_Networks,b,11,Board_Exam,90,8.882318195543982,0.5402758797765763,fast,6
A003343,S040,Q0106,RNN,5,2026-09-10 20:55:57,b,1,50.0,Neural_Networks,b,11,Board_Exam,90,7.650373751099537,0.5884381240678509,fast,7
A003362,S040,Q0103,RNN,3,2026-09-15 19:08:57,b,1,29.0,Neural_Networks,b,11,Board_Exam,90,2.724679306655093,0.8279020920261141,fast,8
A003363,S040,Q0100,RNN,3,2026-09-15 23:03:57,b,1,25.0,Neural_Networks,b,11,Board_Exam,90,2.5614848622106483,0.8373203037186172,fast,9
A003367,S040,Q0108,RNN,5,2026-09-16 14:13:57,b,1,53.0,Neural_Networks,b,11,Board_Exam,90,1.9295404177662039,0.8748126323295394,normal,10
A003301,S040,Q0047,Statistics,5,2026-09-01 16:57:57,c,0,29.0,Math_Basics,b,11,Board_Exam,90,16.815651528877314,0.3117442481938609,fast,1
A003302,S040,Q0039,Statistics,3,2026-09-01 21:29:57,b,1,39.0,Math_Basics,b,11,Board_Exam,90,16.626762639988424,0.31585268380865184,normal,2
A003338,S040,Q0047,Statistics,5,2026-09-08 23:44:57,b,1,46.0,Math_Basics,b,11,Board_Exam,90,9.533012639988426,0.5164493374800128,fast,3
A003337,S040,Q0042,Statistics,5,2026-09-09 01:11:57,b,1,36.0,Math_Basics,b,11,Board_Exam,90,9.47259597332176,0.5186166404443291,fast,4
A003341,S040,Q0044,Statistics,3,2026-09-09 22:45:57,c,1,40.0,Math_Basics,c,11,Board_Exam,90,8.573984862210649,0.5519469494786297,normal,5
A003344,S040,Q0042,Statistics,5,2026-09-10 04:32:57,b,1,41.0,Math_Basics,b,11,Board_Exam,90,8.333012639988427,0.5612434997680155,fast,6
A003354,S040,Q0042,Statistics,5,2026-09-13 12:49:57,b,1,36.0,Math_Basics,b,11,Board_Exam,90,4.987873751099537,0.7077013737489689,fast,7
